id_credito,anio_originacion,plazo_meses,edad,ingreso_mensual,score_buro,deuda_ingreso,num_productos,pd_modelo,default_obs
1,2023,12,42,4575.0,461,0.5187,2,0.002373,0
2,2022,24,36,4835.0,535,0.4869,3,0.010357,0
3,2023,24,44,5075.0,573,0.6805,1,0.056869,0
4,2021,36,53,7891.0,631,0.5959,2,0.088659,0
5,2021,60,35,3383.0,701,0.6835,1,0.567717,0
6,2023,24,35,3219.0,675,0.1159,2,0.131546,0
7,2021,48,53,9121.0,525,0.3276,2,0.011287,0
8,2021,24,45,3900.0,590,0.2229,3,0.020792,0
9,2023,24,33,2614.0,626,0.1504,1,0.126327,0
10,2023,12,43,3856.0,599,0.135,3,0.01255,0
11,2022,12,33,4167.0,598,0.3116,1,0.055276,0
12,2021,24,33,10694.0,482,0.244,1,0.004462,0
13,2022,36,40,7804.0,527,0.3233,2,0.008523,0
14,2021,24,22,8723.0,587,0.3704,1,0.037768,0
15,2021,48,22,7406.0,372,0.1439,2,0.001,0
16,2023,60,32,7888.0,671,0.1229,3,0.0425,0
17,2022,48,27,3484.0,510,0.3879,3,0.011096,0
18,2023,24,41,4450.0,674,0.2654,3,0.082688,0
19,2021,36,28,2996.0,667,0.4921,4,0.140506,0
20,2021,12,23,4424.0,576,0.1396,2,0.015236,0
21,2021,48,52,6919.0,700,0.3832,3,0.169103,0
22,2022,36,35,5257.0,679,0.2834,3,0.135438,0
23,2023,36,38,9469.0,595,0.2135,2,0.018889,0
24,2022,36,23,2777.0,586,0.2129,4,0.011807,0
25,2023,36,32,6311.0,707,0.4108,2,0.230003,0
26,2022,24,39,2633.0,638,0.1621,1,0.075091,0
27,2023,24,26,5152.0,703,0.5953,1,0.583843,1
28,2023,24,41,7116.0,428,0.1923,1,0.001,0
29,2021,48,31,4415.0,627,0.3921,3,0.10399,0
30,2021,36,35,6474.0,493,0.4977,2,0.00532,0
31,2023,36,31,3042.0,617,0.2719,4,0.041671,0
32,2023,36,56,2139.0,677,0.1281,3,0.078441,0
33,2021,24,37,6493.0,759,0.0799,2,0.263359,1
34,2022,24,27,11755.0,544,0.1499,1,0.008202,0
35,2022,48,46,2987.0,577,0.2761,4,0.00681,0
36,2022,48,25,9055.0,612,0.152,2,0.024424,0
37,2022,12,40,5023.0,542,0.6481,4,0.009624,0
38,2022,36,22,2520.0,698,0.165,1,0.277248,1
39,2022,12,24,2791.0,614,0.6534,3,0.118639,0
40,2023,24,39,4954.0,629,0.2634,1,0.055543,0
41,2022,24,45,4015.0,669,0.5447,2,0.420975,0
42,2022,48,39,2549.0,614,0.1542,4,0.026147,0
43,2021,36,36,2107.0,554,0.2054,2,0.020321,0
44,2021,48,34,3218.0,614,0.3858,3,0.052058,0
45,2023,36,23,5415.0,551,0.1591,1,0.0135,0
46,2022,60,30,4899.0,628,0.2484,2,0.087812,0
47,2022,24,33,3825.0,699,0.2182,2,0.304196,0
48,2023,24,48,5437.0,526,0.127,1,0.004982,0
49,2021,60,41,8267.0,497,0.3409,1,0.004282,0
50,2022,60,22,5985.0,623,0.2168,3,0.041168,0
51,2022,36,41,4626.0,558,0.1339,4,0.008808,0
52,2022,24,34,7817.0,622,0.3602,2,0.039667,0
53,2021,24,31,3041.0,645,0.0893,1,0.06115,0
54,2021,24,44,4392.0,448,0.0525,2,0.001,0
55,2022,36,48,4445.0,675,0.479,4,0.155186,0
56,2021,36,47,2648.0,526,0.1586,3,0.006378,0
57,2022,12,29,3984.0,618,0.5391,2,0.065949,0
58,2022,36,34,1742.0,567,0.3478,4,0.025515,0
59,2023,24,41,12786.0,575,0.4287,4,0.006133,0
60,2023,36,47,3076.0,755,0.161,3,0.26733,1
61,2021,36,33,10862.0,645,0.3446,4,0.024198,0
62,2021,36,36,5009.0,692,0.1636,3,0.164772,0
63,2022,12,26,6519.0,632,0.4314,4,0.071409,0
64,2021,24,26,3849.0,669,0.1355,3,0.106276,0
65,2022,12,46,5453.0,653,0.264,1,0.124437,0
66,2023,48,51,6804.0,640,0.0884,1,0.050594,0
67,2023,24,37,6852.0,708,0.3098,1,0.285701,0
68,2022,36,48,7240.0,632,0.1256,1,0.059785,0
69,2022,24,41,4088.0,802,0.1702,2,0.84645,0
70,2022,36,31,3865.0,696,0.2074,2,0.214503,1
71,2023,60,41,2215.0,528,0.0852,1,0.006989,0
72,2021,24,53,6384.0,605,0.3078,1,0.056296,0
73,2021,12,37,8444.0,651,0.5749,2,0.077737,0
74,2022,36,53,11026.0,623,0.2115,1,0.043884,0
75,2022,24,22,5725.0,674,0.5121,3,0.30147,1
76,2023,36,46,3350.0,683,0.2918,1,0.194691,1
77,2023,36,38,2104.0,511,0.3164,4,0.004543,0
78,2021,12,35,8274.0,722,0.2034,1,0.32076,0
79,2021,36,38,2002.0,580,0.3047,1,0.042559,0
80,2022,60,22,4145.0,572,0.3841,2,0.035496,0
81,2023,36,35,4393.0,572,0.4976,3,0.028724,0
82,2023,24,41,4747.0,684,0.4954,4,0.147444,0
83,2021,60,52,5004.0,598,0.6633,3,0.062826,0
84,2023,36,32,5266.0,566,0.4901,1,0.054103,0
85,2023,24,29,1469.0,586,0.108,1,0.033873,0
86,2021,36,32,4951.0,476,0.5437,1,0.00633,0
87,2021,12,47,1612.0,552,0.3594,1,0.037328,0
88,2022,36,41,7088.0,520,0.3047,3,0.005166,0
89,2023,36,32,3724.0,598,0.137,2,0.018036,0
90,2021,24,43,1672.0,673,0.1198,2,0.15239,0
91,2022,60,38,3271.0,664,0.3566,1,0.168239,0
92,2022,36,47,3696.0,720,0.5847,4,0.288526,1
93,2021,24,30,8914.0,702,0.4583,1,0.283364,0
94,2022,36,34,5423.0,577,0.4187,3,0.0216,0
95,2022,24,34,5838.0,621,0.1597,3,0.039418,0
96,2021,12,23,8872.0,617,0.4402,1,0.126148,0
97,2023,36,40,4684.0,447,0.4424,1,0.004242,0
98,2021,48,40,7166.0,522,0.347,2,0.011359,0
99,2022,24,38,6918.0,606,0.1428,1,0.031434,0
100,2023,48,35,2583.0,606,0.0711,4,0.035028,0
101,2021,36,23,10265.0,660,0.1832,4,0.040071,0
102,2022,60,33,2416.0,657,0.1413,3,0.096863,0
103,2022,24,34,7775.0,478,0.3532,1,0.003897,0
104,2023,36,29,2302.0,661,0.1408,3,0.141464,1
105,2023,36,36,6638.0,634,0.0633,2,0.019694,0
106,2023,12,42,12468.0,669,0.1228,2,0.035327,0
107,2022,24,56,4418.0,705,0.4057,1,0.408206,0
108,2021,36,39,4324.0,608,0.236,2,0.024337,0
109,2021,36,40,6669.0,719,0.3815,1,0.314344,0
110,2023,36,37,4168.0,548,0.515,2,0.022706,0
111,2022,12,22,12199.0,544,0.3657,2,0.009025,0
112,2021,24,37,5410.0,654,0.2153,2,0.140158,0
113,2022,24,38,4188.0,590,0.3147,2,0.036177,0
114,2023,24,62,3751.0,640,0.0228,1,0.038441,0
115,2022,36,36,3083.0,779,0.3863,2,0.74094,0
116,2021,24,41,3591.0,651,0.2789,4,0.055019,0
117,2021,48,37,4124.0,636,0.2927,2,0.069941,0
118,2022,24,26,3851.0,550,0.1678,1,0.018925,0
119,2021,36,49,3537.0,484,0.2629,1,0.006124,0
120,2023,24,45,14037.0,614,0.3305,2,0.025916,0
121,2021,60,45,2936.0,705,0.2687,1,0.336903,1
122,2022,24,28,5289.0,594,0.3189,1,0.077278,0
123,2021,48,52,6609.0,652,0.2767,2,0.078624,0
124,2021,24,23,6735.0,734,0.6813,2,0.721182,1
125,2022,48,43,4773.0,732,0.1672,2,0.186254,0
126,2022,12,59,4357.0,654,0.3471,1,0.193245,0
127,2023,24,28,6160.0,633,0.4337,3,0.063238,0
128,2023,24,32,5615.0,498,0.1724,3,0.002601,0
129,2022,12,38,4318.0,569,0.2588,1,0.036441,0
130,2021,24,32,2251.0,597,0.3823,1,0.060982,0
131,2022,36,22,3890.0,551,0.1055,2,0.01017,0
132,2021,48,38,2770.0,639,0.3839,4,0.123976,0
133,2022,36,27,3521.0,772,0.0983,2,0.605193,1
134,2022,36,42,4997.0,741,0.6764,2,0.638886,1
135,2021,12,28,5880.0,639,0.1564,2,0.043341,0
136,2023,24,53,11971.0,682,0.1617,1,0.069662,0
137,2021,24,30,3757.0,561,0.2114,1,0.009404,0
138,2021,24,34,7240.0,737,0.5171,4,0.34605,1
139,2021,36,46,5727.0,495,0.4439,2,0.006106,0
140,2023,12,25,9396.0,693,0.2528,1,0.193042,1
141,2023,24,40,6556.0,659,0.1181,1,0.161497,0
142,2021,48,51,2968.0,559,0.235,1,0.01305,0
143,2022,24,22,2077.0,603,0.5401,2,0.163141,1
144,2022,48,39,5742.0,529,0.1667,1,0.005359,0
145,2022,24,40,3774.0,532,0.2392,3,0.01116,0
146,2022,36,45,3010.0,492,0.1646,1,0.007403,0
147,2022,60,25,2608.0,681,0.295,1,0.21386,0
148,2021,24,24,5327.0,716,0.0688,1,0.299882,0
149,2023,48,43,10445.0,447,0.6095,2,0.002776,0
150,2021,24,40,4006.0,767,0.5271,4,0.477038,0
151,2022,36,40,6602.0,619,0.235,3,0.042237,0
152,2021,36,41,4670.0,643,0.0496,1,0.073634,0
153,2022,36,31,2579.0,502,0.2225,3,0.004796,0
154,2022,24,40,7097.0,725,0.0856,2,0.170273,0
155,2022,48,40,2843.0,636,0.1733,3,0.07429,0
156,2021,36,30,4968.0,711,0.069,2,0.158916,0
157,2022,36,56,4143.0,717,0.1476,2,0.19107,0
158,2021,48,42,7681.0,726,0.1587,1,0.218214,0
159,2022,24,26,2896.0,568,0.0855,1,0.022448,0
160,2021,36,44,5976.0,603,0.1092,2,0.021969,0
161,2022,24,28,3230.0,571,0.2187,2,0.019414,0
162,2022,48,45,3806.0,691,0.3648,1,0.230535,0
163,2023,24,49,798.0,646,0.39,3,0.053359,0
164,2022,24,29,13989.0,705,0.4079,3,0.208395,0
165,2023,36,47,6472.0,709,0.5806,1,0.487307,1
166,2023,24,42,3349.0,481,0.2089,1,0.010078,0
167,2022,36,46,2801.0,728,0.5976,1,0.674828,0
168,2023,48,56,3836.0,696,0.4268,4,0.14003,0
169,2022,36,35,7034.0,590,0.1565,1,0.01803,0
170,2023,12,30,1908.0,647,0.2522,2,0.096753,0
171,2021,12,29,4579.0,610,0.0946,3,0.025462,0
172,2023,48,29,11912.0,669,0.1007,1,0.057679,0
173,2021,48,37,2788.0,590,0.252,2,0.040322,0
174,2022,48,41,5116.0,658,0.2446,1,0.138305,0
175,2022,60,40,14789.0,625,0.3331,1,0.034655,0
176,2023,36,46,6742.0,585,0.0205,1,0.009703,0
177,2021,12,38,5234.0,635,0.1259,1,0.089843,0
178,2023,48,52,6332.0,836,0.3551,1,0.785109,1
179,2021,24,35,4022.0,565,0.2165,2,0.014005,0
180,2021,24,65,9413.0,600,0.0358,2,0.008671,0
181,2022,48,44,4025.0,566,0.6036,4,0.016856,0
182,2023,24,29,1845.0,574,0.5108,3,0.046241,0
183,2021,36,27,4041.0,685,0.2201,2,0.192685,0
184,2023,60,42,3031.0,677,0.1717,2,0.130095,0
185,2022,24,35,4270.0,619,0.454,2,0.117165,0
186,2021,24,45,4318.0,702,0.4073,1,0.458986,1
187,2023,36,42,8944.0,683,0.3963,3,0.084611,0
188,2023,48,37,6958.0,607,0.4283,2,0.053552,0
189,2022,24,29,5606.0,497,0.3139,2,0.00557,0
190,2022,36,22,4908.0,686,0.2134,1,0.2684,0
191,2022,12,33,2895.0,633,0.2372,3,0.05236,0
192,2021,36,46,1651.0,621,0.164,1,0.068366,0
193,2021,12,40,5201.0,582,0.2654,1,0.017809,0
194,2021,24,25,7312.0,679,0.2373,1,0.273374,0
195,2023,36,39,4656.0,647,0.0441,4,0.024045,0
196,2022,12,41,3761.0,601,0.1417,1,0.03352,0
197,2022,36,29,6200.0,521,0.4056,3,0.004639,0
198,2023,48,39,4714.0,705,0.2974,1,0.453744,0
199,2021,60,38,11417.0,668,0.1179,3,0.085456,0
200,2023,60,26,9103.0,640,0.1966,1,0.065331,1
201,2021,24,41,7941.0,407,0.4695,2,0.001,0
202,2022,48,43,7179.0,616,0.0808,1,0.031365,0
203,2022,12,48,2578.0,600,0.4631,1,0.087786,0
204,2023,60,48,6847.0,570,0.2496,1,0.015314,0
205,2022,36,24,5932.0,680,0.1151,1,0.164888,0
206,2023,24,28,6656.0,677,0.1705,1,0.156012,1
207,2021,48,43,6287.0,654,0.438,2,0.137064,0
208,2022,36,43,6163.0,703,0.7264,3,0.265785,0
209,2023,36,43,18967.0,538,0.1761,2,0.00251,0
210,2021,48,70,4731.0,583,0.5107,2,0.031702,0
211,2021,12,43,7849.0,625,0.5386,2,0.072985,0
212,2023,24,49,3884.0,570,0.3112,2,0.036003,0
213,2023,24,47,7298.0,678,0.2469,1,0.14037,0
214,2021,24,44,7861.0,578,0.1369,4,0.007079,0
215,2021,24,34,5897.0,723,0.2268,2,0.412114,0
216,2021,36,45,11323.0,545,0.1633,3,0.004426,0
217,2022,36,30,3159.0,790,0.3288,2,0.655293,1
218,2021,36,35,3852.0,782,0.2355,3,0.522455,0
219,2021,60,33,5465.0,612,0.3713,2,0.108416,1
220,2022,36,38,7634.0,711,0.3891,3,0.374198,1
221,2021,36,61,5376.0,587,0.2865,1,0.027603,0
222,2023,24,22,9348.0,701,0.2099,1,0.266571,0
223,2021,48,44,3530.0,605,0.3966,2,0.077411,0
224,2022,24,22,2779.0,517,0.4512,1,0.0335,0
225,2022,24,33,5733.0,337,0.8258,3,0.001,0
226,2021,36,48,4729.0,598,0.6075,1,0.101928,0
227,2022,60,38,6447.0,642,0.422,1,0.20194,0
228,2022,36,27,4848.0,726,0.5344,2,0.375798,0
229,2022,12,30,4146.0,622,0.7541,3,0.120949,0
230,2023,36,44,4734.0,700,0.572,1,0.413687,0
231,2022,24,30,4986.0,583,0.2059,3,0.013299,0
232,2021,24,40,4220.0,593,0.2884,4,0.038138,0
233,2022,24,38,4440.0,704,0.2826,3,0.133538,0
234,2022,60,31,4017.0,422,0.1175,2,0.001265,0
235,2023,24,59,7543.0,621,0.0877,2,0.015102,0
236,2022,12,44,5415.0,588,0.3392,1,0.051677,0
237,2022,36,22,15190.0,728,0.2951,2,0.169382,0
238,2023,36,39,5326.0,577,0.0808,2,0.019857,0
239,2023,24,31,3732.0,661,0.126,2,0.07807,0
240,2021,48,46,18682.0,693,0.0913,1,0.072565,0
241,2022,24,30,6044.0,500,0.4772,1,0.013755,0
242,2022,36,36,8063.0,608,0.3581,1,0.075099,0
243,2023,24,43,6608.0,585,0.3503,2,0.027354,0
244,2021,36,46,6711.0,695,0.396,1,0.26419,1
245,2022,48,25,6424.0,674,0.2577,1,0.209546,1
246,2022,36,34,2833.0,601,0.1095,1,0.034501,0
247,2021,36,33,5906.0,536,0.4561,2,0.022541,1
248,2022,36,31,2534.0,703,0.2523,1,0.419028,1
249,2022,60,55,4504.0,614,0.6405,2,0.099715,0
250,2022,36,42,3419.0,490,0.3679,1,0.008562,0
251,2022,48,25,5877.0,497,0.118,1,0.005064,0
252,2022,36,47,5808.0,655,0.5198,2,0.227894,0
253,2023,24,59,6251.0,517,0.2614,1,0.005403,0
254,2021,36,48,5674.0,768,0.2723,1,0.59462,0
255,2021,48,22,3629.0,545,0.3588,4,0.011534,0
256,2021,36,33,4313.0,619,0.1738,2,0.028913,0
257,2022,24,50,7787.0,632,0.0398,1,0.035616,0
258,2022,60,30,8383.0,561,0.3357,1,0.020712,0
259,2022,36,42,2770.0,440,0.2327,2,0.00159,0
260,2022,36,45,2286.0,635,0.1187,1,0.044065,0
261,2021,48,28,3417.0,559,0.2902,2,0.027131,0
262,2023,60,37,8288.0,629,0.5799,3,0.085645,0
263,2023,12,22,9022.0,610,0.2906,1,0.051313,0
264,2022,24,27,3095.0,641,0.3282,2,0.144393,0
265,2022,24,35,5731.0,744,0.2716,2,0.35394,1
266,2022,12,25,12298.0,576,0.454,1,0.037663,0
267,2021,12,54,6049.0,582,0.5293,1,0.0613,0
268,2021,36,23,10004.0,486,0.2108,1,0.003273,0
269,2023,36,33,8098.0,604,0.2592,4,0.015256,0
270,2021,24,39,3118.0,652,0.1596,1,0.088737,0
271,2022,60,52,4469.0,581,0.1019,3,0.008329,0
272,2021,24,23,5001.0,653,0.1344,2,0.092201,0
273,2021,48,49,5177.0,605,0.34,2,0.052461,0
274,2023,24,38,7771.0,515,0.1469,2,0.003985,0
275,2022,36,28,6029.0,644,0.2903,4,0.034935,0
276,2022,60,42,1132.0,603,0.1153,2,0.037998,0
277,2023,36,39,2549.0,629,0.3541,3,0.067293,1
278,2021,48,31,1646.0,574,0.2514,3,0.021874,0
279,2023,36,38,5365.0,567,0.1849,2,0.018773,0
280,2021,36,34,5543.0,632,0.1836,2,0.038699,0
281,2022,48,39,5662.0,601,0.1849,3,0.021315,0
282,2021,24,44,3043.0,757,0.3502,1,0.540899,1
283,2023,12,53,6885.0,683,0.2577,2,0.153048,0
284,2021,36,25,7031.0,663,0.2287,2,0.087988,0
285,2022,48,59,2624.0,605,0.6032,1,0.089016,0
286,2022,36,22,2361.0,457,0.1594,3,0.002875,0
287,2023,36,36,4914.0,555,0.1224,1,0.013968,0
288,2022,24,43,12039.0,568,0.2373,3,0.008756,0
289,2021,48,40,11497.0,598,0.1281,4,0.007375,0
290,2022,24,31,6514.0,617,0.3022,2,0.046157,0
291,2022,36,35,3412.0,672,0.182,3,0.127314,0
292,2022,36,33,7657.0,641,0.5148,1,0.15174,0
293,2021,36,32,3920.0,712,0.2906,1,0.340531,1
294,2022,60,46,3348.0,595,0.2028,2,0.038956,0
295,2021,48,41,1682.0,640,0.4052,2,0.181923,0
296,2021,48,31,5173.0,647,0.0361,2,0.075121,1
297,2023,24,46,3587.0,639,0.1712,1,0.091595,0
298,2022,36,41,5158.0,722,0.3731,4,0.20109,0
299,2023,24,46,1557.0,684,0.1808,1,0.263125,0
300,2022,60,44,5350.0,514,0.2839,1,0.007994,0
301,2023,48,29,1457.0,610,0.233,2,0.063936,1
302,2021,36,32,8467.0,618,0.5577,3,0.055773,0
303,2022,12,45,6380.0,792,0.2901,2,0.577347,1
304,2022,24,44,4276.0,593,0.0742,1,0.037018,1
305,2021,24,37,6512.0,541,0.2297,1,0.013493,0
306,2022,12,39,3014.0,655,0.1005,2,0.050422,0
307,2023,24,50,5096.0,659,0.2777,1,0.115657,0
308,2022,60,32,7313.0,614,0.2743,2,0.056529,0
309,2023,24,43,1046.0,602,0.2684,1,0.076009,0
310,2023,48,35,3930.0,695,0.5073,1,0.470044,1
311,2021,24,35,4859.0,551,0.0996,1,0.014713,0
312,2023,24,48,4455.0,592,0.2641,3,0.021958,0
313,2023,36,46,10184.0,578,0.159,2,0.01239,0
314,2022,60,46,2802.0,707,0.2714,1,0.299467,0
315,2022,36,51,3603.0,642,0.2667,1,0.141282,1
316,2021,48,38,1886.0,534,0.224,2,0.020877,0
317,2022,12,44,10458.0,542,0.1888,2,0.010727,0
318,2021,48,34,4345.0,769,0.3134,2,0.627724,1
319,2022,24,41,3947.0,706,0.2629,1,0.235054,0
320,2022,48,36,4787.0,687,0.4694,1,0.312807,1
321,2021,60,38,6756.0,620,0.1696,1,0.060403,0
322,2021,24,43,5847.0,740,0.5156,1,0.430199,0
323,2022,12,29,18471.0,531,0.4396,3,0.003184,0
324,2021,36,58,6167.0,680,0.1458,1,0.145207,0
325,2023,24,27,3895.0,584,0.267,2,0.02272,0
326,2021,48,25,3712.0,600,0.1626,3,0.027772,0
327,2021,36,49,4038.0,678,0.4513,1,0.243867,0
328,2021,24,45,2319.0,608,0.1388,3,0.033059,0
329,2023,48,44,5014.0,585,0.1255,2,0.01659,0
330,2021,24,44,7272.0,580,0.3958,4,0.018456,0
331,2022,48,37,3617.0,461,0.4234,2,0.00215,0
332,2022,48,29,3282.0,681,0.1762,4,0.10357,0
333,2022,36,38,10488.0,539,0.1774,2,0.009695,0
334,2022,24,31,2408.0,768,0.306,1,0.554566,1
335,2021,24,47,1748.0,596,0.5069,3,0.070614,0
336,2022,36,36,2762.0,724,0.5619,1,0.667391,0
337,2023,36,29,2275.0,475,0.5833,4,0.00633,0
338,2022,24,34,5962.0,678,0.1969,1,0.119083,0
339,2022,60,42,4104.0,699,0.2993,3,0.116093,0
340,2022,36,32,4404.0,724,0.3545,1,0.54476,0
341,2021,12,29,8747.0,497,0.4305,2,0.003058,0
342,2023,48,40,3478.0,563,0.3055,1,0.016075,0
343,2023,36,40,7241.0,666,0.387,2,0.162924,0
344,2023,24,32,10464.0,631,0.2456,2,0.02246,0
345,2023,48,33,3913.0,643,0.3111,1,0.142834,0
346,2023,36,40,7105.0,591,0.2908,1,0.018875,0
347,2023,24,23,4355.0,744,0.2245,3,0.297446,1
348,2022,24,23,7801.0,828,0.4438,2,0.882471,1
349,2021,48,30,2240.0,628,0.2019,1,0.134395,0
350,2022,36,35,2159.0,656,0.2083,1,0.088466,0
351,2022,60,41,4041.0,624,0.3403,2,0.05607,0
352,2022,12,52,3151.0,722,0.334,2,0.385117,0
353,2021,24,46,3796.0,686,0.0698,1,0.096017,0
354,2022,48,36,4404.0,534,0.478,4,0.007718,0
355,2023,36,37,7045.0,570,0.0974,1,0.020393,0
356,2022,12,27,4008.0,539,0.0619,2,0.007396,0
357,2023,36,37,3255.0,835,0.3726,3,0.936408,1
358,2022,60,35,4123.0,670,0.258,4,0.084385,0
359,2022,24,41,3346.0,572,0.5068,3,0.024311,0
360,2023,24,29,3081.0,565,0.6412,2,0.048206,0
361,2021,24,43,2194.0,684,0.4836,1,0.483264,1
362,2022,36,53,5089.0,692,0.2525,4,0.117764,0
363,2021,48,36,3698.0,683,0.3035,4,0.117367,0
364,2023,48,42,7968.0,585,0.5382,1,0.055039,0
365,2022,12,44,2383.0,644,0.2653,4,0.041299,0
366,2022,24,33,3748.0,628,0.1135,3,0.035251,0
367,2022,36,40,12167.0,545,0.406,2,0.012582,0
368,2021,36,38,3072.0,545,0.1893,3,0.005928,0
369,2021,24,38,4367.0,652,0.2423,4,0.0439,0
370,2023,24,30,2676.0,635,0.1671,1,0.086613,1
371,2023,24,38,2504.0,664,0.3938,2,0.126754,1
372,2023,12,42,10654.0,683,0.0613,1,0.104493,0
373,2021,24,52,5354.0,739,0.2007,1,0.411018,0
374,2021,48,47,5254.0,557,0.2707,3,0.00654,0
375,2022,24,59,2105.0,670,0.0876,1,0.101483,0
376,2022,48,30,5880.0,679,0.1635,4,0.050957,0
377,2021,48,46,8767.0,595,0.3467,2,0.023007,0
378,2023,12,39,8732.0,629,0.5518,3,0.058169,0
379,2023,12,59,6865.0,597,0.1162,1,0.017836,0
380,2021,24,29,2794.0,788,0.3385,1,0.727468,1
381,2022,48,29,5748.0,628,0.4863,2,0.087113,0
382,2021,12,32,6862.0,656,0.2043,1,0.1035,0
383,2023,12,22,2004.0,598,0.3241,2,0.074736,0
384,2022,36,32,2806.0,581,0.2412,1,0.051372,0
385,2021,24,30,7662.0,515,0.267,4,0.002686,0
386,2021,24,39,7616.0,707,0.4465,1,0.196881,0
387,2021,24,41,2266.0,681,0.2429,2,0.204829,0
388,2022,24,56,7314.0,595,0.2951,2,0.023008,0
389,2022,24,47,5155.0,547,0.062,1,0.007709,0
390,2022,12,32,7263.0,634,0.4485,4,0.068276,0
391,2023,36,29,3579.0,580,0.1886,2,0.032666,0
392,2023,48,42,6786.0,602,0.1457,3,0.026202,0
393,2021,48,24,7494.0,518,0.2272,1,0.013855,0
394,2021,12,56,4123.0,637,0.2578,1,0.072263,0
395,2021,48,49,4959.0,638,0.4594,1,0.206906,0
396,2023,60,33,3554.0,707,0.1962,1,0.295218,0
397,2022,36,22,11224.0,607,0.5149,3,0.044749,0
398,2022,36,51,4628.0,593,0.1763,1,0.049286,0
399,2022,24,36,3099.0,495,0.2221,2,0.003517,0
400,2023,36,50,3436.0,708,0.4462,1,0.471235,0
401,2022,36,22,5236.0,691,0.0772,1,0.230399,0
402,2021,48,32,7163.0,622,0.5832,1,0.120408,0
403,2023,36,38,2520.0,513,0.4072,2,0.012466,0
404,2022,24,38,12380.0,522,0.061,1,0.00598,0
405,2022,48,33,5735.0,576,0.169,1,0.019844,0
406,2023,36,44,6206.0,697,0.1764,1,0.176944,0
407,2023,36,27,4682.0,643,0.1012,1,0.05292,0
408,2023,60,36,4962.0,500,0.2469,2,0.004306,0
409,2021,48,39,4564.0,652,0.3224,1,0.115096,0
410,2022,36,43,8176.0,552,0.1581,3,0.005348,0
411,2023,24,45,4895.0,578,0.291,1,0.042714,0
412,2023,48,26,7212.0,697,0.0824,2,0.100256,0
413,2023,24,22,3956.0,681,0.2346,1,0.291446,1
414,2022,36,50,5420.0,707,0.1433,1,0.298384,0
415,2023,36,41,3288.0,618,0.1222,1,0.073624,0
416,2023,48,30,9030.0,690,0.0674,2,0.096555,0
417,2022,36,53,3239.0,573,0.5688,2,0.033659,0
418,2021,12,39,4178.0,599,0.3745,3,0.045666,0
419,2021,24,49,4199.0,593,0.466,2,0.046303,0
420,2022,36,38,4118.0,621,0.199,3,0.033061,0
421,2022,12,58,7053.0,517,0.6024,3,0.013149,0
422,2022,12,55,4195.0,601,0.1939,1,0.024344,0
423,2022,12,35,9867.0,736,0.1893,1,0.279507,0
424,2023,24,47,3264.0,532,0.4467,1,0.02373,0
425,2021,24,44,5349.0,513,0.2438,1,0.008321,0
426,2023,12,51,3335.0,520,0.1056,1,0.011079,0
427,2021,12,28,6066.0,832,0.2068,1,0.879162,1
428,2022,60,44,4876.0,657,0.1485,2,0.072564,0
429,2022,24,48,4548.0,598,0.2318,3,0.023832,0
430,2022,36,22,8904.0,625,0.2257,1,0.048979,0
431,2022,36,26,3543.0,638,0.1458,2,0.066031,0
432,2021,24,22,6590.0,568,0.5598,3,0.039724,0
433,2022,12,35,3346.0,578,0.5832,3,0.043412,0
434,2021,24,45,5200.0,607,0.4232,1,0.117124,0
435,2023,48,53,2703.0,562,0.0442,2,0.01076,0
436,2021,60,38,3529.0,588,0.2761,2,0.034555,0
437,2021,24,54,4717.0,648,0.5952,1,0.141105,0
438,2021,60,24,12177.0,540,0.3071,2,0.011606,0
439,2022,36,22,5169.0,828,0.1214,1,0.745006,0
440,2021,24,37,11241.0,680,0.2453,1,0.108876,0
441,2022,36,41,5487.0,518,0.4333,1,0.024528,0
442,2021,60,37,4050.0,421,0.6163,1,0.004831,0
443,2023,48,22,10611.0,564,0.1383,1,0.009882,0
444,2022,24,37,6115.0,674,0.1115,2,0.050964,0
445,2022,60,24,3564.0,659,0.0885,3,0.050544,0
446,2022,36,44,6219.0,611,0.2333,3,0.032796,0
447,2021,24,41,4246.0,571,0.0715,2,0.015576,0
448,2023,24,28,1818.0,547,0.1237,1,0.015973,0
449,2021,36,32,7848.0,587,0.0964,2,0.010909,0
450,2021,48,27,8497.0,539,0.3713,2,0.010048,0
451,2021,60,37,12320.0,588,0.0318,3,0.005621,0
452,2021,36,47,6070.0,726,0.0746,3,0.21098,0
453,2022,24,28,4340.0,558,0.3343,3,0.022636,0
454,2022,24,43,7461.0,668,0.5069,3,0.1322,1
455,2022,12,32,7517.0,681,0.5016,1,0.332315,0
456,2023,36,30,11149.0,533,0.1521,2,0.00528,0
457,2023,12,36,4806.0,552,0.3962,4,0.015792,0
458,2022,12,27,4524.0,705,0.2139,2,0.251873,1
459,2021,36,32,3437.0,545,0.1166,3,0.007875,0
460,2021,36,26,6430.0,615,0.4412,4,0.041806,0
461,2021,24,57,2266.0,783,0.3981,1,0.747145,1
462,2021,60,38,7245.0,698,0.1138,4,0.082385,0
463,2022,24,31,6594.0,626,0.3654,1,0.058541,0
464,2021,24,40,6585.0,687,0.0366,2,0.064584,0
465,2022,24,36,5266.0,615,0.4657,3,0.081431,0
466,2023,60,35,10578.0,701,0.1858,1,0.164058,0
467,2022,24,44,7601.0,456,0.7013,1,0.005379,0
468,2022,12,45,3628.0,608,0.352,1,0.097263,0
469,2021,48,32,3661.0,453,0.4221,3,0.003103,0
470,2021,24,32,3166.0,632,0.4799,3,0.140154,1
471,2023,24,35,6475.0,601,0.3343,3,0.035096,0
472,2022,36,22,2981.0,728,0.2567,2,0.486368,0
473,2021,12,22,8448.0,676,0.5061,3,0.174038,1
474,2022,60,51,9523.0,577,0.2617,3,0.01208,0
475,2023,12,54,3167.0,587,0.344,2,0.028001,0
476,2021,12,35,4479.0,650,0.5834,3,0.16211,0
477,2021,48,43,4956.0,574,0.1584,3,0.006733,0
478,2021,36,41,7646.0,617,0.3795,1,0.04691,0
479,2022,60,68,10989.0,725,0.4717,3,0.243567,0
480,2021,24,49,2116.0,553,0.5444,1,0.048029,0
481,2023,60,36,4192.0,584,0.2991,1,0.047043,0
482,2023,24,28,4303.0,595,0.5062,2,0.027552,0
483,2023,12,22,2440.0,850,0.1467,1,0.827017,0
484,2022,12,40,3856.0,668,0.4954,3,0.205631,0
485,2021,24,30,6087.0,710,0.4152,3,0.286831,0
486,2021,36,23,4276.0,681,0.3169,2,0.191587,1
487,2022,24,31,2270.0,686,0.5105,3,0.296092,1
488,2022,48,27,20000.0,657,0.2286,3,0.021469,0
489,2022,12,54,5614.0,649,0.3566,1,0.13434,0
490,2023,48,46,5197.0,503,0.683,1,0.018487,0
491,2022,12,37,2839.0,648,0.3326,2,0.117763,0
492,2021,36,52,5599.0,611,0.4759,3,0.040173,0
493,2021,12,38,4527.0,663,0.6559,4,0.137143,0
494,2022,36,29,1912.0,614,0.1098,1,0.040903,0
495,2021,24,53,2878.0,681,0.227,2,0.115958,0
496,2023,24,43,7313.0,695,0.2483,2,0.174744,0
497,2021,24,27,12991.0,387,0.2128,2,0.001,0
498,2021,12,36,5905.0,585,0.2771,1,0.043758,0
499,2023,48,29,8532.0,471,0.1323,2,0.003468,0
500,2021,36,24,4547.0,639,0.1677,3,0.057128,0
501,2021,12,47,4707.0,595,0.123,4,0.017377,0
502,2021,24,57,8480.0,728,0.3146,4,0.136349,0
503,2022,36,24,11287.0,636,0.3315,1,0.098018,0
504,2021,24,43,9420.0,581,0.1393,1,0.018951,0
505,2022,24,31,2884.0,695,0.308,3,0.192704,0
506,2021,12,33,4753.0,594,0.2759,2,0.043417,0
507,2023,12,32,5646.0,580,0.3301,3,0.027926,0
508,2022,60,29,4316.0,651,0.2189,1,0.071354,0
509,2021,48,38,5967.0,749,0.4017,1,0.623831,1
510,2021,24,29,7408.0,688,0.2032,3,0.084975,0
511,2022,48,40,8114.0,665,0.1161,2,0.037221,0
512,2022,48,37,11418.0,840,0.1535,2,0.605282,1
513,2021,36,35,4168.0,561,0.6528,3,0.037623,0
514,2021,12,28,2485.0,559,0.1848,1,0.018235,0
515,2022,24,32,5879.0,631,0.1065,3,0.035098,0
516,2021,60,45,12606.0,741,0.2702,2,0.308153,0
517,2022,24,43,3872.0,544,0.1797,2,0.012084,0
518,2021,60,28,6929.0,760,0.3974,3,0.459365,1
519,2022,60,38,6960.0,504,0.1931,1,0.005876,0
520,2022,12,45,5408.0,610,0.2284,3,0.042955,0
521,2022,24,22,4932.0,633,0.1945,1,0.043595,0
522,2023,36,43,3097.0,549,0.6507,2,0.027875,1
523,2021,24,31,1571.0,570,0.3572,1,0.051774,0
524,2021,24,43,2819.0,683,0.0931,1,0.107367,0
525,2021,24,30,4043.0,735,0.2487,1,0.299529,0
526,2022,36,22,8508.0,450,0.5131,1,0.006804,0
527,2023,36,22,4668.0,634,0.307,2,0.094183,0
528,2022,24,38,3791.0,610,0.025,2,0.023336,0
529,2023,60,40,3148.0,628,0.1577,1,0.053781,0
530,2021,36,28,6825.0,594,0.3836,2,0.037118,0
531,2022,24,44,9693.0,516,0.5175,2,0.005011,0
532,2021,24,22,8364.0,743,0.4209,3,0.358313,0
533,2023,36,37,6655.0,712,0.1203,1,0.152102,0
534,2022,36,25,2350.0,611,0.5391,3,0.11062,0
535,2023,12,31,4122.0,580,0.1484,2,0.01692,0
536,2022,48,38,13012.0,571,0.0708,1,0.00769,0
537,2021,60,29,8613.0,413,0.1229,2,0.001,0
538,2022,36,34,2278.0,648,0.5039,1,0.258528,1
539,2023,24,48,4780.0,682,0.1445,1,0.157159,0
540,2023,12,32,5893.0,631,0.5371,3,0.109024,0
541,2021,36,46,3357.0,613,0.3968,2,0.055333,0
542,2021,60,26,1549.0,630,0.1543,1,0.0976,0
543,2021,36,43,5164.0,551,0.2947,2,0.01505,0
544,2023,12,52,3315.0,580,0.2779,1,0.040064,0
545,2023,36,22,3321.0,606,0.0896,2,0.035149,0
546,2023,24,30,4116.0,675,0.2876,2,0.175968,0
547,2021,12,43,4597.0,730,0.1656,1,0.420652,0
548,2021,60,35,4892.0,601,0.2377,3,0.029423,0
549,2022,36,41,3159.0,536,0.3069,2,0.008342,0
550,2022,48,31,4402.0,622,0.5261,2,0.095452,0
551,2021,24,38,2041.0,780,0.2742,1,0.744713,1
552,2022,48,36,5742.0,543,0.5266,2,0.025289,0
553,2023,12,49,1178.0,690,0.1423,2,0.208769,0
554,2023,24,40,4252.0,726,0.1515,1,0.363102,0
555,2021,12,41,7782.0,591,0.3019,1,0.032982,0
556,2022,36,33,2894.0,563,0.1885,1,0.019042,0
557,2021,48,33,7032.0,665,0.0621,1,0.096195,0
558,2022,36,33,8759.0,648,0.4613,1,0.105325,0
559,2022,36,41,940.0,675,0.2401,3,0.121842,0
560,2021,36,33,4557.0,785,0.3734,2,0.766673,1
561,2022,48,40,1167.0,633,0.2756,2,0.112926,0
562,2022,12,58,4633.0,524,0.1162,3,0.002223,0
563,2021,36,46,4897.0,625,0.1631,1,0.062634,0
564,2023,60,34,1420.0,639,0.1764,4,0.072865,0
565,2021,36,50,12867.0,721,0.2037,1,0.177634,0
566,2023,36,33,5670.0,604,0.2787,2,0.042659,0
567,2021,60,22,3215.0,587,0.4058,4,0.040833,0
568,2021,24,27,10226.0,510,0.1844,1,0.004508,0
569,2022,36,22,2003.0,663,0.168,1,0.12384,1
570,2021,24,34,2658.0,850,0.2398,2,0.923217,1
571,2022,48,38,1557.0,602,0.2851,1,0.083503,0
572,2021,60,54,12095.0,656,0.1905,3,0.019967,0
573,2022,24,41,5803.0,576,0.1502,4,0.007837,0
574,2022,24,35,6834.0,517,0.1626,3,0.002459,0
575,2022,36,46,5713.0,654,0.6204,1,0.193189,1
576,2021,60,22,6548.0,622,0.2843,4,0.032052,0
577,2022,24,40,5110.0,429,0.1299,3,0.001,0
578,2023,24,45,5628.0,748,0.3292,3,0.303687,1
579,2021,36,23,5186.0,653,0.0549,2,0.053947,0
580,2021,60,49,3625.0,625,0.1415,1,0.049293,0
581,2022,48,41,4802.0,586,0.3242,1,0.048059,0
582,2023,12,33,5635.0,652,0.1475,2,0.078546,0
583,2021,36,44,5194.0,656,0.0991,3,0.082083,1
584,2022,36,60,2348.0,652,0.0322,1,0.078915,0
585,2023,36,39,2509.0,705,0.3679,3,0.328768,1
586,2023,24,40,8446.0,723,0.3682,1,0.25773,0
587,2023,36,33,4215.0,780,0.3443,1,0.72044,1
588,2022,12,29,6584.0,553,0.2219,2,0.008071,0
589,2021,36,46,2847.0,574,0.1233,4,0.009075,0
590,2022,24,29,2353.0,648,0.1526,3,0.055603,0
591,2022,36,38,3223.0,557,0.1355,1,0.018152,0
592,2022,48,33,4397.0,570,0.185,1,0.021613,0
593,2021,24,42,3524.0,658,0.3796,1,0.237655,0
594,2022,24,41,9386.0,692,0.0905,3,0.099017,0
595,2022,24,48,5376.0,722,0.5827,1,0.640364,0
596,2023,36,32,12388.0,604,0.5345,1,0.057758,0
597,2023,24,35,6016.0,657,0.3379,4,0.060223,0
598,2021,60,28,1471.0,639,0.1379,2,0.139451,0
599,2022,24,33,8333.0,621,0.0513,4,0.012383,0
600,2022,60,41,2311.0,554,0.223,1,0.020234,0
601,2021,36,45,5515.0,544,0.1212,3,0.003624,0
602,2021,12,28,3336.0,673,0.3118,1,0.256855,0
603,2021,24,46,14348.0,553,0.5745,2,0.01601,0
604,2022,12,51,10095.0,477,0.3395,2,0.002694,0
605,2022,24,42,3392.0,617,0.662,1,0.161431,0
606,2023,24,56,4612.0,736,0.234,1,0.282678,0
607,2022,12,30,5554.0,396,0.3398,4,0.001,0
608,2023,24,25,7568.0,596,0.3333,3,0.038198,0
609,2021,36,22,4987.0,674,0.1954,3,0.069577,0
610,2022,48,52,2944.0,474,0.4085,1,0.005306,0
611,2023,48,44,3433.0,602,0.2334,3,0.020474,0
612,2022,48,37,4904.0,528,0.0395,1,0.009772,0
613,2023,48,40,9111.0,539,0.2112,1,0.010714,0
614,2021,24,26,6087.0,587,0.09,2,0.028604,0
615,2021,24,62,3339.0,530,0.5136,1,0.019666,1
616,2021,36,39,6797.0,523,0.3335,1,0.008416,0
617,2023,36,39,4050.0,615,0.1606,4,0.038059,0
618,2022,24,45,7671.0,798,0.232,1,0.593398,1
619,2021,12,42,17387.0,680,0.4255,2,0.065435,0
620,2021,48,40,4108.0,700,0.4208,3,0.19001,0
621,2021,24,30,7338.0,683,0.127,1,0.09071,0
622,2023,48,42,3386.0,564,0.456,2,0.028431,0
623,2023,24,56,4646.0,644,0.3155,1,0.147421,0
624,2022,24,51,4988.0,707,0.295,1,0.210199,0
625,2023,36,53,4461.0,686,0.2461,1,0.179874,0
626,2021,24,32,16840.0,635,0.2907,1,0.039436,0
627,2023,36,28,4216.0,661,0.3227,1,0.150616,1
628,2023,48,36,6591.0,817,0.0331,4,0.374092,0
629,2022,60,38,1872.0,687,0.2558,2,0.192807,0
630,2022,60,48,6100.0,594,0.0438,1,0.028234,0
631,2021,48,22,8700.0,614,0.151,2,0.023422,0
632,2022,48,53,3775.0,535,0.254,1,0.009777,0
633,2021,60,36,1401.0,807,0.2982,4,0.639965,1
634,2022,36,33,4821.0,748,0.3303,4,0.401407,0
635,2022,24,27,4957.0,626,0.635,2,0.20441,0
636,2021,36,22,7059.0,794,0.1133,1,0.65055,1
637,2021,24,46,13433.0,670,0.1259,1,0.073426,0
638,2022,60,38,4064.0,585,0.198,3,0.02554,0
639,2021,60,25,3203.0,692,0.5676,2,0.285338,0
640,2022,60,25,2742.0,651,0.4675,1,0.122876,0
641,2023,36,34,5426.0,687,0.1563,1,0.246653,0
642,2022,60,54,6246.0,510,0.1428,1,0.005299,0
643,2021,36,35,3741.0,555,0.1527,3,0.004805,0
644,2021,12,22,7254.0,739,0.1958,2,0.262702,0
645,2021,12,35,6202.0,755,0.1707,1,0.381142,0
646,2023,36,35,5022.0,733,0.2382,1,0.427466,0
647,2021,24,22,3130.0,797,0.1467,1,0.69432,1
648,2021,36,37,3862.0,666,0.4624,2,0.230379,0
649,2022,24,35,1458.0,660,0.2861,3,0.076051,0
650,2022,12,44,5530.0,546,0.4318,2,0.01091,0
651,2023,24,56,4980.0,573,0.2105,2,0.009298,0
652,2021,60,49,5400.0,460,0.0293,1,0.001513,0
653,2021,12,35,6324.0,594,0.2659,1,0.04144,0
654,2023,24,26,5961.0,455,0.3473,2,0.002486,0
655,2022,12,63,4651.0,706,0.6138,3,0.266169,0
656,2022,60,38,5036.0,651,0.0881,4,0.016817,0
657,2023,48,38,2435.0,457,0.0813,3,0.001273,0
658,2022,24,37,3671.0,604,0.1073,2,0.043714,0
659,2021,24,39,5040.0,777,0.6066,2,0.761569,1
660,2021,24,36,3402.0,609,0.2534,1,0.054023,0
661,2022,48,32,7556.0,540,0.3338,4,0.004944,0
662,2021,36,32,3536.0,477,0.1208,4,0.001992,0
663,2022,24,37,5476.0,479,0.0355,1,0.001958,0
664,2021,60,32,5210.0,662,0.0764,1,0.073649,0
665,2023,24,30,7138.0,585,0.1021,2,0.014678,0
666,2023,48,39,7711.0,591,0.7106,1,0.132385,0
667,2021,24,35,6954.0,585,0.1626,2,0.01431,0
668,2022,24,53,1715.0,608,0.2786,2,0.067317,0
669,2021,48,22,8929.0,521,0.6527,3,0.011822,0
670,2022,24,48,10548.0,645,0.198,4,0.021722,0
671,2022,12,50,3862.0,506,0.2011,2,0.005609,0
672,2023,60,22,5532.0,559,0.3472,1,0.031448,0
673,2023,48,34,3148.0,700,0.3152,2,0.299727,1
674,2022,24,34,1855.0,650,0.1587,1,0.07366,0
675,2023,60,23,3397.0,674,0.535,1,0.361558,1
676,2021,36,30,3752.0,792,0.0543,2,0.591476,1
677,2023,24,26,4116.0,615,0.0729,4,0.022598,0
678,2022,12,55,3043.0,621,0.477,2,0.099261,0
679,2023,36,47,3406.0,598,0.4958,1,0.11846,0
680,2022,24,50,4888.0,584,0.495,1,0.071372,0
681,2021,24,45,3344.0,539,0.295,1,0.017522,0
682,2021,24,26,6450.0,626,0.3287,1,0.116587,0
683,2021,24,32,6911.0,648,0.3817,1,0.173888,0
684,2023,60,42,16158.0,652,0.2058,3,0.03173,0
685,2021,24,25,8629.0,625,0.4009,2,0.054873,0
686,2022,24,45,5550.0,694,0.4144,2,0.189009,0
687,2023,60,35,3604.0,622,0.3324,1,0.078883,0
688,2023,24,34,5692.0,587,0.2133,3,0.01538,0
689,2021,36,45,5787.0,545,0.24,4,0.004251,0
690,2023,60,42,3802.0,496,0.5002,1,0.013161,0
691,2022,12,34,7273.0,736,0.2035,2,0.312836,1
692,2021,24,49,2443.0,564,0.4399,1,0.052629,0
693,2021,36,27,4349.0,545,0.0068,1,0.016695,0
694,2023,48,44,6489.0,586,0.4839,4,0.021628,0
695,2022,24,43,4257.0,597,0.2392,1,0.043279,0
696,2023,36,34,4432.0,751,0.3482,1,0.680672,1
697,2021,36,41,4588.0,593,0.1579,2,0.019103,0
698,2023,24,25,3236.0,830,0.5532,2,0.958593,1
699,2022,24,47,8839.0,625,0.2157,1,0.071244,0
700,2021,60,36,2954.0,784,0.3869,1,0.708179,1
701,2021,36,32,5762.0,691,0.1952,2,0.233733,0
702,2023,36,48,6044.0,648,0.6982,2,0.157425,0
703,2022,12,30,3059.0,746,0.3935,2,0.582984,0
704,2021,36,23,5098.0,709,0.2895,1,0.430219,1
705,2022,36,22,3119.0,670,0.3075,3,0.108225,0
706,2021,24,44,9853.0,805,0.1809,2,0.563191,1
707,2023,36,25,2781.0,580,0.1146,1,0.026767,0
708,2023,36,55,3544.0,540,0.2806,2,0.00867,0
709,2021,36,22,2665.0,565,0.0213,3,0.029062,0
710,2022,36,54,2493.0,760,0.1486,1,0.386983,1
711,2023,12,40,10890.0,736,0.6153,3,0.398556,0
712,2023,48,37,6447.0,577,0.525,1,0.040752,0
713,2021,24,32,5272.0,431,0.0679,2,0.001,0
714,2021,24,41,3539.0,603,0.0669,2,0.024636,0
715,2023,36,37,7737.0,538,0.2711,2,0.011073,0
716,2021,48,49,3255.0,580,0.3353,1,0.038437,0
717,2022,12,39,7309.0,535,0.2993,1,0.01306,1
718,2021,24,39,3177.0,491,0.22,2,0.004402,0
719,2021,48,34,3561.0,770,0.2651,1,0.760834,1
720,2022,36,37,7181.0,565,0.292,2,0.021342,0
721,2021,36,41,7570.0,733,0.2801,2,0.268345,0
722,2022,48,22,6626.0,602,0.1017,1,0.02523,0
723,2023,12,24,2908.0,529,0.5815,3,0.013331,0
724,2022,36,45,3931.0,660,0.1864,2,0.099244,0
725,2022,48,39,5316.0,588,0.1042,2,0.013205,0
726,2021,24,36,3214.0,603,0.1299,1,0.030908,0
727,2023,60,38,9754.0,631,0.2251,2,0.023976,0
728,2022,36,41,1479.0,555,0.2748,2,0.014437,0
729,2021,36,32,3330.0,490,0.0729,4,0.001256,0
730,2022,36,30,3809.0,615,0.4422,2,0.083714,1
731,2022,12,39,1186.0,697,0.2219,2,0.240251,0
732,2022,12,28,2445.0,547,0.1189,4,0.007361,0
733,2022,12,42,6719.0,632,0.1861,1,0.043974,0
734,2022,24,22,4990.0,740,0.4996,3,0.566361,1
735,2022,12,48,10792.0,612,0.5048,3,0.023206,0
736,2021,24,42,10643.0,626,0.3008,1,0.087081,1
737,2023,24,40,6103.0,624,0.213,2,0.026881,0
738,2023,24,47,5748.0,565,0.0335,2,0.008287,0
739,2023,36,54,5079.0,540,0.0482,1,0.006776,0
740,2022,12,48,1303.0,540,0.1252,2,0.011119,0
741,2022,24,22,2447.0,649,0.2064,3,0.054502,0
742,2022,12,25,5168.0,680,0.566,1,0.281521,1
743,2022,24,31,6688.0,684,0.1919,3,0.077341,0
744,2023,24,38,5681.0,589,0.2402,3,0.013591,0
745,2021,48,43,3146.0,707,0.2061,1,0.286539,0
746,2021,24,30,7853.0,644,0.0224,4,0.018805,0
747,2023,36,39,10314.0,625,0.2885,3,0.030244,0
748,2021,48,30,7856.0,352,0.0412,4,0.001,0
749,2023,36,31,8061.0,554,0.4801,4,0.01883,0
750,2023,36,23,3716.0,498,0.2292,1,0.013298,0
751,2022,12,28,8417.0,670,0.5085,2,0.264459,1
752,2022,36,24,5286.0,627,0.1165,2,0.058574,1
753,2022,36,28,6347.0,534,0.2819,3,0.005924,0
754,2021,36,48,5900.0,644,0.1497,2,0.052331,0
755,2022,48,28,4625.0,506,0.1902,4,0.002279,0
756,2021,48,64,3197.0,536,0.3073,2,0.011219,0
757,2021,36,42,4717.0,563,0.6547,1,0.051548,0
758,2021,36,39,8050.0,663,0.1695,4,0.04236,0
759,2021,24,29,3941.0,731,0.4035,2,0.408432,1
760,2021,48,45,7682.0,573,0.0873,2,0.006556,0
761,2023,24,32,7105.0,725,0.5873,1,0.548647,1
762,2022,36,39,4232.0,623,0.1858,3,0.049747,0
763,2022,36,63,9842.0,638,0.2159,3,0.015566,0
764,2021,36,37,4114.0,614,0.349,1,0.083055,0
765,2023,24,49,10454.0,604,0.2374,1,0.035909,0
766,2022,24,30,6106.0,655,0.3265,1,0.132679,0
767,2022,24,37,4876.0,679,0.4562,1,0.280507,0
768,2023,24,55,3153.0,549,0.0713,4,0.002536,0
769,2022,60,31,4703.0,604,0.1226,2,0.029781,0
770,2022,48,56,4439.0,753,0.0771,4,0.187573,0
771,2022,36,45,2620.0,634,0.5087,2,0.15304,0
772,2021,60,32,4408.0,642,0.3535,4,0.060663,0
773,2023,12,44,3288.0,713,0.2177,2,0.276904,0
774,2021,36,47,6588.0,579,0.6857,3,0.02819,0
775,2023,60,44,9444.0,617,0.5501,3,0.042277,0
776,2022,12,22,2661.0,685,0.4762,1,0.436068,0
777,2022,24,30,11570.0,719,0.5545,1,0.431728,0
778,2022,48,35,4609.0,430,0.3264,1,0.001964,0
779,2023,36,37,3018.0,561,0.4038,3,0.017188,0
780,2023,36,44,7179.0,540,0.1958,3,0.005021,0
781,2021,36,39,3931.0,610,0.211,1,0.028969,0
782,2022,36,24,4718.0,546,0.2122,1,0.016637,0
783,2021,36,41,4015.0,673,0.5155,4,0.114386,0
784,2021,36,44,3267.0,633,0.1181,3,0.036536,0
785,2022,36,43,7059.0,691,0.0477,3,0.057421,0
786,2023,12,48,4259.0,696,0.2303,3,0.149841,0
787,2023,24,46,2396.0,674,0.1517,2,0.172324,0
788,2021,12,42,6474.0,593,0.3952,3,0.016658,0
789,2023,24,37,2690.0,628,0.4055,3,0.152649,0
790,2022,36,22,2761.0,583,0.4012,1,0.063843,0
791,2021,48,42,8922.0,510,0.1159,3,0.002625,0
792,2021,60,40,2702.0,696,0.0813,2,0.107114,0
793,2022,12,40,1543.0,613,0.442,1,0.132068,0
794,2022,36,25,6711.0,499,0.083,1,0.003725,0
795,2022,36,27,4222.0,662,0.0305,1,0.097285,0
796,2021,60,48,4408.0,602,0.5062,3,0.035598,0
797,2022,12,37,4200.0,455,0.2503,3,0.001,0
798,2021,36,44,5518.0,510,0.1588,4,0.001483,0
799,2023,48,38,3373.0,563,0.4783,1,0.030633,0
800,2022,48,38,10281.0,636,0.3121,2,0.041279,0
801,2022,36,47,2349.0,683,0.0302,4,0.070455,0
802,2021,48,32,6139.0,680,0.3606,1,0.207801,1
803,2022,24,38,6775.0,668,0.1904,1,0.188761,0
804,2021,48,33,3362.0,617,0.1768,2,0.029204,0
805,2023,36,33,2946.0,757,0.4633,2,0.503225,1
806,2022,24,34,8173.0,675,0.0386,1,0.104341,0
807,2021,12,40,2995.0,637,0.4317,2,0.087454,0
808,2022,36,33,3629.0,665,0.1613,4,0.050544,0
809,2023,60,50,7659.0,588,0.0801,2,0.012828,0
810,2021,60,29,5001.0,615,0.2887,3,0.026935,0
811,2021,48,36,2001.0,453,0.1076,3,0.001,0
812,2021,12,33,11773.0,589,0.1061,1,0.012079,0
813,2021,24,52,3771.0,760,0.3672,3,0.622747,1
814,2023,36,39,4018.0,631,0.1397,3,0.037633,0
815,2021,60,48,5585.0,628,0.195,2,0.038793,0
816,2021,36,23,6718.0,699,0.0511,3,0.107444,0
817,2022,12,40,13102.0,648,0.3704,4,0.029511,0
818,2022,48,46,2143.0,557,0.2401,2,0.008268,0
819,2023,12,38,7428.0,621,0.4523,1,0.064475,0
820,2022,24,48,7126.0,529,0.3027,3,0.00464,0
821,2023,48,32,4589.0,634,0.299,1,0.10165,1
822,2021,36,52,7285.0,552,0.1519,2,0.011177,0
823,2021,60,60,7841.0,694,0.2259,3,0.074943,0
824,2021,24,34,2463.0,579,0.1497,2,0.035794,1
825,2022,24,33,11789.0,554,0.3079,4,0.006903,0
826,2021,36,52,2254.0,610,0.2143,1,0.047568,0
827,2023,12,53,2786.0,649,0.1614,2,0.061119,0
828,2021,12,32,4312.0,523,0.2847,1,0.01465,0
829,2023,12,33,12868.0,578,0.5619,2,0.031948,0
830,2022,48,35,4213.0,628,0.1386,1,0.074068,0
831,2021,24,24,4837.0,727,0.1661,1,0.389549,1
832,2022,12,28,10057.0,417,0.2,3,0.001,0
833,2022,48,27,4230.0,669,0.5082,4,0.254714,0
834,2021,24,30,2727.0,589,0.1065,1,0.042422,0
835,2021,60,37,3989.0,580,0.0649,3,0.012659,0
836,2023,24,40,9754.0,565,0.6429,4,0.014221,0
837,2022,60,53,5092.0,590,0.6509,3,0.044224,0
838,2023,60,28,12904.0,669,0.3975,1,0.086361,0
839,2022,24,47,7108.0,577,0.5286,1,0.025915,0
840,2021,60,35,3560.0,752,0.3437,1,0.65563,1
841,2022,12,37,5042.0,669,0.3557,2,0.132807,0
842,2022,12,44,3208.0,635,0.3346,3,0.058143,0
843,2021,36,26,3518.0,606,0.3295,1,0.080052,0
844,2022,36,41,20000.0,715,0.5864,2,0.253415,0
845,2021,12,39,8179.0,726,0.4015,1,0.388002,0
846,2022,12,42,7559.0,527,0.4334,3,0.003309,0
847,2023,24,40,3599.0,563,0.0947,3,0.005087,0
848,2023,24,62,10773.0,670,0.2717,3,0.091918,0
849,2023,24,31,8516.0,694,0.1906,3,0.145071,0
850,2023,12,32,12592.0,595,0.545,1,0.080539,0
851,2022,36,31,12290.0,560,0.2772,2,0.009499,0
852,2022,36,32,2346.0,626,0.2509,3,0.042035,0
853,2023,36,31,2822.0,738,0.3295,4,0.310212,0
854,2022,36,49,2975.0,623,0.3838,3,0.051794,0
855,2021,24,52,3066.0,518,0.1827,3,0.006396,0
856,2021,24,32,5777.0,628,0.3352,1,0.103487,0
857,2022,60,29,3702.0,682,0.2132,3,0.30973,0
858,2022,36,42,13854.0,611,0.597,1,0.072302,0
859,2021,60,32,12738.0,720,0.1717,3,0.207825,0
860,2021,24,44,4899.0,689,0.1654,1,0.092408,0
861,2021,36,40,13065.0,615,0.3195,1,0.074491,0
862,2022,12,22,10343.0,623,0.2292,2,0.038559,0
863,2021,60,53,3923.0,472,0.2981,1,0.003999,0
864,2022,60,55,1800.0,716,0.4101,3,0.230211,0
865,2021,12,31,4407.0,593,0.6578,1,0.070473,0
866,2023,24,34,3561.0,588,0.1938,3,0.02307,0
867,2021,36,40,5449.0,576,0.0598,2,0.00879,0
868,2023,60,41,5139.0,656,0.228,1,0.16554,0
869,2022,24,44,5072.0,529,0.3394,1,0.012426,0
870,2022,36,58,6386.0,541,0.3814,2,0.00876,0
871,2021,36,36,2680.0,615,0.0514,2,0.027376,0
872,2022,24,30,6037.0,569,0.2903,2,0.01866,0
873,2021,48,24,3945.0,646,0.5736,3,0.189783,0
874,2023,60,30,5432.0,572,0.1095,2,0.012093,0
875,2022,36,37,7932.0,747,0.7004,1,0.581303,1
876,2021,24,55,2665.0,675,0.2086,1,0.175301,1
877,2022,36,32,4270.0,674,0.2608,1,0.209267,0
878,2021,36,40,4632.0,571,0.2424,3,0.013177,0
879,2022,12,37,3800.0,812,0.3635,1,0.861179,1
880,2021,48,49,7707.0,584,0.5315,1,0.048872,0
881,2022,36,63,3428.0,562,0.5307,1,0.041484,0
882,2021,36,32,3723.0,676,0.1785,2,0.09231,0
883,2023,24,33,3446.0,635,0.0855,1,0.074051,0
884,2021,60,48,8485.0,554,0.0817,3,0.006111,0
885,2022,12,44,3842.0,795,0.2221,2,0.61366,0
886,2021,24,56,6186.0,698,0.1044,2,0.127679,0
887,2021,48,43,13198.0,620,0.4017,4,0.031578,0
888,2022,24,34,4734.0,812,0.4394,1,0.804314,1
889,2023,12,43,8570.0,684,0.4226,1,0.191388,0
890,2022,12,49,11335.0,619,0.7277,2,0.07724,0
891,2022,36,46,8214.0,802,0.3253,1,0.680877,0
892,2021,24,43,4874.0,672,0.5879,3,0.170807,0
893,2023,36,48,6775.0,669,0.2506,2,0.093012,0
894,2022,36,49,2582.0,589,0.4131,1,0.067188,0
895,2021,48,51,3328.0,623,0.32,1,0.063433,0
896,2023,60,44,3632.0,587,0.2703,2,0.03796,0
897,2022,36,36,15068.0,735,0.2915,3,0.105964,0
898,2021,48,39,3274.0,491,0.1651,3,0.002724,0
899,2021,12,50,3250.0,729,0.4875,2,0.491669,0
900,2023,12,29,2916.0,549,0.3934,3,0.026808,0
901,2022,36,41,6502.0,615,0.2256,1,0.068631,0
902,2021,60,34,5278.0,596,0.1163,2,0.017059,0
903,2022,36,38,8462.0,578,0.0447,2,0.009356,0
904,2023,24,50,6875.0,675,0.0632,4,0.03551,0
905,2023,36,39,2465.0,619,0.2157,4,0.038022,0
906,2022,36,38,3283.0,566,0.0448,2,0.013936,0
907,2023,24,24,9727.0,632,0.1303,1,0.042395,0
908,2022,36,45,4440.0,564,0.357,3,0.014831,0
909,2023,48,44,8900.0,576,0.2735,1,0.023625,0
910,2021,12,59,4560.0,500,0.0639,2,0.001942,0
911,2022,24,34,3030.0,583,0.1641,2,0.018111,0
912,2022,36,40,4223.0,659,0.4295,1,0.1947,0
913,2022,48,40,3029.0,622,0.0702,1,0.046511,1
914,2022,48,53,3704.0,765,0.6696,2,0.897493,1
915,2022,24,37,5434.0,829,0.1395,2,0.8168,1
916,2023,24,40,6347.0,582,0.1838,3,0.014758,0
917,2023,12,44,2219.0,553,0.2,2,0.010736,0
918,2023,36,39,4872.0,710,0.2184,1,0.237796,0
919,2021,24,33,3665.0,646,0.4141,1,0.2157,0
920,2022,12,39,3554.0,710,0.2147,2,0.256828,0
921,2022,48,48,5252.0,651,0.5436,2,0.111806,0
922,2023,12,27,3732.0,604,0.538,2,0.048337,0
923,2023,36,39,9809.0,604,0.3539,4,0.015268,0
924,2022,12,30,8902.0,654,0.4214,1,0.162671,0
925,2022,24,49,8874.0,603,0.2358,3,0.012965,0
926,2021,36,22,3837.0,717,0.2398,1,0.204261,0
927,2023,36,32,3037.0,515,0.3594,3,0.005771,0
928,2021,36,41,5121.0,717,0.3514,1,0.256277,1
929,2022,48,53,4559.0,470,0.2985,1,0.006538,0
930,2022,36,37,3625.0,631,0.445,1,0.239865,1
931,2021,60,32,2730.0,593,0.5264,3,0.082906,0
932,2023,24,56,4814.0,498,0.1454,2,0.002449,0
933,2022,48,23,4016.0,455,0.3085,2,0.002926,0
934,2023,24,22,6934.0,532,0.1555,1,0.008076,1
935,2021,12,42,6854.0,623,0.1358,1,0.055712,0
936,2021,12,32,8522.0,571,0.3279,3,0.014254,0
937,2022,36,27,2618.0,536,0.4683,3,0.015014,0
938,2022,48,45,6006.0,728,0.1048,1,0.418136,0
939,2022,24,40,3416.0,521,0.4346,1,0.010037,0
940,2022,48,32,2670.0,674,0.1151,2,0.164739,0
941,2023,24,25,3967.0,548,0.4686,3,0.013708,0
942,2021,24,46,8386.0,530,0.3767,1,0.011169,0
943,2022,24,44,4080.0,571,0.1462,2,0.010264,0
944,2023,60,37,10751.0,669,0.3258,3,0.131091,1
945,2021,36,56,6467.0,510,0.2243,1,0.00403,0
946,2021,24,27,4036.0,642,0.0913,1,0.084496,0
947,2023,24,22,8778.0,543,0.705,1,0.066839,0
948,2021,36,31,6141.0,557,0.5132,1,0.027822,0
949,2021,24,37,3083.0,652,0.192,2,0.115417,0
950,2022,24,40,12449.0,793,0.2289,2,0.42939,1
951,2022,24,35,5596.0,547,0.1802,4,0.007759,0
952,2022,36,41,4961.0,677,0.2044,1,0.200225,0
953,2021,24,25,3204.0,594,0.3235,1,0.071479,0
954,2023,36,52,8864.0,582,0.8226,2,0.038444,0
955,2022,36,37,6365.0,705,0.2559,4,0.094482,0
956,2022,36,49,6732.0,552,0.1608,1,0.010292,0
957,2022,48,41,3813.0,527,0.3428,1,0.025396,0
958,2022,36,42,7458.0,656,0.1126,3,0.023095,0
959,2022,24,43,7754.0,747,0.414,1,0.495335,1
960,2022,60,42,3518.0,679,0.1394,2,0.168387,0
961,2023,36,44,2420.0,507,0.197,3,0.003866,0
962,2022,12,51,6573.0,570,0.1777,1,0.014931,0
963,2023,24,39,2238.0,698,0.4509,2,0.252111,0
964,2021,36,45,5303.0,746,0.214,3,0.256359,0
965,2023,12,37,3930.0,638,0.0204,2,0.064586,0
966,2022,24,52,9039.0,573,0.1811,1,0.010102,0
967,2023,24,31,4038.0,751,0.223,1,0.414173,0
968,2022,36,56,8550.0,614,0.4454,4,0.019175,0
969,2021,12,37,3801.0,571,0.1106,3,0.015682,0
970,2021,12,23,8103.0,558,0.3529,1,0.022463,0
971,2022,48,39,13769.0,524,0.2641,1,0.008441,0
972,2021,12,31,2881.0,846,0.2424,1,0.840291,1
973,2023,24,46,5687.0,733,0.2678,3,0.440534,1
974,2023,24,31,19426.0,567,0.2514,2,0.00776,0
975,2023,12,33,5081.0,758,0.0953,2,0.411098,1
976,2021,12,22,5069.0,662,0.3329,2,0.125508,0
977,2022,48,33,7290.0,657,0.1593,3,0.072316,0
978,2023,36,22,5017.0,562,0.4483,4,0.021944,0
979,2021,24,22,2093.0,578,0.2091,2,0.023384,0
980,2021,48,45,8657.0,616,0.2389,2,0.036332,0
981,2022,24,45,1805.0,462,0.2412,1,0.003582,0
982,2022,12,42,3990.0,581,0.2638,4,0.013948,0
983,2021,48,28,8989.0,620,0.0611,1,0.030205,0
984,2022,12,37,4112.0,724,0.5456,2,0.541662,0
985,2021,12,37,3474.0,570,0.2456,3,0.020866,0
986,2021,24,26,7628.0,684,0.1296,1,0.147798,1
987,2021,24,53,3211.0,455,0.532,1,0.0027,0
988,2022,36,46,2667.0,713,0.6723,2,0.447518,0
989,2023,36,35,5638.0,547,0.6088,1,0.076252,0
990,2022,48,38,4485.0,630,0.1249,2,0.033217,0
991,2021,36,40,2639.0,652,0.0877,1,0.060694,0
992,2023,24,22,6758.0,636,0.1606,1,0.061879,0
993,2021,24,35,6200.0,611,0.3042,2,0.038348,0
994,2021,24,31,4106.0,520,0.4661,1,0.019269,0
995,2021,36,27,4249.0,548,0.1725,1,0.019693,0
996,2022,36,35,6218.0,699,0.1789,3,0.121383,1
997,2021,24,55,8912.0,572,0.0569,1,0.009369,0
998,2021,24,44,4267.0,611,0.1585,1,0.040413,0
999,2023,48,32,6818.0,500,0.508,4,0.003742,0
1000,2023,36,43,6520.0,688,0.2843,1,0.335212,0
1001,2021,36,51,7629.0,514,0.2209,1,0.004063,0
1002,2023,48,47,5012.0,693,0.472,2,0.330324,0
1003,2022,12,38,3115.0,534,0.0927,2,0.006719,0
1004,2022,12,31,3900.0,701,0.1865,3,0.138582,0
1005,2021,48,44,5834.0,620,0.1021,1,0.053978,0
1006,2022,36,41,12200.0,575,0.5704,1,0.023694,0
1007,2022,36,46,3858.0,748,0.1571,2,0.48418,0
1008,2022,48,44,7350.0,614,0.1526,2,0.033905,0
1009,2023,60,48,4171.0,591,0.2619,1,0.037226,0
1010,2022,48,32,5194.0,692,0.031,1,0.160293,0
1011,2023,24,51,10485.0,501,0.4343,4,0.002395,0
1012,2022,36,39,7202.0,417,0.292,3,0.001,0
1013,2023,24,58,2642.0,712,0.601,1,0.470297,0
1014,2023,24,31,3691.0,553,0.1124,2,0.010997,0
1015,2022,24,55,9211.0,689,0.3991,3,0.114083,0
1016,2022,36,39,5276.0,623,0.1464,2,0.048262,0
1017,2022,36,31,2767.0,526,0.4444,4,0.009805,0
1018,2021,36,33,3263.0,668,0.2256,3,0.124049,0
1019,2021,12,34,6987.0,587,0.1886,1,0.038058,0
1020,2023,24,42,8080.0,533,0.1163,1,0.003913,0
1021,2023,24,43,4959.0,535,0.3571,3,0.012158,0
1022,2023,24,32,16944.0,481,0.1821,2,0.00132,0
1023,2023,36,37,7421.0,652,0.1818,2,0.066416,0
1024,2022,60,59,4351.0,545,0.2465,3,0.00806,0
1025,2022,24,55,3269.0,617,0.0413,1,0.028234,0
1026,2023,60,42,3019.0,605,0.4296,1,0.078864,0
1027,2022,36,38,5812.0,544,0.089,1,0.011719,0
1028,2023,60,39,3849.0,498,0.2517,3,0.002699,0
1029,2021,24,44,11349.0,822,0.2054,1,0.616073,1
1030,2023,36,27,10231.0,616,0.18,2,0.026605,0
1031,2023,36,35,6745.0,765,0.153,1,0.488656,1
1032,2022,36,22,2726.0,713,0.3153,3,0.189695,1
1033,2021,12,41,3512.0,594,0.481,2,0.069315,0
1034,2023,24,44,9208.0,634,0.5294,1,0.0944,0
1035,2023,24,33,3709.0,632,0.1265,3,0.041177,0
1036,2022,36,53,8613.0,767,0.3141,1,0.376233,0
1037,2022,48,25,6231.0,686,0.1082,2,0.115786,0
1038,2023,36,23,5044.0,555,0.1097,3,0.009795,0
1039,2023,24,40,3458.0,648,0.2706,2,0.138205,0
1040,2022,36,48,4689.0,684,0.1331,1,0.166173,0
1041,2021,12,54,5404.0,525,0.1302,4,0.003296,0
1042,2021,36,33,8236.0,659,0.1141,2,0.052306,0
1043,2022,36,48,3156.0,727,0.2808,2,0.375714,0
1044,2021,24,37,4310.0,551,0.3415,4,0.009474,0
1045,2021,36,36,5026.0,562,0.6448,4,0.01407,0
1046,2022,48,46,6845.0,712,0.0807,1,0.153446,0
1047,2023,36,44,3121.0,591,0.2392,1,0.039645,0
1048,2022,36,22,2545.0,541,0.16,1,0.012899,0
1049,2021,24,52,6884.0,690,0.162,1,0.150013,0
1050,2023,60,51,2301.0,666,0.5557,1,0.225849,0
1051,2021,48,31,9344.0,627,0.4303,2,0.117334,0
1052,2022,36,41,4546.0,709,0.3445,1,0.347879,0
1053,2023,12,42,2267.0,715,0.1333,2,0.232153,0
1054,2023,60,40,3865.0,613,0.7398,2,0.122732,0
1055,2023,36,32,5941.0,777,0.4984,2,0.649157,1
1056,2022,24,31,3766.0,746,0.0598,3,0.177041,0
1057,2023,36,37,4964.0,461,0.5504,4,0.002222,0
1058,2021,24,49,7116.0,537,0.3414,2,0.011395,0
1059,2022,48,43,4442.0,439,0.4674,3,0.001217,0
1060,2023,36,34,3076.0,594,0.6095,2,0.050041,0
1061,2022,48,45,4232.0,523,0.3495,4,0.004376,0
1062,2023,36,22,9971.0,554,0.4643,3,0.00922,0
1063,2023,36,49,11413.0,707,0.2379,2,0.160466,0
1064,2023,48,22,1790.0,479,0.4895,2,0.009542,0
1065,2022,24,34,8480.0,630,0.3795,1,0.076568,0
1066,2023,24,26,5570.0,629,0.3512,3,0.056985,0
1067,2021,36,25,7801.0,613,0.3319,2,0.037439,0
1068,2022,24,49,3732.0,630,0.1745,1,0.049985,0
1069,2021,24,33,2030.0,441,0.1392,2,0.002141,0
1070,2021,24,41,6583.0,555,0.1051,1,0.017361,0
1071,2022,24,37,3070.0,743,0.5331,1,0.849236,0
1072,2021,48,42,2455.0,524,0.2321,4,0.004161,0
1073,2021,24,38,2542.0,753,0.3904,2,0.478857,0
1074,2022,12,25,6637.0,507,0.5672,3,0.012023,0
1075,2021,36,47,5270.0,497,0.3078,2,0.009421,0
1076,2022,24,33,7268.0,543,0.1377,2,0.006067,0
1077,2022,48,22,6867.0,710,0.4239,4,0.160186,0
1078,2021,24,33,3982.0,576,0.1397,2,0.029316,0
1079,2022,24,53,4745.0,647,0.331,1,0.142555,0
1080,2022,48,46,3806.0,625,0.1209,3,0.039724,0
1081,2021,60,34,4424.0,615,0.0986,4,0.023002,0
1082,2022,36,34,3030.0,721,0.5204,1,0.406867,0
1083,2022,48,34,5974.0,681,0.3393,1,0.161489,0
1084,2022,12,58,8413.0,528,0.1834,1,0.009053,0
1085,2022,36,41,3267.0,597,0.504,1,0.084529,0
1086,2022,24,42,9327.0,759,0.0655,1,0.247647,1
1087,2021,12,48,5202.0,645,0.1915,2,0.035686,0
1088,2023,36,40,5544.0,499,0.1702,1,0.005353,0
1089,2021,24,35,2101.0,505,0.1228,3,0.004147,0
1090,2023,36,36,1991.0,691,0.534,1,0.300077,1
1091,2021,12,37,5282.0,676,0.3838,4,0.076513,0
1092,2022,36,37,7294.0,546,0.3208,1,0.013253,0
1093,2023,24,45,3513.0,679,0.1678,1,0.172631,0
1094,2022,36,38,11328.0,747,0.1486,3,0.253086,0
1095,2021,36,45,7097.0,736,0.3361,3,0.258457,0
1096,2021,36,37,3121.0,748,0.4121,2,0.633771,0
1097,2022,24,38,4991.0,664,0.0232,2,0.057213,0
1098,2021,36,22,16957.0,605,0.1659,1,0.011676,0
1099,2022,36,47,2640.0,587,0.4588,1,0.106993,0
1100,2023,48,41,6401.0,618,0.2508,3,0.038134,0
1101,2022,60,47,4182.0,549,0.4178,4,0.01763,0
1102,2023,60,22,6998.0,591,0.0954,4,0.010229,0
1103,2021,48,58,9262.0,722,0.1506,1,0.415741,0
1104,2022,12,36,4052.0,491,0.2412,2,0.004532,0
1105,2021,36,49,8599.0,496,0.0169,1,0.002134,0
1106,2023,36,27,14922.0,686,0.519,3,0.110992,1
1107,2023,36,44,5080.0,591,0.4722,2,0.055395,0
1108,2021,48,27,7277.0,465,0.2739,3,0.001907,0
1109,2022,60,31,3658.0,615,0.2165,3,0.040156,0
1110,2021,12,57,4962.0,603,0.3911,1,0.092149,0
1111,2022,36,36,4499.0,585,0.3829,1,0.042587,0
1112,2021,24,40,7321.0,674,0.8013,4,0.243705,1
1113,2023,12,46,8976.0,513,0.1793,2,0.005664,0
1114,2022,12,42,4653.0,621,0.2021,1,0.050855,0
1115,2021,24,39,10581.0,603,0.1645,3,0.011462,0
1116,2022,24,41,10562.0,623,0.3451,1,0.036186,0
1117,2022,48,62,7506.0,481,0.1556,2,0.001727,0
1118,2023,12,37,3797.0,578,0.4248,2,0.046044,0
1119,2023,48,40,3619.0,621,0.2347,1,0.03962,0
1120,2022,60,48,3274.0,663,0.5199,2,0.12795,0
1121,2021,36,49,7900.0,767,0.4463,3,0.375109,1
1122,2021,24,49,2681.0,684,0.0928,4,0.086324,0
1123,2022,36,44,6894.0,656,0.191,2,0.07464,0
1124,2022,24,26,2862.0,721,0.467,1,0.601485,0
1125,2021,36,54,7419.0,595,0.3174,1,0.040918,0
1126,2021,36,26,4957.0,744,0.2687,2,0.398432,1
1127,2021,12,41,9574.0,709,0.2438,4,0.097492,0
1128,2021,36,30,8697.0,584,0.1918,2,0.016134,0
1129,2022,12,37,10072.0,773,0.316,1,0.652737,0
1130,2021,12,41,10203.0,655,0.141,4,0.034355,0
1131,2021,24,41,5281.0,795,0.0909,2,0.682439,0
1132,2021,60,42,2753.0,644,0.1409,4,0.043354,0
1133,2022,24,54,2904.0,575,0.424,1,0.033467,0
1134,2021,24,42,1731.0,558,0.2434,3,0.009963,0
1135,2022,36,35,2859.0,591,0.2028,3,0.024648,0
1136,2022,36,47,5087.0,574,0.5051,3,0.045106,0
1137,2023,36,49,3715.0,721,0.4388,1,0.489464,1
1138,2021,24,25,4491.0,617,0.3109,4,0.023513,0
1139,2022,60,43,6288.0,490,0.0485,3,0.001773,0
1140,2021,12,45,4222.0,637,0.2983,1,0.085394,0
1141,2022,60,35,2805.0,630,0.4513,3,0.054995,0
1142,2022,48,51,4786.0,582,0.2365,3,0.024481,0
1143,2021,36,36,3136.0,641,0.4007,1,0.126521,0
1144,2023,12,39,4292.0,616,0.2367,1,0.097022,0
1145,2023,60,36,9618.0,670,0.3191,1,0.179339,1
1146,2023,12,38,4293.0,665,0.1025,2,0.09287,0
1147,2021,36,27,11914.0,649,0.5693,3,0.076185,0
1148,2022,48,23,10055.0,516,0.5284,1,0.020134,0
1149,2023,24,53,3679.0,789,0.3125,1,0.57271,0
1150,2021,24,29,2820.0,495,0.553,1,0.014184,0
1151,2021,24,28,4787.0,609,0.353,3,0.035129,0
1152,2021,24,22,8749.0,532,0.3498,1,0.01151,0
1153,2022,24,31,3846.0,651,0.3883,2,0.160847,0
1154,2022,12,24,7739.0,631,0.4387,2,0.05791,0
1155,2021,36,54,8993.0,606,0.1244,2,0.014091,0
1156,2023,60,48,3338.0,741,0.2204,1,0.310469,0
1157,2022,24,31,3505.0,708,0.2706,4,0.222739,0
1158,2021,12,60,7019.0,593,0.3116,4,0.015414,0
1159,2023,48,47,5302.0,684,0.1254,3,0.076079,0
1160,2023,24,34,3488.0,745,0.1602,1,0.473469,1
1161,2022,48,22,4121.0,708,0.4579,1,0.395317,1
1162,2023,36,60,4744.0,609,0.2086,1,0.042747,0
1163,2021,24,24,2247.0,492,0.2401,1,0.009851,0
1164,2022,36,22,7207.0,645,0.451,3,0.097439,0
1165,2022,60,48,3869.0,673,0.5755,1,0.212066,0
1166,2022,36,62,1222.0,558,0.0569,1,0.019315,0
1167,2023,60,51,4856.0,621,0.1846,1,0.036158,0
1168,2021,24,43,3392.0,613,0.2527,3,0.023653,0
1169,2021,36,43,11435.0,731,0.4164,2,0.302496,0
1170,2023,24,46,3668.0,768,0.1638,1,0.57948,1
1171,2021,24,45,2839.0,714,0.0954,1,0.324905,0
1172,2021,36,40,6336.0,613,0.0017,2,0.025805,0
1173,2022,60,39,3533.0,711,0.3232,1,0.293282,0
1174,2021,24,37,3328.0,671,0.3628,2,0.216973,0
1175,2023,12,30,6341.0,614,0.0973,3,0.014877,0
1176,2022,36,35,2921.0,787,0.2719,4,0.453307,1
1177,2021,24,22,2372.0,560,0.1915,2,0.030114,0
1178,2021,60,37,11649.0,668,0.3864,3,0.06978,0
1179,2023,24,28,6567.0,687,0.5158,1,0.416095,0
1180,2021,36,26,4307.0,597,0.2434,2,0.047704,0
1181,2022,24,39,4906.0,664,0.401,1,0.164647,0
1182,2021,12,51,6329.0,695,0.5044,4,0.126224,0
1183,2021,48,47,7996.0,639,0.4899,1,0.108957,0
1184,2021,24,22,3368.0,657,0.3365,1,0.204276,0
1185,2022,36,28,5902.0,628,0.3388,3,0.078906,0
1186,2022,12,47,3815.0,683,0.4927,2,0.272303,1
1187,2022,60,28,4472.0,601,0.1731,1,0.050397,0
1188,2021,12,35,5326.0,595,0.095,3,0.011126,0
1189,2022,36,43,4898.0,621,0.2163,2,0.044888,0
1190,2022,48,28,7100.0,714,0.3926,3,0.219876,0
1191,2021,24,39,6270.0,480,0.5328,3,0.002544,0
1192,2021,60,24,2312.0,547,0.1566,2,0.009721,0
1193,2022,24,31,2493.0,802,0.4059,3,0.812965,1
1194,2021,36,41,4085.0,642,0.4279,3,0.165219,0
1195,2023,48,22,12263.0,587,0.228,2,0.013854,0
1196,2022,12,42,3211.0,683,0.0718,4,0.086771,0
1197,2023,12,37,4429.0,557,0.1723,1,0.014864,0
1198,2021,24,43,3759.0,451,0.086,4,0.001,0
1199,2023,12,40,3726.0,648,0.1729,1,0.144564,0
1200,2021,24,51,5373.0,561,0.0978,2,0.013237,0
1201,2021,36,39,9901.0,628,0.2722,2,0.05445,0
1202,2021,60,33,6173.0,646,0.245,1,0.125427,0
1203,2021,60,39,3289.0,631,0.538,1,0.158868,0
1204,2023,24,43,19470.0,483,0.3164,3,0.001,0
1205,2022,24,38,5112.0,622,0.1741,1,0.035458,0
1206,2023,36,38,3683.0,655,0.2658,1,0.217404,1
1207,2022,12,30,9957.0,507,0.2097,3,0.001858,0
1208,2022,36,31,3887.0,498,0.1169,4,0.002171,0
1209,2022,36,23,11288.0,534,0.3389,2,0.004267,0
1210,2022,36,55,3180.0,679,0.1982,2,0.139818,0
1211,2022,24,25,10047.0,460,0.1723,1,0.002349,0
1212,2021,24,31,5435.0,686,0.0154,4,0.091175,0
1213,2023,12,30,9372.0,651,0.1361,1,0.076026,0
1214,2021,12,46,12719.0,599,0.59,2,0.044555,0
1215,2022,36,35,2790.0,501,0.1076,4,0.002627,0
1216,2023,36,50,9301.0,556,0.2899,2,0.016027,0
1217,2021,36,31,2430.0,682,0.6799,1,0.520294,0
1218,2021,60,40,2911.0,720,0.3431,1,0.539705,0
1219,2022,12,29,3289.0,537,0.2629,1,0.037225,0
1220,2023,24,59,6322.0,711,0.4214,2,0.194893,0
1221,2021,48,26,4997.0,674,0.0217,2,0.071082,0
1222,2023,60,41,4521.0,619,0.159,2,0.062527,0
1223,2022,24,44,5288.0,560,0.1143,1,0.013458,0
1224,2022,36,42,6605.0,573,0.5288,1,0.047288,0
1225,2023,24,36,6865.0,765,0.0107,2,0.300017,0
1226,2023,36,36,8494.0,634,0.1802,4,0.031315,0
1227,2022,24,38,12210.0,726,0.2201,1,0.15281,0
1228,2022,36,36,4863.0,639,0.1988,2,0.068718,0
1229,2023,36,47,3787.0,583,0.5234,1,0.04336,1
1230,2022,24,60,6679.0,666,0.1986,1,0.115095,1
1231,2022,36,32,2774.0,792,0.3919,1,0.832088,0
1232,2021,24,24,3500.0,568,0.5603,1,0.059668,0
1233,2021,24,37,8101.0,693,0.2775,2,0.130074,0
1234,2021,60,63,4619.0,635,0.3094,2,0.121585,0
1235,2023,48,29,2686.0,504,0.3304,4,0.009729,1
1236,2021,24,54,2333.0,502,0.1733,4,0.001472,0
1237,2021,12,54,5036.0,583,0.1057,2,0.010683,0
1238,2023,48,32,8699.0,647,0.4224,1,0.2196,0
1239,2022,12,43,8641.0,690,0.3364,2,0.17507,0
1240,2021,48,54,5195.0,494,0.2217,3,0.002145,0
1241,2022,24,34,13419.0,672,0.1481,2,0.073787,0
1242,2022,24,35,4664.0,610,0.4971,2,0.083567,0
1243,2023,24,32,4586.0,620,0.0275,2,0.026042,0
1244,2021,24,27,1361.0,667,0.1474,1,0.171807,0
1245,2021,36,31,3930.0,759,0.3595,1,0.69081,0
1246,2022,24,25,7525.0,644,0.3336,1,0.138328,1
1247,2022,36,38,10743.0,511,0.1839,4,0.001713,0
1248,2021,48,30,3245.0,605,0.0272,1,0.04279,0
1249,2022,36,40,6193.0,688,0.1167,1,0.138804,0
1250,2021,60,22,8295.0,690,0.5058,4,0.117479,0
1251,2021,60,41,4942.0,673,0.2261,4,0.064267,0
1252,2022,12,46,1569.0,579,0.3632,3,0.035743,0
1253,2023,24,22,5562.0,510,0.0626,4,0.001863,0
1254,2023,60,41,7192.0,667,0.3091,1,0.09745,0
1255,2022,36,50,3060.0,522,0.1488,3,0.004847,0
1256,2022,48,25,4328.0,675,0.0474,1,0.120312,0
1257,2023,48,54,2758.0,675,0.1364,1,0.138804,0
1258,2021,48,42,1360.0,582,0.4276,1,0.06151,0
1259,2023,12,30,8213.0,611,0.3101,3,0.029625,0
1260,2022,36,37,4906.0,635,0.5018,1,0.161599,0
1261,2022,60,43,10925.0,570,0.3582,1,0.021608,0
1262,2021,24,38,7545.0,509,0.3494,3,0.006365,0
1263,2023,36,43,4117.0,616,0.1298,3,0.013873,0
1264,2022,12,28,4715.0,625,0.3357,2,0.050806,0
1265,2021,48,39,6523.0,728,0.3392,3,0.276044,0
1266,2021,24,23,7970.0,557,0.3082,1,0.026236,0
1267,2023,24,36,5775.0,705,0.1844,1,0.204007,1
1268,2022,24,28,8542.0,528,0.2091,1,0.005834,0
1269,2021,60,30,4237.0,512,0.4474,3,0.007335,0
1270,2021,24,50,2985.0,595,0.1125,2,0.018424,0
1271,2022,36,48,4758.0,544,0.36,1,0.011153,0
1272,2022,36,44,5446.0,511,0.6785,1,0.022845,0
1273,2023,24,27,2695.0,775,0.3015,1,0.692156,1
1274,2021,12,34,2519.0,583,0.4204,2,0.05193,0
1275,2023,48,50,6147.0,804,0.3441,2,0.751713,1
1276,2022,36,39,4011.0,540,0.0665,1,0.004289,0
1277,2022,12,61,4524.0,483,0.3533,1,0.004921,0
1278,2022,36,41,4106.0,723,0.193,3,0.181283,0
1279,2023,36,39,10512.0,561,0.2162,2,0.008283,0
1280,2022,12,34,9236.0,631,0.4437,1,0.106312,0
1281,2022,48,39,2647.0,511,0.0952,2,0.003825,0
1282,2022,24,36,3765.0,616,0.2242,1,0.058412,0
1283,2022,24,45,7518.0,510,0.3541,1,0.007612,0
1284,2022,12,47,6641.0,614,0.2799,1,0.038424,0
1285,2021,36,30,4814.0,582,0.2168,1,0.031535,0
1286,2022,24,24,2783.0,638,0.1697,2,0.065532,0
1287,2021,12,22,3494.0,670,0.1356,2,0.101947,0
1288,2023,36,43,3796.0,639,0.3118,3,0.040331,0
1289,2021,24,26,5645.0,656,0.5828,4,0.103748,0
1290,2022,24,22,11520.0,611,0.2582,1,0.05025,0
1291,2023,36,41,3486.0,585,0.3309,1,0.074697,0
1292,2021,12,62,2942.0,657,0.0594,1,0.084017,0
1293,2023,36,37,4655.0,611,0.0043,2,0.039036,0
1294,2021,36,46,8233.0,614,0.1141,1,0.034346,0
1295,2022,36,38,2384.0,651,0.3731,2,0.12117,0
1296,2023,60,37,10166.0,537,0.1483,1,0.010645,0
1297,2021,60,47,4510.0,734,0.1531,3,0.19265,0
1298,2023,36,35,3404.0,600,0.1289,3,0.024288,0
1299,2022,24,40,2208.0,629,0.4097,1,0.135578,0
1300,2022,12,41,6997.0,616,0.3246,1,0.037571,0
1301,2023,60,31,4512.0,672,0.4015,1,0.198517,0
1302,2022,48,47,5353.0,647,0.6613,2,0.286557,0
1303,2022,36,36,3133.0,616,0.2739,3,0.030473,0
1304,2021,36,30,4190.0,735,0.4738,3,0.384644,0
1305,2021,60,43,3853.0,363,0.4008,2,0.001,0
1306,2023,24,29,4674.0,719,0.3979,3,0.185845,0
1307,2021,48,38,3517.0,693,0.2755,2,0.250778,0
1308,2023,48,37,2282.0,473,0.8265,2,0.011492,0
1309,2021,24,48,19230.0,694,0.4686,3,0.053736,0
1310,2022,36,42,2486.0,704,0.4151,2,0.359597,0
1311,2021,24,37,5382.0,664,0.2259,2,0.147012,0
1312,2022,24,46,2026.0,495,0.2997,2,0.007703,0
1313,2023,24,51,1811.0,674,0.5382,4,0.187683,0
1314,2022,48,43,5161.0,700,0.3484,2,0.19842,0
1315,2023,36,38,5362.0,574,0.3695,1,0.037029,0
1316,2021,36,24,9235.0,655,0.2904,3,0.071708,0
1317,2021,12,27,6002.0,591,0.3775,1,0.045055,0
1318,2022,24,34,4560.0,690,0.2809,1,0.287452,0
1319,2021,36,31,3057.0,594,0.4749,1,0.086972,0
1320,2021,36,36,10399.0,573,0.3383,1,0.028385,0
1321,2021,24,38,7820.0,616,0.2374,2,0.029443,0
1322,2022,36,43,2636.0,512,0.4829,3,0.006172,0
1323,2021,12,37,5009.0,608,0.2428,1,0.047382,0
1324,2021,24,42,5282.0,648,0.3642,1,0.132478,0
1325,2023,36,38,4135.0,689,0.2657,1,0.280294,0
1326,2022,48,22,7230.0,639,0.1692,1,0.081553,0
1327,2022,36,28,7449.0,505,0.2815,3,0.004735,0
1328,2021,24,36,4468.0,728,0.1773,2,0.190799,0
1329,2022,12,25,4271.0,734,0.4322,1,0.616597,0
1330,2022,24,43,10399.0,629,0.141,1,0.042296,0
1331,2021,36,53,7835.0,559,0.3241,2,0.013022,0
1332,2021,36,50,5096.0,577,0.3588,1,0.028424,0
1333,2021,24,35,2176.0,603,0.564,2,0.074968,0
1334,2022,60,52,5837.0,642,0.1519,3,0.017747,0
1335,2021,48,39,6968.0,595,0.0436,3,0.014534,0
1336,2023,24,34,1240.0,551,0.4482,1,0.042515,0
1337,2023,36,31,5574.0,701,0.4267,3,0.266024,1
1338,2021,24,34,3990.0,640,0.0765,2,0.031838,0
1339,2021,24,34,4401.0,535,0.3521,2,0.009745,0
1340,2021,48,39,3122.0,643,0.0562,2,0.04873,0
1341,2021,48,39,4564.0,632,0.4585,2,0.074999,0
1342,2023,12,38,9858.0,562,0.2622,3,0.008498,0
1343,2022,36,42,3932.0,715,0.5758,1,0.489785,0
1344,2022,24,49,7965.0,630,0.2703,3,0.025494,0
1345,2021,36,47,3284.0,602,0.061,4,0.01743,0
1346,2023,24,23,7182.0,613,0.3341,1,0.053537,0
1347,2023,24,22,4919.0,655,0.021,2,0.085359,0
1348,2021,36,47,5861.0,614,0.2141,1,0.031381,0
1349,2022,36,24,4932.0,613,0.3743,2,0.107249,0
1350,2021,24,35,6774.0,705,0.0699,2,0.14171,0
1351,2022,24,26,1361.0,506,0.3257,3,0.007504,0
1352,2021,48,22,2417.0,519,0.1806,1,0.008741,0
1353,2023,24,43,6054.0,682,0.5281,3,0.183189,0
1354,2021,36,45,1769.0,813,0.448,1,0.918353,1
1355,2021,48,32,3770.0,690,0.1411,2,0.184185,0
1356,2023,48,22,4783.0,769,0.1367,1,0.446984,0
1357,2021,48,32,3248.0,585,0.3463,1,0.073514,0
1358,2022,24,41,3478.0,569,0.4995,2,0.03688,0
1359,2023,60,23,5630.0,656,0.7178,2,0.266809,1
1360,2023,36,39,8141.0,696,0.2631,2,0.176009,0
1361,2022,36,37,3044.0,515,0.1703,2,0.004542,0
1362,2021,36,43,3687.0,602,0.205,2,0.050125,0
1363,2021,12,39,3410.0,617,0.1666,1,0.102178,0
1364,2022,12,28,1465.0,565,0.1487,1,0.022697,0
1365,2023,12,49,5276.0,575,0.3909,1,0.055272,0
1366,2023,24,36,7843.0,687,0.3022,2,0.204639,0
1367,2021,48,37,8171.0,657,0.2639,1,0.11356,0
1368,2021,24,28,3180.0,683,0.2134,2,0.163498,1
1369,2023,48,33,2628.0,646,0.4876,3,0.125665,0
1370,2023,12,29,4968.0,550,0.0615,2,0.015591,0
1371,2021,24,36,7440.0,653,0.2328,2,0.089577,0
1372,2023,36,55,5310.0,543,0.3015,4,0.005985,0
1373,2022,24,24,5680.0,595,0.5055,1,0.067154,0
1374,2021,48,22,8699.0,537,0.1261,1,0.006504,0
1375,2023,36,52,3396.0,571,0.2189,3,0.01154,0
1376,2022,24,35,4403.0,627,0.1882,1,0.047511,0
1377,2021,24,31,11129.0,583,0.284,2,0.018368,0
1378,2021,36,48,4454.0,549,0.2739,4,0.01004,0
1379,2022,60,31,2608.0,711,0.428,3,0.492311,1
1380,2023,12,56,3517.0,610,0.3104,3,0.019483,0
1381,2023,36,44,3075.0,577,0.2679,2,0.020661,0
1382,2021,12,33,5876.0,533,0.248,2,0.004002,0
1383,2021,48,59,3140.0,470,0.2068,1,0.003811,0
1384,2023,36,31,5628.0,602,0.5854,2,0.082297,1
1385,2021,24,45,3401.0,509,0.4665,3,0.01449,0
1386,2023,36,40,1700.0,676,0.2479,2,0.196901,0
1387,2022,24,51,5729.0,622,0.2807,3,0.024423,0
1388,2022,24,53,5293.0,744,0.0576,1,0.272802,0
1389,2022,12,38,6367.0,637,0.2777,1,0.082434,0
1390,2022,36,30,3510.0,561,0.1301,1,0.022743,0
1391,2022,24,42,3328.0,469,0.1668,3,0.001272,0
1392,2021,48,31,6007.0,684,0.0694,1,0.112413,0
1393,2023,60,58,10504.0,516,0.0909,1,0.002581,0
1394,2023,24,39,4942.0,587,0.3479,3,0.028046,0
1395,2023,24,34,6077.0,753,0.0661,2,0.257681,1
1396,2022,36,39,4185.0,668,0.4189,1,0.224337,1
1397,2021,36,24,2271.0,651,0.209,3,0.06364,0
1398,2021,12,28,7972.0,695,0.2536,1,0.323064,1
1399,2021,24,50,7740.0,692,0.4895,1,0.236743,0
1400,2023,24,31,7012.0,746,0.3866,1,0.592566,1
1401,2022,48,27,4487.0,571,0.1336,1,0.018848,0
1402,2023,24,43,6624.0,589,0.0727,3,0.014267,0
1403,2023,60,49,7684.0,546,0.0777,1,0.007966,1
1404,2021,24,45,11049.0,617,0.4038,1,0.045323,0
1405,2023,60,47,8057.0,609,0.2729,3,0.024058,0
1406,2022,24,30,5074.0,479,0.2058,2,0.002578,0
1407,2022,36,23,2555.0,567,0.3742,3,0.045661,0
1408,2023,24,53,5313.0,735,0.218,1,0.347905,1
1409,2021,12,34,5588.0,639,0.1409,1,0.079918,0
1410,2021,48,35,7006.0,677,0.2107,3,0.099469,0
1411,2021,36,51,9672.0,610,0.1277,4,0.009891,0
1412,2021,24,43,4686.0,469,0.2212,1,0.003701,0
1413,2022,60,42,14052.0,609,0.3088,1,0.020569,0
1414,2023,24,59,2039.0,703,0.3814,1,0.190918,0
1415,2022,24,31,6061.0,525,0.2386,1,0.004527,0
1416,2023,48,47,3297.0,679,0.331,2,0.16349,0
1417,2023,36,38,1894.0,483,0.1025,1,0.00388,0
1418,2021,60,40,4443.0,621,0.1308,1,0.112936,0
1419,2021,36,53,2372.0,663,0.0347,1,0.131548,0
1420,2022,24,43,4534.0,595,0.2431,1,0.068249,0
1421,2023,60,43,5001.0,817,0.0769,1,0.655026,1
1422,2023,24,48,8598.0,580,0.2433,2,0.021977,0
1423,2022,24,34,2313.0,573,0.4034,1,0.046488,0
1424,2023,36,29,7741.0,636,0.471,2,0.070461,0
1425,2023,24,27,5162.0,559,0.1098,2,0.018675,0
1426,2022,12,22,8221.0,504,0.349,1,0.005797,0
1427,2023,24,58,3960.0,532,0.2851,1,0.018945,0
1428,2021,12,26,2525.0,680,0.2037,2,0.187504,1
1429,2021,48,35,2674.0,595,0.2457,2,0.029113,0
1430,2021,12,35,2576.0,756,0.4168,3,0.433052,0
1431,2021,60,41,6241.0,584,0.4594,2,0.033984,0
1432,2022,60,46,10285.0,676,0.7658,2,0.388778,0
1433,2022,12,46,3705.0,660,0.4297,1,0.223969,0
1434,2023,36,32,6732.0,583,0.2889,1,0.043226,0
1435,2022,36,36,2295.0,549,0.3658,2,0.024286,0
1436,2022,12,40,5378.0,481,0.2688,1,0.003464,0
1437,2022,36,35,6866.0,664,0.6408,3,0.17107,0
1438,2023,24,54,2383.0,715,0.2976,4,0.2136,0
1439,2022,36,42,4438.0,492,0.0306,4,0.001,0
1440,2022,36,45,7030.0,590,0.3877,3,0.021613,0
1441,2023,60,44,1134.0,566,0.1782,3,0.008187,0
1442,2022,12,49,9583.0,664,0.1833,1,0.091792,0
1443,2022,24,39,5865.0,593,0.0706,1,0.020851,0
1444,2021,36,25,7033.0,725,0.5242,3,0.266847,1
1445,2022,24,41,3998.0,589,0.4038,1,0.047832,0
1446,2021,36,31,2077.0,521,0.1325,1,0.010329,0
1447,2021,60,32,6419.0,582,0.2678,2,0.027929,0
1448,2023,60,43,4716.0,591,0.4355,2,0.043023,0
1449,2022,24,50,4994.0,662,0.2371,2,0.102485,0
1450,2022,48,38,8466.0,590,0.2667,1,0.021235,0
1451,2021,60,41,7194.0,655,0.3365,1,0.122001,1
1452,2021,24,55,12844.0,556,0.2179,3,0.003475,0
1453,2021,48,40,5308.0,596,0.3019,3,0.019217,0
1454,2022,24,64,3479.0,557,0.4057,2,0.015047,0
1455,2022,24,43,4473.0,552,0.2205,3,0.007239,0
1456,2022,36,22,6050.0,721,0.194,1,0.402049,1
1457,2023,36,45,8168.0,562,0.297,1,0.022087,0
1458,2021,36,41,2360.0,592,0.3818,1,0.083919,0
1459,2022,24,50,4936.0,703,0.4784,1,0.418585,1
1460,2021,36,44,10990.0,680,0.5879,2,0.138615,0
1461,2023,36,36,4359.0,751,0.4717,2,0.515561,0
1462,2022,12,25,7828.0,658,0.3906,2,0.113719,0
1463,2022,36,35,6289.0,571,0.2956,3,0.01511,0
1464,2023,24,29,7926.0,784,0.3793,2,0.669662,0
1465,2022,36,32,3278.0,666,0.3986,2,0.125186,0
1466,2021,24,43,3286.0,607,0.267,2,0.061878,0
1467,2021,36,54,4965.0,624,0.2368,1,0.05556,0
1468,2021,48,41,2284.0,634,0.4877,1,0.192973,1
1469,2023,48,26,4295.0,601,0.365,3,0.043052,0
1470,2023,36,42,5577.0,509,0.3436,1,0.006203,0
1471,2023,60,49,11996.0,750,0.4069,3,0.240577,1
1472,2021,48,31,6011.0,618,0.1005,2,0.037337,0
1473,2021,24,36,6718.0,634,0.1981,3,0.035308,0
1474,2023,48,38,8798.0,786,0.1442,1,0.535655,0
1475,2023,24,30,3034.0,565,0.4525,3,0.029014,0
1476,2022,24,44,4525.0,672,0.4067,3,0.191839,0
1477,2023,24,36,16526.0,556,0.3898,1,0.016021,0
1478,2022,24,42,4724.0,645,0.1857,3,0.07998,0
1479,2022,24,29,8589.0,636,0.2978,2,0.06459,0
1480,2021,36,33,7957.0,683,0.3897,1,0.250814,1
1481,2022,24,45,2347.0,716,0.2982,2,0.211664,1
1482,2022,36,34,5740.0,573,0.0373,1,0.01255,0
1483,2023,36,55,5289.0,733,0.4889,4,0.356015,0
1484,2021,36,34,5796.0,738,0.1947,4,0.13984,0
1485,2022,36,40,3371.0,600,0.4443,1,0.149185,0
1486,2022,60,47,2812.0,619,0.1479,1,0.059082,0
1487,2023,24,23,3874.0,580,0.2887,2,0.020784,0
1488,2022,36,22,4680.0,595,0.1906,2,0.028333,0
1489,2021,36,22,8888.0,523,0.1962,2,0.006052,0
1490,2022,60,50,12193.0,682,0.1457,3,0.057371,0
1491,2023,36,32,9880.0,455,0.1707,1,0.00253,0
1492,2021,60,63,7556.0,564,0.1106,1,0.008246,0
1493,2022,24,32,2974.0,616,0.5617,2,0.134593,0
1494,2021,48,39,4006.0,723,0.3742,1,0.40304,0
1495,2022,60,53,5459.0,576,0.3186,3,0.015748,0
1496,2021,12,58,3582.0,654,0.2142,3,0.041891,0
1497,2022,24,58,6559.0,613,0.3271,2,0.069448,0
1498,2022,36,50,7046.0,695,0.1383,1,0.179383,0
1499,2022,48,48,6426.0,650,0.2245,2,0.070501,0
1500,2023,36,43,8206.0,686,0.0361,1,0.129431,0
1501,2022,12,45,3127.0,575,0.4655,2,0.055443,0
1502,2022,36,32,7835.0,538,0.1165,1,0.006665,0
1503,2022,24,29,3471.0,649,0.4357,1,0.13937,1
1504,2023,12,37,3070.0,580,0.4357,1,0.045804,0
1505,2023,36,36,6413.0,622,0.1246,2,0.051584,0
1506,2021,24,33,9027.0,645,0.1532,1,0.120473,0
1507,2021,12,44,6273.0,719,0.2231,1,0.258093,1
1508,2022,24,47,4966.0,682,0.226,2,0.091116,0
1509,2022,60,38,5739.0,565,0.4249,3,0.021125,0
1510,2022,48,52,5262.0,528,0.1839,1,0.009236,0
1511,2022,60,26,2799.0,756,0.4264,3,0.622656,1
1512,2023,36,36,2640.0,493,0.0879,4,0.002109,0
1513,2021,36,30,4725.0,583,0.1665,3,0.01687,0
1514,2023,36,22,5115.0,671,0.1789,3,0.091133,0
1515,2021,36,37,4943.0,751,0.3303,2,0.566712,1
1516,2021,24,36,6892.0,604,0.2114,2,0.018796,0
1517,2021,48,53,4413.0,622,0.3802,1,0.083473,0
1518,2023,24,44,6513.0,549,0.0463,2,0.005149,0
1519,2022,36,27,4572.0,630,0.5924,2,0.155714,0
1520,2021,60,56,12230.0,527,0.4326,2,0.004782,0
1521,2023,36,50,5117.0,559,0.2032,1,0.009784,0
1522,2023,36,43,15841.0,681,0.2553,1,0.103556,0
1523,2023,24,35,5861.0,585,0.6954,4,0.043933,1
1524,2021,36,28,4417.0,693,0.08,3,0.148342,1
1525,2023,12,34,3135.0,607,0.5321,2,0.096595,0
1526,2022,12,48,2389.0,510,0.3198,2,0.00564,0
1527,2023,12,56,2994.0,713,0.3007,3,0.205226,0
1528,2022,24,53,3166.0,514,0.2461,1,0.008298,0
1529,2022,12,33,5987.0,571,0.0852,2,0.01371,0
1530,2021,36,26,3778.0,604,0.4729,3,0.04698,0
1531,2021,48,39,5396.0,700,0.3893,1,0.281895,0
1532,2021,36,22,9330.0,577,0.2182,3,0.016558,0
1533,2021,24,41,4704.0,545,0.1801,4,0.00535,0
1534,2021,12,36,13899.0,633,0.2861,1,0.056095,0
1535,2022,48,33,2730.0,602,0.4627,1,0.124383,0
1536,2022,36,22,4558.0,582,0.127,2,0.014525,0
1537,2021,24,43,3753.0,637,0.1561,2,0.046046,0
1538,2021,36,32,7850.0,523,0.4723,1,0.01954,0
1539,2021,60,26,1604.0,482,0.1128,2,0.003892,0
1540,2022,36,22,2389.0,791,0.3257,3,0.62159,1
1541,2023,24,37,4658.0,628,0.1247,2,0.052495,1
1542,2023,24,55,10675.0,633,0.3801,4,0.037568,0
1543,2022,60,54,5502.0,557,0.0755,2,0.009123,0
1544,2021,36,33,2500.0,691,0.5493,1,0.479446,1
1545,2023,24,31,2701.0,577,0.0661,3,0.011368,0
1546,2023,36,42,11345.0,397,0.1495,1,0.001,0
1547,2022,36,28,3603.0,574,0.1176,2,0.02207,0
1548,2021,36,41,3067.0,597,0.2623,1,0.037463,0
1549,2022,24,45,10288.0,606,0.7002,2,0.067259,0
1550,2021,36,50,8148.0,604,0.3157,1,0.021946,0
1551,2023,36,36,9293.0,568,0.2803,2,0.015419,0
1552,2022,36,35,3056.0,560,0.3447,1,0.034163,0
1553,2023,24,29,2293.0,596,0.2973,1,0.053857,0
1554,2023,12,29,5253.0,488,0.1479,1,0.005723,0
1555,2022,24,35,5811.0,463,0.151,1,0.002968,0
1556,2022,24,41,5898.0,627,0.2871,3,0.040907,0
1557,2021,36,47,10292.0,629,0.1409,4,0.023441,0
1558,2023,60,29,2065.0,690,0.5577,2,0.427126,1
1559,2023,36,52,7554.0,599,0.1284,3,0.008879,0
1560,2021,12,35,2840.0,524,0.0616,4,0.004634,0
1561,2021,36,37,7539.0,464,0.08,1,0.001605,0
1562,2021,12,30,3876.0,548,0.1484,1,0.010679,0
1563,2021,48,22,3272.0,653,0.1978,1,0.119508,0
1564,2021,24,46,3623.0,735,0.1991,3,0.258441,0
1565,2022,24,45,2386.0,624,0.0966,1,0.062314,0
1566,2022,36,35,5015.0,522,0.2699,2,0.012108,0
1567,2022,36,38,3340.0,549,0.2821,4,0.008854,0
1568,2021,24,43,7282.0,552,0.0608,2,0.004593,0
1569,2023,48,22,6768.0,587,0.0819,1,0.018565,0
1570,2023,60,32,11431.0,709,0.549,4,0.284787,1
1571,2021,24,45,5903.0,715,0.1711,1,0.365543,0
1572,2023,24,25,6376.0,606,0.5013,3,0.06391,0
1573,2023,12,40,9898.0,634,0.3913,2,0.066487,0
1574,2021,24,24,3591.0,556,0.1974,3,0.013393,0
1575,2022,24,42,2335.0,483,0.2547,2,0.006007,0
1576,2021,24,37,5432.0,763,0.0765,3,0.292843,0
1577,2023,60,22,2413.0,434,0.3225,2,0.00215,0
1578,2023,24,49,16764.0,473,0.7816,1,0.007857,0
1579,2021,24,30,10176.0,763,0.3337,1,0.574485,1
1580,2023,24,29,14501.0,621,0.3117,1,0.038162,0
1581,2022,24,40,5071.0,529,0.0634,1,0.008952,0
1582,2022,36,49,6472.0,674,0.16,1,0.173453,0
1583,2022,60,27,3906.0,681,0.0458,2,0.103074,0
1584,2023,12,38,7642.0,513,0.4046,1,0.012787,0
1585,2023,12,42,2676.0,577,0.2287,2,0.025217,0
1586,2022,60,44,1378.0,690,0.4305,2,0.286405,1
1587,2022,48,39,3310.0,554,0.2693,3,0.013278,0
1588,2021,24,34,2374.0,642,0.2025,1,0.143038,0
1589,2023,36,29,10290.0,733,0.4088,1,0.460453,1
1590,2021,48,38,12184.0,428,0.491,2,0.00122,0
1591,2022,12,27,2437.0,592,0.1674,2,0.024639,0
1592,2021,24,22,9376.0,640,0.4071,1,0.054756,0
1593,2022,36,42,7908.0,476,0.1717,1,0.002153,0
1594,2022,36,47,2242.0,577,0.161,2,0.016442,0
1595,2022,24,22,4044.0,703,0.394,2,0.456242,1
1596,2022,24,27,3677.0,563,0.122,2,0.008834,0
1597,2022,60,44,7144.0,501,0.128,4,0.001365,0
1598,2021,48,58,2659.0,710,0.0528,2,0.094522,1
1599,2022,60,38,4678.0,655,0.1505,3,0.049856,0
1600,2022,36,30,3488.0,614,0.3066,2,0.120213,0
1601,2022,36,36,6227.0,612,0.3739,2,0.029032,0
1602,2021,36,51,4410.0,702,0.2145,3,0.114244,1
1603,2022,24,31,3761.0,643,0.3061,2,0.068737,0
1604,2021,24,30,4418.0,671,0.199,1,0.154808,0
1605,2021,12,33,13603.0,564,0.4818,3,0.015735,0
1606,2023,24,28,3990.0,466,0.6484,4,0.002709,0
1607,2021,24,39,2920.0,669,0.1807,3,0.099903,0
1608,2021,24,54,6580.0,708,0.312,1,0.330472,1
1609,2023,24,41,4574.0,602,0.4676,4,0.048349,0
1610,2021,24,35,2422.0,691,0.4072,1,0.357663,0
1611,2021,48,35,14999.0,593,0.1739,1,0.008246,0
1612,2023,60,22,4121.0,612,0.4521,1,0.182276,0
1613,2022,36,46,4069.0,760,0.1073,1,0.408337,1
1614,2021,48,37,5324.0,596,0.2197,1,0.032147,0
1615,2021,48,36,11673.0,591,0.5086,3,0.029744,0
1616,2022,60,69,2122.0,470,0.1207,1,0.002371,0
1617,2023,60,40,5642.0,675,0.1567,2,0.095726,0
1618,2021,12,30,13956.0,563,0.3613,2,0.01238,0
1619,2023,24,33,5242.0,631,0.369,1,0.120087,0
1620,2022,36,49,2650.0,594,0.3829,1,0.085072,0
1621,2021,36,39,3608.0,584,0.0256,2,0.017117,0
1622,2021,48,23,5450.0,610,0.2074,1,0.062035,0
1623,2022,12,47,9561.0,616,0.2416,1,0.036219,0
1624,2023,12,31,4148.0,714,0.3747,3,0.221048,1
1625,2022,24,56,7430.0,741,0.0203,1,0.253395,0
1626,2021,48,48,2398.0,672,0.1698,2,0.126491,0
1627,2022,24,33,2388.0,721,0.7545,4,0.524024,0
1628,2021,12,50,3861.0,688,0.4757,1,0.45397,1
1629,2022,48,38,10087.0,659,0.1457,1,0.05363,0
1630,2023,24,46,5087.0,736,0.2902,2,0.316258,1
1631,2021,12,42,5681.0,515,0.1493,2,0.004982,0
1632,2021,24,29,5648.0,565,0.5562,2,0.038953,0
1633,2023,36,31,8558.0,554,0.2278,1,0.017274,0
1634,2022,24,48,3622.0,595,0.1122,2,0.046149,1
1635,2021,36,34,6934.0,674,0.2183,2,0.061849,0
1636,2021,24,33,3244.0,530,0.3663,4,0.006149,0
1637,2023,12,28,13248.0,660,0.3962,1,0.107016,0
1638,2021,24,42,3294.0,573,0.2174,2,0.01914,0
1639,2022,36,58,3162.0,592,0.4016,1,0.044379,0
1640,2021,24,27,6469.0,636,0.1862,3,0.022787,0
1641,2023,24,38,5115.0,754,0.6461,2,0.61256,0
1642,2022,12,52,5787.0,563,0.3379,1,0.025843,0
1643,2022,24,37,5506.0,613,0.2505,2,0.057906,0
1644,2022,36,42,2849.0,533,0.0855,2,0.006807,0
1645,2022,36,27,11011.0,562,0.4909,3,0.017107,0
1646,2022,60,42,7683.0,533,0.7721,3,0.016322,0
1647,2022,48,36,9696.0,639,0.0787,2,0.042482,0
1648,2023,12,47,3774.0,654,0.1343,1,0.06928,0
1649,2023,36,49,6053.0,674,0.2423,1,0.187305,0
1650,2023,36,63,5425.0,559,0.2128,1,0.012488,0
1651,2023,36,43,8639.0,660,0.2648,2,0.075203,1
1652,2023,24,41,8779.0,629,0.324,2,0.044808,0
1653,2023,36,39,5413.0,615,0.6344,1,0.1753,0
1654,2022,36,34,2301.0,520,0.0788,2,0.005035,0
1655,2022,48,41,11966.0,632,0.5518,1,0.140783,0
1656,2023,36,35,6490.0,634,0.1488,1,0.070655,0
1657,2021,36,39,3626.0,628,0.502,1,0.117245,0
1658,2022,36,51,6023.0,652,0.2167,2,0.0556,0
1659,2021,60,27,2309.0,675,0.3242,3,0.163568,0
1660,2022,24,49,8330.0,532,0.1922,3,0.003169,0
1661,2023,24,51,2355.0,602,0.0934,2,0.024107,0
1662,2023,24,36,4401.0,661,0.2894,1,0.167553,0
1663,2022,24,22,5554.0,598,0.2701,2,0.042905,0
1664,2021,24,31,8262.0,696,0.3616,1,0.269673,1
1665,2022,12,50,5184.0,627,0.361,2,0.085443,0
1666,2022,60,37,6751.0,463,0.4074,2,0.003038,0
1667,2021,24,28,4846.0,687,0.5721,1,0.370098,0
1668,2023,60,32,4836.0,610,0.249,2,0.049967,0
1669,2022,36,46,5129.0,478,0.116,2,0.001248,0
1670,2021,24,43,4471.0,599,0.4089,3,0.050487,0
1671,2023,24,35,2115.0,518,0.3957,1,0.016263,0
1672,2021,24,34,3347.0,680,0.4816,3,0.196286,0
1673,2022,24,34,5555.0,617,0.2851,1,0.054552,0
1674,2022,12,28,4339.0,546,0.2067,1,0.01725,0
1675,2023,12,54,4546.0,684,0.3684,4,0.064689,0
1676,2022,12,34,4181.0,656,0.1293,2,0.06958,0
1677,2021,12,50,3191.0,601,0.1078,3,0.020863,0
1678,2022,24,53,3841.0,520,0.2707,2,0.010116,0
1679,2021,12,47,4216.0,552,0.5735,2,0.020367,0
1680,2021,24,33,4927.0,551,0.4149,1,0.015777,0
1681,2021,48,42,5983.0,679,0.4444,2,0.183527,0
1682,2022,24,37,4491.0,485,0.0892,1,0.003757,0
1683,2022,24,28,2937.0,616,0.3544,2,0.064372,0
1684,2021,24,41,2443.0,599,0.2314,3,0.028162,0
1685,2022,36,26,18011.0,702,0.2226,2,0.107562,0
1686,2023,12,49,2794.0,638,0.1539,2,0.079045,0
1687,2023,36,33,3792.0,662,0.4064,2,0.211699,0
1688,2022,36,40,6365.0,577,0.5378,3,0.023362,0
1689,2023,48,40,5887.0,521,0.464,2,0.011298,0
1690,2022,36,35,6377.0,593,0.0804,3,0.009458,0
1691,2021,24,43,3939.0,682,0.31,1,0.290812,0
1692,2023,48,33,5537.0,681,0.4857,3,0.138051,0
1693,2022,12,46,5068.0,585,0.0109,2,0.011066,0
1694,2022,24,24,4205.0,551,0.0474,2,0.00813,0
1695,2021,36,39,5556.0,535,0.0278,1,0.011732,0
1696,2021,60,57,8331.0,609,0.1053,3,0.009837,0
1697,2022,24,27,4861.0,630,0.2031,2,0.106875,0
1698,2021,48,31,4877.0,737,0.0938,1,0.263472,0
1699,2022,24,43,8384.0,629,0.1786,1,0.027823,0
1700,2021,24,39,7948.0,669,0.1932,2,0.063679,0
1701,2022,24,41,10851.0,557,0.302,1,0.024425,0
1702,2023,36,42,2042.0,623,0.2981,1,0.050782,0
1703,2022,48,44,7728.0,631,0.1853,1,0.055153,0
1704,2023,60,49,6639.0,608,0.1928,1,0.03134,0
1705,2022,24,42,3156.0,618,0.5829,4,0.062399,0
1706,2022,24,35,5574.0,630,0.1754,2,0.075126,0
1707,2023,12,44,8313.0,658,0.385,2,0.085045,0
1708,2022,36,56,3247.0,713,0.6055,2,0.469551,1
1709,2022,24,36,6132.0,438,0.4274,3,0.001348,0
1710,2021,36,28,7598.0,709,0.2162,2,0.170747,0
1711,2023,36,49,2877.0,483,0.2463,1,0.003856,0
1712,2021,12,36,4577.0,644,0.299,2,0.105378,1
1713,2022,12,22,5713.0,808,0.0726,3,0.56213,0
1714,2023,48,46,3301.0,616,0.2103,2,0.038812,0
1715,2021,24,32,3167.0,634,0.2718,2,0.061539,0
1716,2021,36,37,4594.0,595,0.2508,1,0.032097,0
1717,2021,24,41,7338.0,673,0.3289,1,0.1838,0
1718,2023,36,39,6781.0,648,0.2815,3,0.045149,0
1719,2021,24,45,3195.0,565,0.1771,3,0.014029,0
1720,2023,24,33,6810.0,610,0.3963,2,0.058922,0
1721,2021,24,43,3236.0,530,0.3285,3,0.010288,0
1722,2023,36,35,2197.0,610,0.1781,3,0.043315,0
1723,2023,48,45,4091.0,586,0.5106,1,0.107065,0
1724,2022,60,44,8617.0,630,0.4112,2,0.085559,0
1725,2022,24,28,6822.0,563,0.2463,2,0.015183,0
1726,2021,12,48,4911.0,602,0.1232,1,0.016607,0
1727,2022,24,32,3990.0,620,0.6097,1,0.1338,0
1728,2022,24,46,4045.0,626,0.4425,3,0.0633,0
1729,2021,12,41,5189.0,641,0.2525,4,0.043006,0
1730,2022,48,56,2881.0,606,0.1507,3,0.031577,0
1731,2021,24,35,4130.0,557,0.4363,1,0.027965,0
1732,2021,24,34,4413.0,626,0.1607,2,0.051064,0
1733,2022,24,37,2501.0,605,0.2691,2,0.043596,0
1734,2021,24,34,3232.0,701,0.2908,1,0.377654,1
1735,2021,12,45,6035.0,712,0.3155,2,0.275217,0
1736,2021,24,22,4938.0,510,0.3714,1,0.017317,0
1737,2023,48,27,4212.0,669,0.1426,2,0.082073,0
1738,2022,24,27,3116.0,685,0.1122,1,0.195032,0
1739,2023,24,47,10812.0,512,0.2944,1,0.007346,0
1740,2021,24,55,3232.0,666,0.2713,4,0.03541,0
1741,2021,60,36,5574.0,691,0.4012,2,0.274981,1
1742,2023,24,36,3851.0,544,0.447,3,0.013315,0
1743,2022,24,38,5005.0,601,0.2786,1,0.05494,0
1744,2022,48,49,6178.0,634,0.3833,1,0.114753,0
1745,2022,36,28,2477.0,665,0.2425,4,0.117043,0
1746,2023,36,40,4899.0,540,0.098,1,0.010314,0
1747,2022,24,47,8914.0,712,0.2298,3,0.222061,0
1748,2022,36,43,11858.0,457,0.3931,3,0.001,0
1749,2022,36,39,4605.0,725,0.0328,1,0.19073,0
1750,2022,24,48,5018.0,664,0.0439,1,0.073613,0
1751,2021,48,22,14849.0,570,0.4784,2,0.011093,0
1752,2023,36,44,8669.0,689,0.153,4,0.046305,0
1753,2022,60,31,3610.0,536,0.3964,2,0.012451,0
1754,2021,24,22,3607.0,629,0.3669,2,0.102382,0
1755,2023,12,43,7929.0,639,0.4118,2,0.083292,0
1756,2023,24,51,2965.0,638,0.1439,1,0.073859,0
1757,2022,60,36,8466.0,552,0.173,3,0.007595,0
1758,2022,48,47,5809.0,580,0.6923,3,0.042526,0
1759,2023,36,54,6367.0,630,0.2311,1,0.107161,0
1760,2022,36,51,4323.0,561,0.5067,2,0.029499,0
1761,2022,60,54,3587.0,641,0.3075,2,0.130461,0
1762,2021,48,45,10209.0,570,0.2756,3,0.008952,0
1763,2022,48,38,4344.0,700,0.2284,4,0.134717,0
1764,2023,12,22,4002.0,745,0.2372,3,0.158055,0
1765,2021,36,35,4722.0,596,0.585,2,0.059898,0
1766,2022,36,29,5413.0,693,0.2201,1,0.191227,0
1767,2021,60,59,2935.0,603,0.2195,1,0.038538,0
1768,2022,36,36,3705.0,545,0.2143,2,0.014453,0
1769,2022,24,39,3608.0,585,0.2055,2,0.013849,0
1770,2023,12,43,7500.0,626,0.2917,1,0.0542,0
1771,2022,12,38,3156.0,477,0.3041,1,0.00372,0
1772,2021,48,54,2043.0,670,0.3011,2,0.151228,1
1773,2022,24,31,1838.0,626,0.4474,3,0.097622,0
1774,2022,36,39,2356.0,700,0.137,1,0.331471,0
1775,2021,60,30,9709.0,668,0.0924,1,0.133547,0
1776,2023,60,24,4955.0,629,0.3804,2,0.098681,0
1777,2022,48,31,6315.0,591,0.1779,3,0.017323,0
1778,2022,36,37,6427.0,741,0.1595,1,0.280434,0
1779,2023,24,33,5055.0,793,0.0549,3,0.613749,1
1780,2021,24,31,4734.0,592,0.2153,4,0.019964,0
1781,2023,48,23,8286.0,703,0.2581,2,0.212803,0
1782,2022,36,37,5287.0,563,0.5289,3,0.023646,0
1783,2022,12,22,9893.0,572,0.166,2,0.017947,0
1784,2023,36,45,6704.0,589,0.3954,1,0.024376,0
1785,2021,24,38,3609.0,674,0.1266,2,0.099166,0
1786,2022,12,23,3833.0,534,0.0756,1,0.005839,0
1787,2023,36,34,3416.0,743,0.2735,1,0.456071,1
1788,2022,36,30,9034.0,695,0.0812,3,0.144822,0
1789,2022,12,41,4014.0,672,0.4216,1,0.230146,0
1790,2023,36,51,3297.0,596,0.5013,1,0.062511,0
1791,2021,36,22,5767.0,686,0.3495,1,0.247117,0
1792,2021,36,39,4682.0,386,0.3873,4,0.001,0
1793,2023,24,36,5695.0,655,0.2792,2,0.091421,0
1794,2021,24,44,12644.0,632,0.2466,1,0.045063,0
1795,2022,12,40,7758.0,469,0.1515,1,0.001218,0
1796,2021,60,30,4982.0,652,0.4243,1,0.261955,1
1797,2021,12,34,2430.0,667,0.351,3,0.238587,0
1798,2021,36,30,3828.0,471,0.6341,1,0.007128,0
1799,2023,36,48,7013.0,525,0.4488,1,0.014017,0
1800,2022,24,38,2737.0,785,0.0664,1,0.585965,1
1801,2023,60,57,14335.0,605,0.4246,2,0.024111,0
1802,2021,12,37,4950.0,698,0.4295,2,0.334315,0
1803,2022,12,30,5036.0,710,0.0573,1,0.154854,0
1804,2022,24,22,3522.0,651,0.2034,3,0.071907,0
1805,2022,48,22,6300.0,701,0.2441,2,0.24197,0
1806,2022,48,22,2755.0,450,0.1873,1,0.005681,0
1807,2022,24,40,14508.0,601,0.591,1,0.035113,0
1808,2021,36,43,9496.0,373,0.4024,1,0.001,0
1809,2022,24,22,8040.0,480,0.4625,1,0.008175,0
1810,2022,48,46,2452.0,576,0.1082,1,0.013861,0
1811,2021,24,33,5446.0,566,0.1485,1,0.023649,0
1812,2021,36,39,8996.0,623,0.6248,1,0.104407,0
1813,2022,36,54,6611.0,618,0.4363,1,0.109932,1
1814,2022,48,46,2978.0,630,0.1572,1,0.068614,0
1815,2022,24,35,3551.0,633,0.1562,2,0.072361,0
1816,2022,24,29,3921.0,646,0.2074,1,0.075838,0
1817,2022,24,22,3635.0,543,0.2849,1,0.021609,0
1818,2023,24,30,10555.0,562,0.5207,1,0.034155,0
1819,2022,24,35,1881.0,617,0.1305,1,0.050373,0
1820,2022,24,28,6822.0,618,0.3761,2,0.065323,0
1821,2023,36,36,2576.0,533,0.1619,2,0.00803,0
1822,2022,60,38,3039.0,706,0.2971,3,0.253358,1
1823,2022,48,35,1799.0,677,0.2282,4,0.094632,0
1824,2022,36,31,3735.0,551,0.3209,3,0.015052,0
1825,2023,48,39,10461.0,603,0.1047,1,0.03394,0
1826,2023,24,42,5611.0,780,0.1682,1,0.521367,0
1827,2022,36,27,2699.0,632,0.2105,3,0.059444,0
1828,2022,36,52,8173.0,651,0.2518,3,0.036995,0
1829,2022,48,37,9097.0,571,0.2394,2,0.010878,0
1830,2022,12,38,5177.0,594,0.105,1,0.040758,0
1831,2022,24,45,13594.0,740,0.1664,1,0.280854,1
1832,2022,36,40,7411.0,629,0.3043,2,0.023608,0
1833,2023,24,47,6914.0,614,0.0771,2,0.01846,0
1834,2021,12,40,3289.0,620,0.2979,1,0.069851,0
1835,2023,12,31,6726.0,823,0.2542,2,0.563765,1
1836,2022,24,41,5477.0,623,0.4123,3,0.031959,0
1837,2022,12,26,6374.0,553,0.2224,2,0.012664,0
1838,2023,36,39,3490.0,567,0.7341,2,0.072391,0
1839,2022,24,37,5240.0,682,0.2014,1,0.21017,1
1840,2022,36,35,3267.0,505,0.4463,1,0.013734,0
1841,2023,48,36,1680.0,656,0.648,4,0.128817,1
1842,2021,24,22,8096.0,562,0.5676,2,0.020888,0
1843,2022,24,32,2319.0,471,0.3237,1,0.00618,0
1844,2022,48,38,5185.0,541,0.3199,3,0.007783,0
1845,2022,48,39,5805.0,622,0.3631,3,0.064435,0
1846,2021,48,27,5786.0,731,0.319,1,0.371453,0
1847,2022,36,50,4266.0,693,0.0828,3,0.126045,0
1848,2022,24,29,5629.0,596,0.4914,3,0.039043,0
1849,2021,36,47,6220.0,697,0.3136,3,0.114956,0
1850,2023,24,42,7097.0,591,0.3619,1,0.0387,0
1851,2022,36,31,11693.0,502,0.2432,3,0.003244,0
1852,2021,36,55,5525.0,621,0.1844,2,0.045292,0
1853,2021,36,26,5075.0,499,0.2305,1,0.011196,0
1854,2022,36,47,3123.0,683,0.2115,3,0.136829,0
1855,2021,48,48,6112.0,684,0.136,2,0.091395,1
1856,2022,24,31,6862.0,549,0.3827,3,0.011004,0
1857,2023,12,51,4464.0,631,0.063,2,0.035973,0
1858,2022,48,35,6453.0,630,0.1274,1,0.066556,0
1859,2021,36,40,4246.0,689,0.5515,2,0.414149,0
1860,2021,36,40,6874.0,520,0.0747,4,0.002124,0
1861,2021,36,36,7757.0,667,0.1269,2,0.061047,0
1862,2023,36,46,7703.0,514,0.0883,3,0.002989,0
1863,2023,36,45,5213.0,682,0.5625,3,0.269449,0
1864,2022,48,22,2922.0,705,0.1539,1,0.234516,0
1865,2021,24,51,3619.0,566,0.1998,1,0.012884,0
1866,2023,36,22,6618.0,717,0.4899,4,0.475461,1
1867,2022,36,48,16721.0,494,0.2606,3,0.0016,0
1868,2023,48,49,4145.0,707,0.3768,2,0.216031,0
1869,2021,24,27,6173.0,735,0.174,4,0.227137,0
1870,2022,24,33,3722.0,647,0.1213,2,0.066545,0
1871,2023,24,26,3020.0,604,0.3899,2,0.080572,0
1872,2023,36,35,3505.0,644,0.1078,2,0.050018,0
1873,2022,60,34,1735.0,571,0.2958,3,0.019908,0
1874,2022,48,45,9669.0,829,0.7473,1,0.874672,1
1875,2021,60,51,1612.0,573,0.3139,1,0.028557,0
1876,2021,48,51,4307.0,725,0.2511,1,0.410373,0
1877,2021,24,32,2727.0,560,0.2091,3,0.017416,0
1878,2022,24,35,3158.0,747,0.3925,1,0.578554,1
1879,2022,36,22,9782.0,780,0.3309,1,0.660209,1
1880,2023,24,29,5435.0,650,0.539,2,0.13594,0
1881,2023,36,47,3033.0,642,0.4068,3,0.074015,1
1882,2021,24,54,3660.0,543,0.5484,2,0.011652,0
1883,2021,24,25,3352.0,533,0.5617,3,0.018825,0
1884,2021,48,32,4809.0,643,0.3332,1,0.176552,0
1885,2023,12,37,5359.0,736,0.116,1,0.271941,0
1886,2021,24,40,12680.0,576,0.1831,3,0.006346,0
1887,2022,24,29,1885.0,796,0.1692,1,0.647408,1
1888,2021,36,42,4830.0,571,0.356,4,0.022073,0
1889,2021,36,33,4197.0,638,0.1976,3,0.064266,0
1890,2021,12,37,7889.0,638,0.1442,3,0.049517,0
1891,2021,24,43,5869.0,611,0.4834,1,0.120223,0
1892,2023,36,38,6602.0,456,0.2564,2,0.001,0
1893,2022,24,33,5840.0,570,0.2912,2,0.021117,0
1894,2023,12,36,3084.0,635,0.2828,1,0.121086,0
1895,2023,36,37,9006.0,612,0.4568,2,0.038275,0
1896,2021,36,34,7326.0,670,0.3806,1,0.138045,0
1897,2023,12,35,7768.0,680,0.0931,2,0.117398,0
1898,2022,36,53,9247.0,600,0.5074,1,0.058811,0
1899,2021,24,43,6056.0,543,0.1787,1,0.013002,0
1900,2022,12,35,10306.0,743,0.176,1,0.366815,0
1901,2021,36,44,5936.0,511,0.2883,1,0.014234,0
1902,2022,36,34,4405.0,572,0.6343,2,0.040298,0
1903,2022,24,49,4899.0,552,0.5021,4,0.011768,0
1904,2022,12,41,4857.0,679,0.1899,1,0.134428,0
1905,2021,12,36,3791.0,725,0.058,1,0.291884,1
1906,2023,60,42,11114.0,606,0.4385,2,0.060726,0
1907,2022,24,22,5700.0,638,0.2866,1,0.140108,0
1908,2023,24,26,5153.0,654,0.0868,2,0.077481,0
1909,2021,36,26,5968.0,764,0.5942,3,0.484186,1
1910,2022,48,39,20000.0,478,0.2233,2,0.001,0
1911,2022,24,55,2791.0,679,0.3189,1,0.106749,0
1912,2022,48,60,3221.0,650,0.1402,1,0.181903,0
1913,2021,60,44,2464.0,590,0.4496,3,0.03542,0
1914,2021,36,43,4375.0,646,0.2978,1,0.163595,1
1915,2023,36,22,5557.0,679,0.2497,2,0.233017,0
1916,2023,12,32,3895.0,666,0.0776,1,0.13285,0
1917,2023,36,30,3752.0,792,0.3622,2,0.961219,1
1918,2021,36,31,5277.0,630,0.4469,2,0.146378,0
1919,2023,24,36,3824.0,622,0.1029,1,0.044539,0
1920,2022,24,33,5739.0,605,0.0826,1,0.037196,0
1921,2022,60,22,8579.0,664,0.3595,1,0.212497,0
1922,2022,48,45,6895.0,617,0.1089,2,0.02627,0
1923,2021,24,27,7635.0,621,0.3646,2,0.075041,0
1924,2022,36,40,8459.0,621,0.186,3,0.027972,0
1925,2022,36,58,5661.0,609,0.1167,4,0.01123,0
1926,2021,48,28,4540.0,571,0.5621,2,0.047751,0
1927,2021,24,22,3340.0,653,0.4847,4,0.125139,1
1928,2021,12,35,4042.0,597,0.2151,1,0.035169,0
1929,2022,36,49,3783.0,669,0.0239,2,0.042629,1
1930,2022,12,57,7086.0,628,0.3192,1,0.090417,0
1931,2022,48,25,5845.0,589,0.5099,1,0.104629,0
1932,2023,60,42,6963.0,745,0.192,1,0.296113,0
1933,2021,36,33,2751.0,611,0.0863,3,0.024601,0
1934,2021,36,36,10055.0,669,0.4523,2,0.107808,1
1935,2021,36,64,3970.0,564,0.4506,3,0.01168,0
1936,2021,24,22,2836.0,457,0.2896,2,0.002426,0
1937,2021,12,40,3946.0,574,0.1446,1,0.025602,0
1938,2022,24,42,17016.0,449,0.2443,2,0.001,0
1939,2023,24,48,4049.0,601,0.1013,1,0.021993,0
1940,2023,60,38,4177.0,737,0.2993,4,0.237548,1
1941,2023,48,41,4465.0,547,0.136,3,0.007617,0
1942,2021,60,34,4563.0,451,0.2387,1,0.002312,0
1943,2021,36,40,3325.0,740,0.0888,4,0.227927,1
1944,2023,24,34,5280.0,581,0.29,1,0.029518,0
1945,2023,24,44,8415.0,618,0.306,2,0.07471,0
1946,2021,36,34,5751.0,683,0.0559,1,0.111037,1
1947,2022,48,41,2820.0,661,0.6859,2,0.27844,1
1948,2021,36,37,4137.0,680,0.1904,3,0.082486,0
1949,2021,12,49,3730.0,692,0.1773,1,0.122661,0
1950,2023,24,37,5047.0,480,0.2431,1,0.005066,0
1951,2023,36,22,9559.0,506,0.3952,2,0.00425,0
1952,2022,12,50,4562.0,713,0.417,1,0.417682,0
1953,2022,12,28,4703.0,557,0.1882,1,0.016182,0
1954,2023,60,31,11954.0,566,0.1549,1,0.019048,0
1955,2022,12,32,7617.0,518,0.4189,3,0.006012,0
1956,2022,48,51,6549.0,587,0.3926,3,0.012542,0
1957,2022,24,22,13083.0,592,0.1089,1,0.016677,0
1958,2021,48,69,6279.0,545,0.3621,1,0.026042,0
1959,2022,24,48,1820.0,535,0.4879,1,0.024064,0
1960,2021,36,40,7453.0,645,0.1507,1,0.052887,0
1961,2023,36,37,2217.0,555,0.3448,1,0.039788,0
1962,2021,12,40,6161.0,571,0.2168,3,0.010068,0
1963,2022,48,43,2086.0,445,0.2216,2,0.001857,0
1964,2021,60,44,3892.0,775,0.0604,1,0.471155,1
1965,2022,12,43,4097.0,695,0.1133,2,0.113524,0
1966,2021,24,38,3344.0,580,0.234,1,0.043373,0
1967,2022,24,36,4128.0,548,0.5187,2,0.027897,0
1968,2022,12,36,8236.0,620,0.5142,4,0.029335,0
1969,2021,36,36,3439.0,618,0.4508,2,0.099436,0
1970,2022,24,49,6455.0,517,0.3387,2,0.00909,0
1971,2023,36,43,3033.0,415,0.5197,2,0.001799,0
1972,2022,36,22,4470.0,577,0.2532,1,0.059095,1
1973,2021,36,44,5779.0,494,0.5325,1,0.017301,0
1974,2022,36,39,2986.0,633,0.301,1,0.076788,0
1975,2021,36,37,2551.0,634,0.2838,1,0.13436,0
1976,2023,24,34,6285.0,542,0.1386,1,0.01125,0
1977,2022,12,49,8617.0,577,0.4351,1,0.041967,0
1978,2021,24,47,4724.0,761,0.3497,2,0.471644,0
1979,2022,48,30,3910.0,682,0.2845,1,0.272897,1
1980,2021,12,42,5313.0,583,0.197,4,0.01085,0
1981,2021,48,28,5053.0,803,0.3593,3,0.810687,1
1982,2021,24,24,5549.0,524,0.3892,3,0.009531,0
1983,2021,36,31,1388.0,554,0.2565,3,0.010178,0
1984,2023,24,46,2880.0,611,0.511,2,0.114092,0
1985,2021,24,47,3221.0,497,0.2052,2,0.003825,0
1986,2023,60,43,5300.0,763,0.2716,2,0.525544,0
1987,2021,48,45,5393.0,634,0.2813,1,0.08425,0
1988,2021,12,43,6755.0,556,0.4342,1,0.025458,0
1989,2021,60,31,5590.0,655,0.3353,3,0.081773,0
1990,2021,24,42,2565.0,631,0.1458,2,0.063113,0
1991,2023,12,46,10132.0,595,0.2952,1,0.022773,0
1992,2021,12,45,9283.0,523,0.2625,3,0.004624,0
1993,2023,60,49,2620.0,505,0.1868,2,0.004785,0
1994,2023,24,45,5804.0,794,0.2005,2,0.60377,1
1995,2022,24,41,3649.0,511,0.2948,4,0.002522,0
1996,2022,24,48,5268.0,755,0.2063,4,0.165804,0
1997,2021,36,37,8322.0,552,0.3296,1,0.018452,0
1998,2021,48,29,14258.0,683,0.1419,3,0.093769,0
1999,2022,24,36,7156.0,657,0.1335,4,0.027453,0
2000,2021,36,30,5696.0,673,0.2949,3,0.155027,0
2001,2023,36,31,4147.0,678,0.5365,3,0.225672,0
2002,2021,24,36,5383.0,491,0.237,3,0.002348,0
2003,2022,48,30,9700.0,565,0.1082,4,0.004688,0
2004,2021,24,34,4806.0,510,0.2415,1,0.010183,0
2005,2022,36,22,3156.0,635,0.5439,1,0.265911,0
2006,2022,12,40,2187.0,514,0.5521,1,0.021789,0
2007,2022,36,38,6352.0,461,0.2861,3,0.001554,0
2008,2022,36,29,5562.0,601,0.2946,2,0.0422,0
2009,2023,24,44,3558.0,443,0.6198,1,0.003846,0
2010,2022,36,47,8209.0,640,0.1637,2,0.04101,0
2011,2021,60,22,3980.0,519,0.3751,1,0.015555,0
2012,2021,12,30,4595.0,552,0.4987,1,0.038062,0
2013,2023,36,30,4874.0,437,0.1708,1,0.001698,0
2014,2021,12,28,4124.0,752,0.1773,1,0.470935,0
2015,2022,36,46,5530.0,502,0.0876,1,0.004112,0
2016,2021,48,36,8741.0,590,0.2456,1,0.023679,0
2017,2023,36,35,2776.0,476,0.3518,1,0.004704,0
2018,2022,36,22,6275.0,553,0.4168,2,0.030157,0
2019,2022,24,44,5357.0,760,0.1786,1,0.602553,1
2020,2022,24,25,5308.0,643,0.0954,3,0.045347,0
2021,2022,60,38,7600.0,562,0.3383,1,0.018355,0
2022,2021,24,40,5037.0,617,0.3961,3,0.05915,0
2023,2022,24,51,6249.0,575,0.2402,1,0.019577,0
2024,2022,36,24,7030.0,612,0.2182,4,0.029023,0
2025,2021,24,22,3819.0,679,0.0653,1,0.150091,0
2026,2023,36,39,5708.0,593,0.2745,1,0.063948,0
2027,2021,36,56,4336.0,637,0.6011,1,0.178654,0
2028,2023,48,50,4599.0,638,0.1302,1,0.049592,0
2029,2021,48,40,4184.0,593,0.1441,1,0.040389,0
2030,2022,24,33,6220.0,561,0.211,3,0.00854,0
2031,2021,24,46,5120.0,577,0.2738,2,0.022806,0
2032,2021,24,28,5987.0,675,0.0691,1,0.13057,0
2033,2021,36,42,4872.0,682,0.2998,3,0.113941,0
2034,2022,48,43,2204.0,528,0.3048,3,0.008399,0
2035,2021,36,48,4992.0,599,0.149,4,0.016168,0
2036,2021,24,65,5073.0,559,0.164,1,0.007898,0
2037,2023,36,41,5549.0,683,0.2572,2,0.210709,0
2038,2021,36,32,3652.0,582,0.1567,2,0.025564,0
2039,2023,36,37,2703.0,796,0.2429,3,0.655123,1
2040,2021,48,22,6716.0,637,0.3823,2,0.097847,0
2041,2022,24,31,4286.0,714,0.3749,2,0.593409,1
2042,2022,12,33,5354.0,538,0.2091,3,0.010606,0
2043,2022,60,32,4270.0,620,0.3706,2,0.06659,1
2044,2023,24,39,4900.0,669,0.2519,1,0.161597,0
2045,2021,12,29,3926.0,537,0.4253,2,0.020586,0
2046,2022,24,49,3029.0,621,0.3076,2,0.073203,0
2047,2023,36,38,6228.0,704,0.2505,2,0.101032,0
2048,2021,48,37,3635.0,593,0.4459,1,0.077333,0
2049,2022,36,34,5335.0,551,0.1631,3,0.01331,0
2050,2023,36,39,6034.0,764,0.2043,1,0.438772,0
2051,2022,36,46,3665.0,526,0.1257,1,0.004693,0
2052,2022,36,29,2692.0,632,0.1586,1,0.075875,0
2053,2023,48,31,16532.0,563,0.2049,1,0.009091,0
2054,2023,24,34,3775.0,545,0.4981,3,0.029554,0
2055,2021,12,24,6712.0,679,0.2656,3,0.118499,0
2056,2022,36,29,12961.0,603,0.1812,1,0.018901,0
2057,2022,36,33,7295.0,652,0.2841,1,0.16164,1
2058,2023,12,46,4229.0,439,0.1634,2,0.001033,0
2059,2022,36,40,4753.0,660,0.2076,2,0.067967,0
2060,2022,24,39,3241.0,562,0.2026,1,0.013784,0
2061,2022,36,46,7638.0,469,0.3187,4,0.001689,0
2062,2023,36,36,6523.0,770,0.3817,1,0.535567,0
2063,2022,24,41,3800.0,668,0.3117,4,0.127637,0
2064,2021,60,36,2919.0,638,0.3624,2,0.153378,0
2065,2022,12,40,2539.0,719,0.3794,4,0.303244,0
2066,2023,24,32,8049.0,639,0.1448,2,0.038877,0
2067,2022,24,22,5220.0,556,0.1472,1,0.012531,0
2068,2021,12,36,5473.0,606,0.0873,2,0.014856,0
2069,2022,24,52,3257.0,565,0.3579,4,0.010765,0
2070,2021,36,47,2364.0,579,0.2203,2,0.012,0
2071,2022,24,47,7953.0,519,0.1781,3,0.003912,0
2072,2022,24,50,5019.0,542,0.4133,4,0.01234,0
2073,2022,48,38,7736.0,691,0.3122,1,0.228641,0
2074,2023,36,39,4052.0,646,0.1204,2,0.060513,0
2075,2021,60,31,4366.0,579,0.6097,1,0.11952,0
2076,2022,12,34,7021.0,537,0.2949,4,0.004866,0
2077,2022,24,44,7088.0,587,0.3403,2,0.026171,0
2078,2023,36,50,7323.0,485,0.3374,3,0.002042,0
2079,2021,24,36,4240.0,630,0.0689,1,0.045071,0
2080,2022,24,33,6683.0,695,0.2752,2,0.170313,1
2081,2023,36,38,8557.0,809,0.1106,2,0.582551,1
2082,2022,24,44,4664.0,531,0.2767,3,0.007447,0
2083,2021,12,23,3802.0,692,0.1697,2,0.148603,0
2084,2021,24,22,9618.0,563,0.5198,3,0.025747,0
2085,2023,12,32,3543.0,529,0.1915,2,0.009984,0
2086,2022,24,25,6733.0,529,0.3464,1,0.0112,0
2087,2021,36,32,4773.0,631,0.0212,2,0.039901,0
2088,2023,12,36,1957.0,545,0.5072,3,0.027457,0
2089,2022,24,33,8641.0,571,0.5741,1,0.039044,0
2090,2022,48,52,1238.0,584,0.3767,1,0.063297,0
2091,2022,12,41,1822.0,560,0.0273,2,0.011828,0
2092,2022,24,41,6398.0,554,0.4395,1,0.016932,0
2093,2022,60,44,6397.0,425,0.009,1,0.001,0
2094,2021,48,26,3573.0,626,0.0605,2,0.045969,0
2095,2022,12,48,5292.0,625,0.1391,3,0.032846,0
2096,2021,12,37,1386.0,556,0.4799,4,0.027434,0
2097,2023,24,44,6999.0,648,0.6548,1,0.162108,0
2098,2022,48,27,5568.0,731,0.2324,1,0.281768,0
2099,2023,12,22,4804.0,621,0.5153,4,0.064915,0
2100,2023,24,46,4966.0,726,0.1176,3,0.212368,0
2101,2023,48,41,6289.0,799,0.5797,4,0.602858,1
2102,2021,36,28,4844.0,822,0.1764,3,0.703119,0
2103,2021,12,29,1926.0,524,0.307,2,0.015844,0
2104,2021,36,49,14738.0,525,0.3018,2,0.00366,0
2105,2021,24,26,8959.0,584,0.3151,2,0.046409,0
2106,2022,12,54,2585.0,630,0.3396,1,0.087875,0
2107,2022,48,28,4136.0,746,0.5157,2,0.471925,0
2108,2021,36,44,4368.0,670,0.3081,3,0.077355,1
2109,2022,60,34,8429.0,523,0.4528,1,0.018566,0
2110,2023,24,44,1670.0,571,0.2262,1,0.036415,0
2111,2021,36,32,3830.0,616,0.2777,1,0.054225,0
2112,2022,12,36,2038.0,500,0.2611,1,0.012483,0
2113,2023,48,38,4262.0,621,0.1779,1,0.040861,0
2114,2021,24,27,3881.0,524,0.6405,2,0.025152,0
2115,2022,24,45,5115.0,487,0.0827,3,0.001897,0
2116,2021,60,32,3632.0,544,0.2808,1,0.016129,0
2117,2022,36,35,3376.0,652,0.0812,2,0.079613,0
2118,2022,24,28,6700.0,652,0.2305,3,0.063234,0
2119,2021,12,22,6169.0,627,0.1302,4,0.029071,0
2120,2022,24,36,6475.0,699,0.2707,1,0.195255,0
2121,2021,48,62,4499.0,690,0.3476,2,0.309886,1
2122,2021,60,45,3693.0,636,0.2593,2,0.067339,0
2123,2022,12,37,4631.0,625,0.4773,4,0.050652,0
2124,2023,24,35,6314.0,630,0.2881,1,0.097707,0
2125,2021,36,38,1655.0,608,0.0686,3,0.014546,0
2126,2023,24,43,5985.0,446,0.1058,2,0.00104,0
2127,2021,60,26,5736.0,710,0.2139,1,0.207385,0
2128,2021,36,49,5070.0,651,0.6402,1,0.202739,0
2129,2023,48,45,4561.0,522,0.384,2,0.010338,0
2130,2022,48,45,1362.0,734,0.2652,1,0.480372,1
2131,2023,24,42,3944.0,572,0.1704,3,0.009817,0
2132,2021,24,38,12025.0,611,0.1072,3,0.011578,0
2133,2023,24,44,4947.0,701,0.2744,2,0.264067,0
2134,2023,48,43,4215.0,637,0.4279,2,0.102957,0
2135,2021,12,34,4956.0,726,0.1619,2,0.230285,0
2136,2023,12,32,5869.0,591,0.1309,1,0.028729,0
2137,2022,24,39,6832.0,755,0.2067,1,0.399964,0
2138,2021,36,53,4383.0,557,0.3785,3,0.014159,0
2139,2023,24,25,6078.0,725,0.1599,3,0.273545,0
2140,2023,24,23,11365.0,438,0.2004,1,0.00109,0
2141,2022,60,39,8128.0,531,0.7343,2,0.026488,0
2142,2022,36,38,15838.0,643,0.1207,4,0.006977,0
2143,2023,24,39,3539.0,587,0.1443,4,0.011659,0
2144,2022,48,40,11363.0,614,0.4595,3,0.03792,0
2145,2022,48,35,3310.0,623,0.4542,1,0.133196,0
2146,2022,24,52,5865.0,524,0.288,1,0.006764,0
2147,2023,60,22,7089.0,530,0.2038,3,0.0036,0
2148,2023,36,29,3807.0,638,0.0972,2,0.052442,0
2149,2023,36,36,5136.0,566,0.3583,3,0.016434,0
2150,2021,36,22,7748.0,727,0.3138,1,0.540859,0
2151,2022,36,36,3446.0,604,0.4343,2,0.078246,0
2152,2022,24,54,11324.0,677,0.0322,3,0.027089,0
2153,2023,12,38,2459.0,655,0.3124,1,0.200157,0
2154,2023,24,40,12963.0,571,0.4047,4,0.007209,0
2155,2022,12,25,8108.0,461,0.1832,2,0.002027,0
2156,2021,48,31,4699.0,714,0.6553,1,0.638675,0
2157,2022,48,34,4019.0,541,0.2568,2,0.014892,0
2158,2023,24,34,3814.0,587,0.1548,3,0.021338,1
2159,2021,36,50,4592.0,607,0.323,2,0.022952,0
2160,2021,36,43,4797.0,615,0.1249,3,0.023303,0
2161,2023,36,26,9206.0,696,0.1241,1,0.201199,0
2162,2021,36,40,13152.0,620,0.2665,2,0.047837,0
2163,2022,60,42,5430.0,609,0.2877,1,0.079194,0
2164,2022,12,49,3220.0,701,0.091,1,0.240884,0
2165,2023,12,53,3741.0,668,0.3912,3,0.137944,0
2166,2022,36,27,4485.0,561,0.1486,2,0.012432,1
2167,2022,12,29,2936.0,528,0.4892,4,0.016475,0
2168,2022,36,25,2726.0,554,0.2092,3,0.011738,0
2169,2022,24,35,14025.0,616,0.1549,2,0.018248,0
2170,2022,36,42,5718.0,520,0.3234,3,0.005554,0
2171,2023,36,47,3240.0,627,0.2021,1,0.07093,0
2172,2021,12,37,7393.0,609,0.1786,2,0.036592,0
2173,2021,12,34,2727.0,416,0.6583,2,0.004281,0
2174,2021,36,39,2841.0,507,0.0762,2,0.002957,0
2175,2023,24,29,3289.0,389,0.3142,3,0.001,0
2176,2021,48,58,11240.0,592,0.1907,2,0.019573,0
2177,2021,24,22,4331.0,705,0.0629,3,0.127182,0
2178,2022,36,39,1450.0,468,0.3025,3,0.002462,0
2179,2022,12,58,9000.0,514,0.2429,1,0.005856,0
2180,2023,36,38,4217.0,606,0.5294,2,0.072328,0
2181,2022,12,36,1949.0,534,0.395,3,0.01409,0
2182,2022,36,34,4195.0,534,0.2022,3,0.005455,0
2183,2022,60,36,6377.0,663,0.241,3,0.119427,0
2184,2021,12,51,6015.0,580,0.5055,1,0.052763,0
2185,2021,24,22,12079.0,501,0.1699,3,0.002036,0
2186,2021,24,53,3209.0,452,0.1135,2,0.002528,0
2187,2023,24,23,5031.0,796,0.496,4,0.821433,1
2188,2023,12,35,3464.0,710,0.1272,2,0.220094,0
2189,2022,24,33,2273.0,583,0.3693,3,0.038744,1
2190,2021,24,43,7652.0,627,0.2008,2,0.044165,0
2191,2023,24,22,6196.0,580,0.2536,4,0.015201,0
2192,2021,12,42,5664.0,660,0.0603,2,0.142558,0
2193,2022,12,58,6084.0,551,0.1229,1,0.009896,0
2194,2021,24,24,3489.0,576,0.1471,2,0.027553,0
2195,2023,36,39,2972.0,656,0.3554,1,0.14715,0
2196,2022,24,31,5008.0,736,0.2552,3,0.221717,0
2197,2023,60,42,8783.0,679,0.0763,1,0.112741,0
2198,2022,36,38,10982.0,718,0.2299,1,0.214086,0
2199,2021,12,31,7315.0,595,0.2481,3,0.024091,0
2200,2021,24,42,4987.0,570,0.106,2,0.012058,0
2201,2021,24,56,5625.0,464,0.5445,1,0.005032,0
2202,2021,36,36,4943.0,625,0.5027,4,0.038738,0
2203,2022,12,45,2943.0,650,0.322,2,0.137788,0
2204,2021,24,25,4976.0,595,0.0148,2,0.015453,0
2205,2021,36,28,2521.0,557,0.3098,1,0.027376,0
2206,2021,24,42,4619.0,719,0.2529,1,0.462153,1
2207,2021,36,52,11137.0,670,0.1948,1,0.077366,0
2208,2022,36,41,7416.0,725,0.5613,1,0.574563,0
2209,2021,24,34,3098.0,543,0.0321,2,0.008196,0
2210,2022,36,37,4740.0,563,0.3541,4,0.017647,0
2211,2023,36,25,3238.0,716,0.3882,1,0.537195,1
2212,2021,60,44,4764.0,616,0.429,4,0.041008,0
2213,2021,24,46,8271.0,574,0.2019,2,0.011054,0
2214,2021,24,33,6812.0,580,0.1694,2,0.011408,0
2215,2022,36,33,17019.0,619,0.4746,1,0.054153,0
2216,2023,24,40,8922.0,700,0.1873,3,0.063685,0
2217,2021,36,33,5443.0,607,0.4019,3,0.025659,0
2218,2022,24,37,6895.0,683,0.2193,3,0.091374,0
2219,2021,12,58,4442.0,657,0.134,1,0.071865,0
2220,2023,36,35,2797.0,549,0.5083,2,0.019532,0
2221,2021,24,34,9442.0,549,0.2557,4,0.00494,0
2222,2022,24,31,8140.0,583,0.3616,2,0.027763,0
2223,2022,36,45,4357.0,513,0.0978,1,0.004808,0
2224,2022,48,36,5636.0,578,0.3478,1,0.04477,0
2225,2022,60,31,9140.0,741,0.328,1,0.287206,1
2226,2022,48,51,7504.0,617,0.0696,2,0.031943,0
2227,2021,24,52,2365.0,558,0.896,2,0.131129,0
2228,2021,24,31,5551.0,773,0.4032,3,0.530053,1
2229,2023,24,22,4520.0,545,0.5746,4,0.017106,0
2230,2022,48,48,8574.0,543,0.306,1,0.010763,0
2231,2022,48,31,8230.0,718,0.3815,3,0.296036,0
2232,2021,48,45,9502.0,672,0.1574,2,0.088177,0
2233,2023,24,22,2810.0,609,0.2702,4,0.019904,0
2234,2022,36,46,3321.0,686,0.4075,4,0.119261,1
2235,2022,48,25,8579.0,644,0.397,3,0.041694,0
2236,2021,24,45,3656.0,525,0.254,1,0.015659,0
2237,2021,36,38,2297.0,428,0.1717,4,0.001,0
2238,2022,24,28,6414.0,574,0.5566,1,0.049978,0
2239,2022,12,33,3738.0,706,0.6178,3,0.455979,1
2240,2021,48,44,12027.0,585,0.2862,2,0.015949,0
2241,2021,36,39,5699.0,656,0.3095,2,0.080547,0
2242,2023,48,43,5325.0,634,0.1515,3,0.02346,0
2243,2021,36,57,4086.0,484,0.2442,3,0.002769,0
2244,2023,24,22,10888.0,587,0.2355,1,0.029383,0
2245,2022,12,54,5880.0,648,0.2705,1,0.083367,1
2246,2021,36,39,4007.0,557,0.0652,4,0.013789,0
2247,2022,36,29,3304.0,590,0.3616,1,0.068261,1
2248,2022,24,24,4737.0,651,0.252,3,0.063215,0
2249,2023,24,36,3014.0,625,0.2148,3,0.067408,0
2250,2023,24,47,8221.0,703,0.0497,4,0.066465,0
2251,2021,48,36,1990.0,650,0.0954,4,0.036091,0
2252,2021,24,53,4584.0,543,0.6408,2,0.027934,0
2253,2022,36,23,6668.0,581,0.0845,1,0.028016,0
2254,2021,60,37,5832.0,621,0.4702,1,0.081208,0
2255,2022,12,25,3434.0,727,0.5288,1,0.732362,1
2256,2022,48,41,6837.0,582,0.328,2,0.022875,0
2257,2021,60,46,3156.0,481,0.4723,1,0.00621,0
2258,2021,12,33,4860.0,655,0.3743,3,0.064267,0
2259,2023,48,22,6808.0,559,0.1781,1,0.014911,1
2260,2022,24,39,6195.0,517,0.1498,4,0.001189,0
2261,2022,24,42,3507.0,621,0.3501,2,0.056044,0
2262,2022,12,42,8944.0,697,0.1828,1,0.145887,0
2263,2023,60,50,5132.0,574,0.2493,2,0.019428,0
2264,2022,36,27,7126.0,659,0.491,1,0.254317,0
2265,2023,24,44,10557.0,674,0.1591,2,0.072832,0
2266,2021,36,49,8593.0,683,0.3917,2,0.112185,0
2267,2021,36,22,8605.0,561,0.5169,3,0.010095,0
2268,2022,48,41,5412.0,530,0.1708,2,0.006882,1
2269,2023,48,32,7310.0,541,0.3197,4,0.003404,0
2270,2022,24,37,5469.0,683,0.446,1,0.257368,0
2271,2022,36,41,2685.0,673,0.0371,1,0.14818,0
2272,2022,48,33,5718.0,543,0.2244,3,0.008456,0
2273,2021,36,31,5587.0,790,0.1219,2,0.603165,1
2274,2021,48,38,6580.0,533,0.1664,1,0.007841,0
2275,2022,48,27,4610.0,699,0.5206,3,0.315753,0
2276,2021,60,27,3359.0,741,0.3128,2,0.432816,0
2277,2023,12,44,6824.0,628,0.3014,2,0.065604,0
2278,2021,36,26,2549.0,558,0.0536,3,0.008751,0
2279,2022,24,44,10193.0,560,0.0443,3,0.003258,0
2280,2023,60,42,4378.0,599,0.4326,1,0.052745,0
2281,2022,48,22,5557.0,706,0.1517,2,0.183447,1
2282,2021,24,31,6498.0,524,0.1702,3,0.004858,0
2283,2021,60,49,6603.0,472,0.3441,1,0.003877,0
2284,2023,36,28,2430.0,648,0.1988,1,0.152255,0
2285,2021,36,33,7421.0,666,0.1497,1,0.181036,0
2286,2022,24,42,5719.0,777,0.2047,1,0.760667,1
2287,2022,24,45,3577.0,509,0.6267,2,0.013844,0
2288,2023,60,35,3378.0,609,0.1883,3,0.050574,0
2289,2022,12,32,4159.0,712,0.3556,2,0.442606,0
2290,2022,36,52,2567.0,629,0.4669,1,0.207343,0
2291,2022,12,55,11628.0,604,0.2122,3,0.014348,0
2292,2021,36,47,10333.0,683,0.8083,1,0.332515,1
2293,2023,36,38,6160.0,572,0.319,2,0.024908,0
2294,2022,48,29,4395.0,688,0.527,1,0.357922,1
2295,2021,24,29,4454.0,519,0.3554,2,0.011902,0
2296,2021,12,43,7180.0,498,0.3615,1,0.004559,0
2297,2021,36,42,11836.0,598,0.4301,1,0.038009,1
2298,2021,36,52,3695.0,414,0.2337,4,0.001,0
2299,2022,36,44,2811.0,626,0.3782,2,0.117425,0
2300,2022,24,22,10655.0,481,0.4421,4,0.002641,0
2301,2023,24,48,2011.0,642,0.1751,2,0.063744,0
2302,2021,36,28,2968.0,634,0.4034,2,0.09219,1
2303,2023,36,34,4344.0,614,0.3352,4,0.024277,0
2304,2023,48,40,2252.0,654,0.3133,2,0.141644,0
2305,2023,48,57,8570.0,636,0.2172,1,0.054058,0
2306,2022,36,69,7544.0,596,0.133,2,0.01892,0
2307,2021,48,44,3687.0,766,0.4585,1,0.614846,1
2308,2023,24,36,9319.0,651,0.2707,4,0.027386,0
2309,2022,36,43,10144.0,681,0.2277,1,0.082283,0
2310,2022,24,46,4644.0,705,0.1374,3,0.141133,0
2311,2021,48,34,3923.0,673,0.2028,1,0.180182,0
2312,2023,60,55,15211.0,785,0.5842,1,0.705888,1
2313,2023,36,40,7049.0,633,0.1115,1,0.033065,0
2314,2021,24,42,5587.0,619,0.3729,1,0.099058,1
2315,2022,24,44,9718.0,568,0.2766,1,0.020506,1
2316,2021,12,42,5716.0,599,0.5422,1,0.10275,0
2317,2023,36,46,3817.0,561,0.4468,1,0.034617,0
2318,2021,60,31,5116.0,674,0.3062,3,0.132464,0
2319,2021,24,32,8261.0,547,0.2928,2,0.014078,0
2320,2021,60,26,1815.0,625,0.2172,2,0.06311,0
2321,2022,36,42,4256.0,664,0.1524,2,0.127863,0
2322,2022,36,45,9814.0,632,0.0995,3,0.030857,0
2323,2023,24,42,3805.0,548,0.1497,1,0.011295,0
2324,2022,12,54,10647.0,675,0.4543,2,0.116048,0
2325,2022,60,37,9970.0,613,0.3236,1,0.047586,0
2326,2023,24,44,4756.0,390,0.2132,4,0.001,0
2327,2022,24,27,3699.0,541,0.0994,2,0.006265,0
2328,2023,48,34,4257.0,732,0.4288,4,0.316412,0
2329,2021,12,44,18626.0,738,0.0917,3,0.068367,0
2330,2022,12,46,12547.0,662,0.4231,1,0.089845,0
2331,2021,48,35,5233.0,682,0.0829,2,0.15018,1
2332,2022,36,37,3626.0,557,0.0503,2,0.01212,0
2333,2023,24,22,5211.0,599,0.1673,3,0.029169,0
2334,2021,24,34,5552.0,718,0.1998,1,0.41154,0
2335,2021,60,46,2639.0,654,0.4016,3,0.072542,0
2336,2023,24,43,5115.0,625,0.352,1,0.086467,0
2337,2022,12,43,9520.0,605,0.1322,2,0.024313,0
2338,2021,60,38,1999.0,713,0.1573,3,0.186027,0
2339,2022,24,38,7430.0,709,0.3467,1,0.225308,1
2340,2023,60,31,9773.0,671,0.4336,1,0.231163,0
2341,2022,24,44,3713.0,625,0.1917,1,0.093996,1
2342,2021,12,42,11465.0,591,0.257,1,0.021634,0
2343,2023,36,42,3480.0,675,0.4803,2,0.354997,1
2344,2021,24,32,6127.0,531,0.054,3,0.001824,0
2345,2022,36,22,4216.0,548,0.1008,3,0.00827,0
2346,2023,36,48,4215.0,503,0.2755,3,0.00241,0
2347,2022,36,33,3610.0,718,0.4802,1,0.525241,1
2348,2023,60,29,6969.0,562,0.2823,1,0.020746,0
2349,2022,48,44,7513.0,652,0.1731,2,0.062253,0
2350,2021,12,34,4759.0,609,0.4592,1,0.085729,0
2351,2022,48,48,2490.0,850,0.3978,3,0.961308,1
2352,2022,24,44,6012.0,655,0.5049,4,0.074131,0
2353,2022,24,44,6069.0,471,0.256,3,0.001891,0
2354,2022,48,24,4410.0,714,0.3711,4,0.155058,0
2355,2023,36,50,12502.0,589,0.0907,4,0.007751,0
2356,2023,24,40,2249.0,603,0.0593,1,0.031925,0
2357,2022,12,34,1622.0,566,0.0568,2,0.015497,0
2358,2023,24,39,3410.0,635,0.0698,3,0.044104,0
2359,2021,36,22,7011.0,634,0.2776,2,0.087292,0
2360,2021,12,42,2899.0,568,0.3554,2,0.018586,0
2361,2021,36,27,3009.0,579,0.3356,1,0.028944,0
2362,2022,12,24,7907.0,628,0.1818,2,0.062484,0
2363,2021,36,22,6194.0,432,0.4113,1,0.003998,0
2364,2022,12,49,5934.0,504,0.2962,1,0.013568,0
2365,2022,12,31,7264.0,753,0.1913,1,0.484927,0
2366,2022,36,53,3974.0,646,0.693,1,0.338725,1
2367,2023,36,32,4066.0,578,0.2498,1,0.030508,0
2368,2021,24,22,7368.0,484,0.1811,2,0.003067,0
2369,2021,12,26,2509.0,615,0.3517,2,0.084167,0
2370,2021,48,50,1684.0,698,0.3689,1,0.368347,1
2371,2021,48,36,3957.0,831,0.1641,2,0.779003,0
2372,2022,24,32,7828.0,771,0.2681,1,0.766733,1
2373,2023,24,39,5585.0,549,0.092,3,0.004861,0
2374,2021,24,43,7545.0,580,0.193,2,0.011534,0
2375,2023,36,49,1793.0,502,0.2961,1,0.008031,0
2376,2021,36,52,5755.0,552,0.1021,1,0.011987,0
2377,2022,60,34,6815.0,602,0.2638,2,0.040362,0
2378,2022,24,24,2501.0,590,0.5689,2,0.120158,0
2379,2021,36,33,7563.0,784,0.3553,2,0.724326,1
2380,2023,12,40,4648.0,514,0.2293,2,0.008017,0
2381,2021,36,28,20000.0,616,0.2551,2,0.021261,0
2382,2022,48,28,1655.0,454,0.0877,4,0.001,0
2383,2021,24,41,9745.0,646,0.2282,2,0.040844,0
2384,2023,36,37,4036.0,512,0.3137,1,0.00606,0
2385,2023,36,38,2189.0,708,0.5124,2,0.265013,0
2386,2021,24,30,3776.0,596,0.2622,1,0.06599,0
2387,2022,12,35,5646.0,507,0.1714,1,0.00402,0
2388,2021,24,28,8256.0,451,0.3608,3,0.002095,0
2389,2023,36,46,11626.0,541,0.8101,1,0.035912,0
2390,2022,36,48,10006.0,639,0.0749,3,0.011732,0
2391,2021,36,22,3033.0,653,0.288,2,0.214283,1
2392,2022,36,28,8648.0,580,0.5405,2,0.049111,0
2393,2021,36,23,5977.0,694,0.2458,3,0.217225,0
2394,2021,48,31,3543.0,529,0.0909,4,0.003435,0
2395,2022,24,37,4421.0,385,0.3757,1,0.001033,0
2396,2022,36,23,3446.0,642,0.145,3,0.031071,0
2397,2022,36,28,5007.0,723,0.5199,2,0.429864,1
2398,2021,12,27,3412.0,723,0.0574,2,0.207631,0
2399,2021,48,40,2940.0,516,0.3798,1,0.007429,0
2400,2021,36,38,6245.0,576,0.107,3,0.008281,0
2401,2023,12,30,6730.0,677,0.1351,3,0.08609,0
2402,2023,12,39,4475.0,569,0.5666,3,0.019938,0
2403,2022,48,32,9738.0,628,0.2521,1,0.058597,0
2404,2021,24,35,4315.0,562,0.0371,1,0.012168,0
2405,2022,48,54,4224.0,532,0.3105,2,0.006268,0
2406,2022,36,51,6838.0,548,0.2878,1,0.019572,0
2407,2022,48,25,4600.0,696,0.434,1,0.402231,0
2408,2023,36,46,5128.0,621,0.1377,1,0.060899,0
2409,2022,36,46,1394.0,721,0.361,1,0.496649,0
2410,2022,48,26,4956.0,661,0.5659,4,0.11144,0
2411,2021,36,46,1971.0,748,0.5735,3,0.45794,0
2412,2021,24,53,2669.0,685,0.5955,1,0.413771,1
2413,2021,48,26,2521.0,680,0.3068,3,0.153575,0
2414,2023,24,28,2918.0,610,0.2904,1,0.056885,0
2415,2021,48,48,3735.0,850,0.2792,3,0.829639,0
2416,2021,36,40,3854.0,629,0.2457,1,0.078894,0
2417,2021,36,43,6851.0,462,0.439,2,0.002518,0
2418,2022,24,41,5493.0,641,0.3895,1,0.121909,0
2419,2021,36,41,1900.0,541,0.1197,2,0.006976,0
2420,2022,24,24,5124.0,701,0.2043,2,0.235226,1
2421,2021,36,48,5763.0,678,0.3633,1,0.235798,0
2422,2023,12,49,4170.0,604,0.2255,3,0.030958,0
2423,2022,60,35,4767.0,548,0.142,2,0.006882,0
2424,2022,12,37,5405.0,631,0.0863,1,0.049223,0
2425,2022,12,22,7203.0,568,0.6694,2,0.074021,0
2426,2022,36,43,2236.0,683,0.2058,1,0.19616,0
2427,2022,36,43,4350.0,664,0.2473,2,0.144596,0
2428,2021,60,37,10448.0,850,0.1353,2,0.670454,1
2429,2021,12,49,9980.0,584,0.5686,2,0.045373,0
2430,2023,24,34,7521.0,595,0.3331,2,0.031429,0
2431,2022,24,43,6428.0,607,0.0353,1,0.043315,0
2432,2021,24,27,11241.0,611,0.0596,2,0.022085,0
2433,2023,48,37,12822.0,702,0.4439,1,0.21203,0
2434,2023,48,36,4608.0,597,0.2236,1,0.055672,0
2435,2022,48,40,3027.0,777,0.3305,3,0.584002,1
2436,2022,36,34,4293.0,666,0.5474,1,0.336431,1
2437,2021,36,36,20000.0,581,0.4401,1,0.013035,0
2438,2023,36,46,2242.0,560,0.3513,1,0.027449,0
2439,2021,48,33,3884.0,703,0.3822,4,0.334847,1
2440,2022,24,22,2425.0,622,0.4465,1,0.144745,0
2441,2021,48,55,5231.0,620,0.1376,3,0.012996,0
2442,2023,12,51,2694.0,572,0.2606,2,0.021194,0
2443,2021,24,25,4655.0,615,0.4265,2,0.126444,0
2444,2023,12,44,1854.0,568,0.2153,2,0.03256,0
2445,2022,12,32,6693.0,728,0.0579,2,0.197904,0
2446,2022,36,40,9056.0,677,0.3727,2,0.103589,0
2447,2023,12,40,4056.0,606,0.4593,1,0.11378,0
2448,2021,48,35,4594.0,604,0.3627,3,0.03962,0
2449,2023,12,30,4529.0,627,0.3226,3,0.047343,0
2450,2021,36,31,5380.0,619,0.1798,4,0.017062,0
2451,2021,24,28,4822.0,543,0.5767,3,0.018789,0
2452,2023,24,29,7216.0,467,0.2408,1,0.002395,0
2453,2022,36,37,9104.0,556,0.1094,1,0.005376,0
2454,2023,12,30,3271.0,609,0.2704,2,0.047976,0
2455,2021,24,44,4210.0,560,0.2188,1,0.017196,0
2456,2022,48,52,7714.0,685,0.2913,1,0.114735,0
2457,2022,36,32,2414.0,601,0.076,1,0.044813,0
2458,2023,12,40,1835.0,769,0.3546,1,0.615726,1
2459,2022,36,42,5504.0,575,0.3061,1,0.030655,0
2460,2021,36,42,6299.0,631,0.5069,2,0.104054,0
2461,2022,60,38,3425.0,596,0.2295,4,0.018632,0
2462,2023,36,45,3680.0,655,0.3247,1,0.101356,0
2463,2023,36,42,3361.0,705,0.3969,1,0.50688,1
2464,2023,24,25,3186.0,668,0.2241,4,0.11012,0
2465,2022,36,46,6952.0,457,0.4864,2,0.003594,0
2466,2023,24,46,2724.0,659,0.2306,2,0.167048,0
2467,2021,36,30,4304.0,539,0.2424,1,0.017077,0
2468,2023,36,38,3125.0,595,0.1073,1,0.031179,1
2469,2022,48,44,2374.0,675,0.0585,2,0.08526,0
2470,2022,48,35,7594.0,530,0.3983,1,0.016741,0
2471,2022,48,48,3790.0,712,0.0841,3,0.092687,1
2472,2021,36,61,5400.0,591,0.1567,2,0.019027,0
2473,2023,36,30,2312.0,793,0.0686,4,0.646231,1
2474,2021,24,24,3392.0,625,0.4351,2,0.130908,0
2475,2023,36,41,7173.0,756,0.3915,1,0.378497,0
2476,2021,36,45,17919.0,715,0.3103,2,0.108497,0
2477,2021,24,35,1830.0,571,0.4648,1,0.073275,0
2478,2021,36,52,4445.0,515,0.2999,3,0.00503,0
2479,2022,36,24,6040.0,629,0.1198,1,0.067925,0
2480,2022,36,44,3612.0,573,0.2944,2,0.016669,0
2481,2021,36,31,7516.0,746,0.3383,3,0.205403,0
2482,2021,60,55,3186.0,600,0.4256,1,0.062584,0
2483,2021,12,57,5308.0,595,0.2642,2,0.013504,0
2484,2022,48,30,3786.0,508,0.0894,3,0.004076,0
2485,2021,24,32,9043.0,653,0.3033,1,0.076909,1
2486,2022,36,46,3505.0,526,0.6055,1,0.029672,0
2487,2022,36,34,4122.0,655,0.6228,1,0.369515,0
2488,2022,36,37,7886.0,666,0.0826,3,0.050146,0
2489,2022,24,38,2939.0,560,0.2342,1,0.020194,0
2490,2022,60,22,5087.0,696,0.4746,4,0.171521,0
2491,2022,12,37,1976.0,598,0.6082,1,0.12692,0
2492,2021,60,31,2853.0,502,0.2029,2,0.004553,0
2493,2022,24,33,5950.0,743,0.142,1,0.350756,0
2494,2021,36,52,2995.0,546,0.4599,3,0.016422,0
2495,2023,24,25,3743.0,660,0.1956,1,0.10728,0
2496,2021,24,46,6289.0,654,0.0615,2,0.028949,0
2497,2021,24,35,3679.0,651,0.0381,4,0.038255,0
2498,2022,24,35,7416.0,649,0.4084,2,0.142437,0
2499,2023,36,45,5474.0,542,0.337,2,0.009812,0
2500,2023,48,41,6111.0,755,0.1307,3,0.326561,0
2501,2022,12,43,9141.0,696,0.2578,3,0.095442,0
2502,2023,48,47,5767.0,658,0.1606,3,0.03358,0
2503,2022,60,34,10609.0,513,0.3956,1,0.00598,0
2504,2022,36,31,7751.0,541,0.3394,3,0.004721,0
2505,2023,24,27,3783.0,672,0.5531,3,0.244609,0
2506,2022,24,29,9382.0,459,0.2693,1,0.003469,0
2507,2023,60,67,5608.0,647,0.0439,2,0.089844,0
2508,2022,48,50,4035.0,513,0.5986,1,0.029915,0
2509,2022,60,24,5649.0,550,0.2528,1,0.029683,0
2510,2021,36,24,8571.0,507,0.7209,1,0.012621,0
2511,2022,24,42,6170.0,639,0.1066,3,0.037024,0
2512,2023,48,43,12224.0,709,0.4454,4,0.143106,1
2513,2021,24,43,8461.0,647,0.375,3,0.049195,0
2514,2021,12,35,6384.0,656,0.2967,1,0.077933,0
2515,2021,48,36,2942.0,633,0.0677,3,0.041098,0
2516,2021,36,41,4492.0,674,0.171,1,0.08852,0
2517,2023,36,38,5094.0,657,0.1174,1,0.080125,0
2518,2023,24,22,6963.0,402,0.5428,2,0.001703,0
2519,2023,12,35,6759.0,692,0.2035,4,0.10794,0
2520,2023,36,29,5350.0,684,0.1168,1,0.165299,0
2521,2023,48,39,5220.0,591,0.3814,2,0.036319,0
2522,2021,48,67,7046.0,462,0.1735,3,0.001,0
2523,2022,60,41,3199.0,639,0.2687,3,0.057959,0
2524,2021,48,34,11473.0,646,0.5661,1,0.070811,1
2525,2022,24,47,1766.0,584,0.3626,2,0.025927,0
2526,2022,24,42,10175.0,634,0.3521,3,0.052596,0
2527,2023,24,42,4805.0,705,0.1304,1,0.17159,0
2528,2023,36,44,8114.0,811,0.0471,1,0.712037,1
2529,2023,24,58,5895.0,631,0.6255,1,0.123042,0
2530,2021,36,26,5843.0,646,0.0494,3,0.063796,0
2531,2023,36,42,6484.0,554,0.2202,4,0.005245,0
2532,2023,12,28,7365.0,579,0.5211,2,0.053405,0
2533,2023,36,43,4170.0,609,0.1602,4,0.020816,0
2534,2023,36,28,8245.0,714,0.2635,4,0.183163,0
2535,2021,60,33,2858.0,685,0.1017,3,0.156252,0
2536,2022,48,35,4902.0,774,0.4496,2,0.815387,0
2537,2022,36,47,7465.0,500,0.2084,3,0.002409,0
2538,2021,36,47,8083.0,514,0.169,4,0.001912,0
2539,2021,24,25,6188.0,708,0.0359,3,0.15719,0
2540,2021,12,38,4037.0,735,0.1623,2,0.494973,1
2541,2021,36,30,7695.0,622,0.3555,3,0.05235,0
2542,2021,36,25,3517.0,300,0.1545,3,0.001,0
2543,2023,48,35,11798.0,560,0.6125,1,0.031741,0
2544,2023,24,34,4711.0,646,0.4303,1,0.138186,0
2545,2022,60,62,2276.0,548,0.3216,3,0.006931,0
2546,2021,48,42,2704.0,634,0.3318,3,0.073859,0
2547,2021,48,24,5023.0,771,0.3839,1,0.734231,1
2548,2021,24,32,5271.0,734,0.1919,2,0.361513,0
2549,2021,24,48,13159.0,684,0.3244,4,0.054549,0
2550,2022,48,58,2924.0,614,0.239,1,0.04401,1
2551,2023,24,22,5013.0,580,0.183,1,0.02688,0
2552,2022,36,22,2894.0,680,0.1763,2,0.134735,0
2553,2021,24,56,3842.0,622,0.2167,1,0.04101,0
2554,2022,36,41,11407.0,624,0.0752,1,0.023668,0
2555,2023,36,29,2785.0,495,0.246,3,0.001754,0
2556,2021,12,43,6591.0,562,0.0471,3,0.003074,0
2557,2021,12,22,5982.0,680,0.2061,3,0.125146,0
2558,2021,36,38,4856.0,531,0.5496,1,0.041715,0
2559,2022,48,41,6372.0,641,0.4657,1,0.12249,0
2560,2021,48,47,2752.0,653,0.3659,3,0.104292,0
2561,2023,24,27,11250.0,657,0.3134,3,0.065476,0
2562,2021,48,38,12867.0,664,0.2484,2,0.055898,0
2563,2023,24,28,5032.0,670,0.2631,3,0.118865,1
2564,2022,36,40,16507.0,570,0.0953,3,0.002454,0
2565,2021,24,29,4026.0,502,0.5467,3,0.008924,0
2566,2022,48,33,6004.0,550,0.2215,3,0.007769,1
2567,2021,60,28,10056.0,678,0.3398,3,0.099912,0
2568,2022,60,44,3907.0,523,0.0279,1,0.005391,0
2569,2023,12,46,2463.0,536,0.0341,2,0.005315,0
2570,2021,60,35,2195.0,536,0.2179,2,0.012773,0
2571,2022,36,38,13772.0,472,0.3004,1,0.001868,0
2572,2021,24,23,3772.0,528,0.007,4,0.002783,0
2573,2023,36,35,4479.0,700,0.2482,2,0.194162,0
2574,2023,24,37,2818.0,562,0.3972,3,0.018059,0
2575,2023,60,64,7896.0,480,0.1447,2,0.00178,0
2576,2021,36,26,3325.0,579,0.3393,1,0.062684,0
2577,2021,60,52,3844.0,660,0.2098,2,0.112767,0
2578,2021,12,47,5709.0,473,0.4022,1,0.005069,0
2579,2023,48,40,2887.0,696,0.3382,1,0.376031,0
2580,2021,36,55,4495.0,504,0.163,1,0.013131,0
2581,2022,24,41,9908.0,588,0.2054,3,0.012677,1
2582,2022,12,41,6088.0,587,0.2748,2,0.018762,0
2583,2021,36,37,5246.0,575,0.3365,4,0.027356,0
2584,2023,60,50,5472.0,614,0.3662,3,0.039598,0
2585,2022,36,48,4046.0,682,0.0581,2,0.146575,1
2586,2021,24,31,13334.0,616,0.2246,2,0.020845,0
2587,2022,12,24,3275.0,571,0.526,2,0.074479,0
2588,2023,36,35,5461.0,656,0.2279,1,0.209503,1
2589,2022,36,29,5206.0,636,0.0682,1,0.044956,0
2590,2023,24,37,8139.0,566,0.43,2,0.016499,0
2591,2022,12,50,8532.0,623,0.1048,3,0.02506,0
2592,2021,24,33,4837.0,559,0.2527,2,0.019552,0
2593,2021,36,37,5684.0,550,0.6145,2,0.028848,0
2594,2022,36,38,5792.0,684,0.4561,2,0.246418,0
2595,2023,24,46,1578.0,655,0.4452,1,0.15727,0
2596,2023,12,22,2221.0,681,0.2931,1,0.331425,0
2597,2022,12,31,3632.0,670,0.1448,3,0.137931,0
2598,2021,24,40,3712.0,549,0.3423,1,0.029935,0
2599,2022,12,50,2698.0,700,0.1545,1,0.140907,1
2600,2022,24,33,7149.0,596,0.2049,2,0.025901,0
2601,2021,24,22,4920.0,694,0.2545,3,0.175086,0
2602,2022,12,44,4415.0,609,0.0647,1,0.032954,0
2603,2021,24,31,2623.0,645,0.6523,2,0.171674,0
2604,2021,48,26,4807.0,647,0.1598,2,0.063085,0
2605,2023,48,31,1322.0,685,0.5699,3,0.371893,1
2606,2021,24,36,4530.0,489,0.2263,2,0.003645,0
2607,2023,24,31,5073.0,493,0.4029,3,0.004602,0
2608,2022,24,22,5547.0,673,0.229,1,0.151152,0
2609,2022,36,46,2248.0,648,0.1663,2,0.086016,0
2610,2022,24,50,5499.0,557,0.4935,2,0.022274,0
2611,2021,36,44,2920.0,649,0.3103,4,0.056718,0
2612,2023,60,26,3274.0,507,0.08,3,0.004617,0
2613,2021,36,35,7037.0,850,0.3842,1,0.976416,1
2614,2023,24,37,13454.0,724,0.5459,2,0.38471,0
2615,2023,12,43,5043.0,669,0.267,1,0.126801,1
2616,2023,36,44,3266.0,626,0.347,4,0.042042,0
2617,2023,36,30,5401.0,570,0.1514,2,0.021611,0
2618,2022,24,38,7860.0,515,0.0972,2,0.003657,0
2619,2023,24,42,6704.0,610,0.1375,1,0.026247,0
2620,2022,48,52,19371.0,551,0.242,3,0.003077,0
2621,2023,48,45,3437.0,555,0.309,2,0.02105,0
2622,2022,48,45,5575.0,506,0.1235,1,0.004384,0
2623,2021,24,38,10662.0,639,0.1605,1,0.049738,0
2624,2022,24,52,10333.0,589,0.36,2,0.016242,0
2625,2022,36,42,1854.0,662,0.4264,1,0.243083,0
2626,2022,24,29,4907.0,656,0.2139,4,0.085738,0
2627,2021,12,52,10324.0,638,0.4307,1,0.088741,0
2628,2021,36,44,20000.0,832,0.3588,1,0.645331,1
2629,2021,24,33,6988.0,685,0.0895,3,0.065248,0
2630,2021,24,33,4089.0,519,0.0918,1,0.005579,0
2631,2023,24,40,2967.0,656,0.3753,2,0.269416,0
2632,2021,48,42,14904.0,615,0.4525,2,0.029799,0
2633,2023,36,39,7075.0,512,0.3691,1,0.006614,0
2634,2021,48,41,3216.0,506,0.4682,4,0.008423,0
2635,2021,60,54,4440.0,656,0.4816,2,0.138352,0
2636,2022,60,48,5739.0,675,0.0544,1,0.112062,0
2637,2023,24,39,6450.0,536,0.588,2,0.018532,0
2638,2023,48,47,3134.0,697,0.5632,3,0.298593,0
2639,2023,36,27,3615.0,642,0.2359,2,0.108227,0
2640,2023,36,41,2151.0,715,0.3781,1,0.509816,0
2641,2023,48,56,8266.0,707,0.1133,2,0.094262,0
2642,2021,12,35,4143.0,607,0.5906,1,0.120888,0
2643,2021,24,29,6205.0,750,0.269,1,0.532225,1
2644,2023,24,31,10008.0,530,0.0745,2,0.005143,0
2645,2022,48,27,5486.0,811,0.2138,4,0.473399,0
2646,2021,24,30,4645.0,549,0.2149,2,0.009533,0
2647,2022,60,34,5415.0,616,0.1297,3,0.034582,0
2648,2022,24,23,5073.0,574,0.452,3,0.036373,1
2649,2021,36,38,9164.0,589,0.3412,1,0.076164,0
2650,2021,36,47,5741.0,850,0.2349,4,0.640406,0
2651,2021,36,28,3744.0,582,0.2258,3,0.026156,0
2652,2022,24,53,8299.0,688,0.5862,2,0.257484,0
2653,2023,36,43,9093.0,601,0.0652,2,0.008701,0
2654,2023,12,48,2517.0,694,0.1684,1,0.246422,1
2655,2022,36,31,10577.0,576,0.308,2,0.010868,0
2656,2022,24,46,5898.0,640,0.2279,1,0.06169,0
2657,2023,60,27,5663.0,670,0.2604,4,0.085466,0
2658,2022,12,46,8130.0,562,0.6675,1,0.041173,0
2659,2022,24,39,3702.0,840,0.4072,4,0.458479,0
2660,2022,60,43,7919.0,674,0.154,2,0.087308,0
2661,2023,24,26,4071.0,601,0.446,3,0.035049,0
2662,2023,24,29,2351.0,564,0.3025,1,0.038854,0
2663,2021,36,43,2984.0,627,0.0884,4,0.019357,0
2664,2021,36,28,6526.0,522,0.4251,3,0.011299,0
2665,2021,36,42,3063.0,762,0.343,2,0.410993,1
2666,2022,36,24,10993.0,654,0.0347,4,0.014228,0
2667,2021,48,46,8907.0,612,0.2939,2,0.045855,1
2668,2023,36,25,9573.0,703,0.3038,1,0.261524,0
2669,2023,24,43,5231.0,562,0.1507,1,0.029536,0
2670,2023,36,44,5591.0,527,0.446,1,0.017559,0
2671,2023,36,31,2706.0,609,0.0878,1,0.051647,0
2672,2021,24,43,8086.0,630,0.261,2,0.046603,0
2673,2023,12,40,5943.0,662,0.2858,4,0.083649,0
2674,2022,48,32,6527.0,501,0.0482,1,0.003983,0
2675,2023,60,27,11432.0,583,0.2803,4,0.005372,0
2676,2022,12,22,3630.0,373,0.1517,3,0.001,0
2677,2022,12,41,4614.0,525,0.1946,1,0.00716,0
2678,2021,12,22,5787.0,677,0.0129,3,0.060643,0
2679,2021,48,38,3079.0,696,0.1463,1,0.259888,0
2680,2023,36,35,4475.0,528,0.2718,1,0.018617,0
2681,2022,36,44,6288.0,594,0.3386,1,0.042902,0
2682,2021,24,34,4177.0,622,0.3231,2,0.045327,0
2683,2022,36,34,9457.0,706,0.2446,2,0.168588,0
2684,2022,12,45,2309.0,742,0.348,1,0.526665,1
2685,2022,60,41,8616.0,632,0.4157,3,0.056585,0
2686,2022,36,41,6840.0,599,0.2575,1,0.022953,0
2687,2021,60,42,3698.0,504,0.1716,2,0.003824,0
2688,2022,12,22,3096.0,628,0.2829,1,0.133468,0
2689,2022,36,45,1737.0,785,0.1378,1,0.626793,1
2690,2021,48,44,3302.0,723,0.3686,3,0.401418,0
2691,2022,48,27,8296.0,633,0.297,4,0.040897,0
2692,2021,24,35,4779.0,644,0.5534,1,0.152518,0
2693,2021,24,37,8791.0,564,0.1841,3,0.006496,0
2694,2021,48,36,3605.0,591,0.4997,2,0.071137,0
2695,2022,36,41,6999.0,631,0.3727,4,0.038921,0
2696,2022,36,52,3433.0,632,0.2636,1,0.100872,0
2697,2023,24,48,3033.0,700,0.0816,2,0.129872,0
2698,2022,12,24,4658.0,696,0.0575,1,0.14073,0
2699,2022,36,44,3525.0,661,0.1092,1,0.106653,0
2700,2023,12,51,2272.0,540,0.6924,2,0.030846,0
2701,2022,24,41,4487.0,543,0.2548,2,0.011532,0
2702,2022,48,48,5183.0,548,0.3629,3,0.010126,0
2703,2022,60,58,9267.0,638,0.4363,1,0.07956,0
2704,2022,24,48,7851.0,457,0.0391,1,0.001512,0
2705,2022,24,40,9045.0,619,0.171,1,0.036194,0
2706,2023,36,48,7046.0,732,0.4676,1,0.397439,0
2707,2023,60,39,5804.0,673,0.3139,1,0.173918,0
2708,2022,36,38,2659.0,591,0.1909,4,0.023793,0
2709,2023,48,34,5297.0,564,0.0912,2,0.01294,0
2710,2022,36,53,6624.0,684,0.4279,1,0.167299,0
2711,2021,12,29,10185.0,644,0.3762,1,0.082441,0
2712,2023,36,53,6927.0,600,0.3827,3,0.023138,0
2713,2023,24,42,9138.0,572,0.0702,2,0.010585,0
2714,2021,36,24,2934.0,626,0.5151,2,0.148888,0
2715,2023,24,41,4175.0,595,0.1008,3,0.015629,0
2716,2022,24,22,6092.0,682,0.0686,2,0.085477,0
2717,2023,36,44,8782.0,719,0.0764,1,0.177032,0
2718,2022,24,46,4571.0,510,0.2791,3,0.00417,0
2719,2023,60,32,4716.0,521,0.5327,1,0.021117,0
2720,2021,36,39,6930.0,727,0.423,2,0.430689,0
2721,2021,60,57,2799.0,633,0.0463,1,0.044905,0
2722,2022,12,32,10979.0,529,0.4276,2,0.009195,0
2723,2022,24,27,3167.0,698,0.3133,1,0.327246,0
2724,2021,36,52,1883.0,647,0.3235,4,0.050438,0
2725,2021,48,57,4940.0,796,0.3649,1,0.800482,1
2726,2021,24,38,11490.0,601,0.4003,1,0.042452,0
2727,2023,36,48,6589.0,708,0.184,1,0.239966,0
2728,2023,36,51,7155.0,504,0.0998,1,0.004477,0
2729,2021,12,30,5018.0,731,0.235,2,0.230108,0
2730,2023,36,33,4554.0,695,0.4895,1,0.396216,1
2731,2021,36,50,2270.0,748,0.134,1,0.493468,0
2732,2022,24,54,1588.0,708,0.7381,1,0.63814,0
2733,2021,36,43,5422.0,612,0.2334,4,0.018613,0
2734,2023,12,29,9474.0,526,0.366,1,0.012132,0
2735,2022,12,57,5838.0,571,0.2785,1,0.01955,0
2736,2021,36,32,6713.0,479,0.3975,1,0.005904,0
2737,2023,48,34,10849.0,546,0.2962,2,0.011995,0
2738,2022,36,41,5793.0,654,0.4687,4,0.075846,0
2739,2023,36,53,4622.0,616,0.1138,2,0.030024,0
2740,2022,12,46,3264.0,602,0.1063,4,0.012686,0
2741,2023,24,42,13509.0,556,0.078,1,0.006705,0
2742,2022,60,42,6395.0,478,0.1835,4,0.001083,0
2743,2023,36,38,3066.0,634,0.0413,1,0.100802,0
2744,2022,24,43,2736.0,650,0.2274,2,0.136621,0
2745,2022,60,22,9196.0,540,0.3042,1,0.012519,0
2746,2021,36,35,2926.0,577,0.3572,1,0.059178,0
2747,2021,36,40,12418.0,743,0.4326,1,0.422178,0
2748,2021,36,26,1239.0,712,0.1501,1,0.254085,1
2749,2022,12,41,10010.0,501,0.1762,2,0.001798,0
2750,2022,36,35,6269.0,613,0.5227,2,0.078019,0
2751,2023,24,55,5215.0,736,0.5718,4,0.298204,0
2752,2023,48,53,4502.0,602,0.1637,1,0.039698,0
2753,2021,36,33,12649.0,598,0.0355,2,0.013659,0
2754,2022,24,36,6999.0,707,0.3929,1,0.245693,0
2755,2022,36,37,3129.0,698,0.1328,1,0.283554,0
2756,2021,24,33,2081.0,694,0.3272,1,0.425642,0
2757,2022,36,39,5370.0,599,0.2793,3,0.022551,0
2758,2021,36,30,4912.0,673,0.1523,1,0.173626,0
2759,2021,36,26,2299.0,739,0.176,3,0.331886,0
2760,2022,36,44,4781.0,616,0.4002,2,0.066278,0
2761,2022,36,44,3689.0,587,0.3628,4,0.029286,0
2762,2021,36,29,4938.0,718,0.2385,3,0.32393,1
2763,2022,12,46,7065.0,783,0.1562,1,0.539475,1
2764,2021,24,31,10366.0,789,0.4539,3,0.598881,0
2765,2021,60,40,7742.0,590,0.3548,1,0.046774,0
2766,2022,24,46,3426.0,598,0.3234,1,0.050908,0
2767,2022,24,37,5910.0,537,0.3717,2,0.016588,0
2768,2022,24,42,5072.0,629,0.0792,3,0.014843,0
2769,2022,24,32,2525.0,534,0.383,2,0.024294,0
2770,2022,24,36,5998.0,577,0.5178,2,0.055391,0
2771,2021,60,35,12436.0,676,0.2186,1,0.138666,0
2772,2022,12,30,4995.0,651,0.2308,3,0.033249,0
2773,2021,60,36,2215.0,475,0.0715,4,0.001615,0
2774,2023,24,22,4990.0,745,0.4253,1,0.579497,1
2775,2021,36,33,2679.0,533,0.2183,2,0.007107,0
2776,2023,48,35,7569.0,543,0.2021,2,0.009907,0
2777,2022,36,35,6390.0,520,0.1273,1,0.004993,0
2778,2022,60,35,4512.0,567,0.1745,1,0.021406,0
2779,2021,24,37,4165.0,548,0.2786,3,0.008347,0
2780,2023,24,42,4420.0,550,0.404,2,0.02878,0
2781,2023,36,46,4935.0,422,0.0646,1,0.001,0
2782,2021,60,31,3341.0,630,0.2689,2,0.075706,0
2783,2022,60,25,2456.0,638,0.4583,4,0.087632,0
2784,2021,12,27,8685.0,799,0.2699,2,0.749414,1
2785,2023,60,33,4053.0,658,0.3481,4,0.092206,0
2786,2023,12,34,5343.0,580,0.3108,3,0.027642,0
2787,2022,24,30,5668.0,523,0.3427,1,0.009894,0
2788,2021,36,25,5773.0,612,0.3222,2,0.103297,0
2789,2021,36,33,2733.0,655,0.3135,2,0.147138,0
2790,2022,36,39,2126.0,579,0.3182,2,0.017726,0
2791,2021,24,43,3662.0,624,0.1336,1,0.059013,0
2792,2023,36,32,5990.0,771,0.3195,1,0.528455,1
2793,2021,36,33,3415.0,589,0.0547,1,0.025965,0
2794,2023,24,28,4116.0,469,0.3406,2,0.002133,0
2795,2023,60,37,14238.0,689,0.31,1,0.094252,0
2796,2022,48,29,1953.0,645,0.1351,1,0.10018,0
2797,2021,36,43,3369.0,483,0.0351,3,0.001482,0
2798,2021,36,22,12687.0,654,0.25,2,0.088793,0
2799,2021,24,34,4806.0,540,0.2427,4,0.005517,0
2800,2023,60,41,3453.0,655,0.137,1,0.127392,0
2801,2022,36,39,8817.0,772,0.2528,1,0.60975,1
2802,2021,12,64,5052.0,605,0.378,1,0.034875,0
2803,2021,60,41,4129.0,706,0.1291,1,0.168432,0
2804,2022,36,27,5411.0,521,0.2379,1,0.006787,0
2805,2021,48,37,3537.0,498,0.2325,2,0.004374,0
2806,2023,36,22,2955.0,781,0.2753,1,0.902085,1
2807,2021,48,37,4643.0,644,0.5276,3,0.08315,0
2808,2023,48,29,2965.0,670,0.1947,1,0.128443,0
2809,2021,36,47,4941.0,712,0.3539,2,0.291966,0
2810,2023,36,32,5868.0,577,0.1672,1,0.013478,0
2811,2021,36,36,7529.0,686,0.3447,1,0.212372,0
2812,2022,12,31,8638.0,673,0.3703,1,0.171907,0
2813,2022,60,55,4012.0,516,0.1509,1,0.00527,0
2814,2022,48,34,6309.0,741,0.0848,2,0.380681,0
2815,2023,36,56,6287.0,724,0.1302,1,0.187659,1
2816,2023,36,46,5790.0,517,0.1605,1,0.004845,0
2817,2021,12,42,3867.0,636,0.322,1,0.100347,0
2818,2022,12,41,2939.0,601,0.111,3,0.016694,0
2819,2021,24,41,6317.0,733,0.0689,1,0.327003,0
2820,2022,60,22,2093.0,507,0.2815,2,0.009056,0
2821,2021,48,35,4299.0,850,0.3618,2,0.981754,1
2822,2022,36,46,1371.0,606,0.1509,4,0.021232,0
2823,2023,36,37,2519.0,679,0.2169,1,0.151478,0
2824,2021,48,23,3170.0,730,0.4205,3,0.438852,1
2825,2023,24,37,8505.0,604,0.3162,2,0.050258,0
2826,2023,36,55,6933.0,610,0.2439,2,0.039741,0
2827,2023,36,50,3726.0,579,0.1837,3,0.016162,0
2828,2022,48,37,7078.0,549,0.1619,1,0.00957,0
2829,2022,24,47,7660.0,641,0.7726,3,0.102905,0
2830,2021,36,34,4535.0,609,0.1417,1,0.032263,0
2831,2023,48,22,2460.0,579,0.3383,2,0.038139,0
2832,2022,12,28,4430.0,583,0.1244,1,0.023437,0
2833,2021,24,53,4680.0,666,0.3281,2,0.167763,0
2834,2021,60,35,2654.0,556,0.7742,1,0.050781,0
2835,2022,12,35,5905.0,600,0.7092,3,0.082599,1
2836,2021,60,35,5653.0,691,0.5649,1,0.287766,1
2837,2023,24,57,6140.0,639,0.3236,2,0.055794,0
2838,2023,12,54,5650.0,536,0.2032,2,0.005039,0
2839,2023,60,60,7079.0,618,0.4473,1,0.058313,0
2840,2023,36,36,4493.0,654,0.547,2,0.236827,0
2841,2022,36,40,5437.0,699,0.3512,1,0.271169,1
2842,2023,48,22,4028.0,559,0.0663,4,0.008973,0
2843,2021,36,52,3669.0,575,0.3146,2,0.025525,0
2844,2022,60,26,9596.0,564,0.3225,2,0.012677,0
2845,2022,24,40,1769.0,568,0.1878,4,0.006633,0
2846,2021,24,27,7619.0,652,0.6589,1,0.231971,0
2847,2022,24,32,3604.0,667,0.661,1,0.302645,0
2848,2022,60,29,3378.0,704,0.3751,2,0.426277,0
2849,2022,36,31,5601.0,612,0.653,4,0.077448,0
2850,2022,48,32,2334.0,507,0.0594,2,0.006589,0
2851,2021,36,32,3268.0,673,0.3242,1,0.238033,1
2852,2021,24,46,3215.0,632,0.6119,3,0.091166,0
2853,2021,36,26,4400.0,624,0.7389,1,0.309952,0
2854,2022,36,40,3288.0,517,0.2462,3,0.00665,0
2855,2021,36,50,10944.0,604,0.3406,4,0.01022,0
2856,2021,48,32,12070.0,524,0.492,2,0.00953,0
2857,2021,60,30,1788.0,658,0.4777,1,0.243003,1
2858,2023,24,35,6452.0,585,0.3804,1,0.033356,0
2859,2021,24,49,7550.0,578,0.1388,3,0.01047,0
2860,2021,24,39,6448.0,497,0.0682,1,0.00388,0
2861,2023,12,32,3537.0,702,0.1579,2,0.301711,0
2862,2021,24,42,4350.0,599,0.4081,1,0.059428,0
2863,2022,60,26,3381.0,626,0.0804,1,0.051361,0
2864,2021,24,44,3983.0,561,0.1624,2,0.007638,0
2865,2022,48,42,2684.0,487,0.3145,2,0.008665,0
2866,2023,60,34,4641.0,577,0.1773,2,0.024737,0
2867,2021,48,29,2318.0,590,0.1078,1,0.028846,0
2868,2023,48,29,4447.0,643,0.5902,4,0.060944,0
2869,2021,24,43,2633.0,591,0.2601,1,0.061952,0
2870,2022,12,50,5450.0,562,0.0993,1,0.013402,0
2871,2023,48,31,3499.0,499,0.6441,1,0.031071,0
2872,2021,12,42,5683.0,623,0.3207,1,0.037972,0
2873,2022,60,22,8440.0,556,0.2643,1,0.011972,0
2874,2021,24,32,10880.0,725,0.2412,4,0.134978,0
2875,2023,36,37,1389.0,632,0.3712,4,0.046147,0
2876,2022,12,28,3239.0,664,0.1694,3,0.082327,0
2877,2022,24,28,4224.0,600,0.2646,1,0.031975,1
2878,2023,24,31,6187.0,636,0.0957,1,0.062668,0
2879,2022,12,40,2153.0,548,0.2983,3,0.01252,0
2880,2023,12,36,3008.0,525,0.2499,1,0.015941,0
2881,2022,24,22,5246.0,621,0.0988,1,0.060124,0
2882,2021,48,22,5128.0,665,0.6678,1,0.319792,0
2883,2021,24,31,5936.0,464,0.2,4,0.001633,0
2884,2022,48,42,6135.0,580,0.2644,1,0.023827,0
2885,2023,36,22,5821.0,767,0.5746,2,0.906809,1
2886,2021,12,33,5414.0,658,0.7343,3,0.223845,0
2887,2022,60,32,5054.0,743,0.2927,1,0.56499,0
2888,2023,36,51,6853.0,569,0.0416,1,0.011178,0
2889,2022,48,34,1604.0,583,0.3026,1,0.035112,0
2890,2022,36,41,10638.0,697,0.4306,2,0.277197,1
2891,2022,24,39,1632.0,669,0.5096,1,0.282598,1
2892,2022,36,22,2865.0,612,0.2777,2,0.091832,0
2893,2022,36,45,4388.0,518,0.3146,1,0.010078,0
2894,2021,60,40,6880.0,712,0.1505,3,0.109201,0
2895,2021,24,43,1099.0,820,0.7042,2,0.87939,1
2896,2023,48,70,4846.0,494,0.663,1,0.009334,0
2897,2023,24,22,7304.0,732,0.2055,3,0.188345,0
2898,2022,24,55,8081.0,582,0.0673,1,0.014275,0
2899,2023,24,35,3468.0,593,0.2061,2,0.031427,0
2900,2023,48,40,4228.0,641,0.6431,1,0.233791,0
2901,2022,48,37,3612.0,523,0.307,1,0.00965,0
2902,2022,24,33,4039.0,617,0.2845,1,0.07432,0
2903,2022,60,32,2934.0,491,0.1556,1,0.006223,0
2904,2022,36,41,3151.0,658,0.535,4,0.161606,1
2905,2021,12,22,6107.0,798,0.7532,1,0.992225,0
2906,2022,24,45,5249.0,568,0.4008,1,0.029965,0
2907,2022,36,33,6284.0,606,0.1135,4,0.027301,0
2908,2022,24,26,5470.0,610,0.2443,1,0.036679,0
2909,2022,48,33,6990.0,698,0.0369,3,0.054286,0
2910,2022,36,50,7624.0,652,0.3619,3,0.076017,0
2911,2022,36,32,2057.0,693,0.2721,1,0.459938,1
2912,2021,48,41,3206.0,579,0.345,2,0.032286,0
2913,2021,36,30,4378.0,654,0.3487,1,0.158152,0
2914,2023,24,45,4859.0,350,0.0422,1,0.001,0
2915,2023,12,44,3516.0,673,0.3175,3,0.09203,0
2916,2021,24,56,7754.0,522,0.2401,3,0.002561,0
2917,2021,36,36,13226.0,593,0.2172,1,0.02702,0
2918,2022,60,44,5394.0,679,0.2218,1,0.233958,1
2919,2022,48,38,5126.0,497,0.3393,2,0.003187,0
2920,2022,24,50,7516.0,707,0.5539,1,0.489558,0
2921,2021,24,30,1933.0,610,0.4437,3,0.096319,0
2922,2021,12,45,4985.0,736,0.4019,2,0.480759,1
2923,2022,36,36,8019.0,547,0.1205,1,0.01271,0
2924,2022,36,37,3563.0,474,0.5175,1,0.012009,0
2925,2022,12,38,2662.0,617,0.2805,2,0.054919,0
2926,2022,24,40,4479.0,666,0.2561,3,0.074181,0
2927,2022,24,36,4768.0,673,0.4814,2,0.157223,1
2928,2022,60,40,3120.0,529,0.1029,1,0.008117,0
2929,2021,36,53,14018.0,490,0.3893,2,0.00241,0
2930,2023,24,47,3869.0,595,0.5642,1,0.088665,0
2931,2023,36,46,2761.0,661,0.1267,2,0.070299,0
2932,2022,12,33,4690.0,657,0.1335,1,0.09659,0
2933,2021,36,29,7738.0,745,0.2653,1,0.44557,1
2934,2021,48,47,4958.0,590,0.131,3,0.012602,0
2935,2021,48,46,6265.0,472,0.2392,2,0.00157,0
2936,2021,60,52,3179.0,715,0.417,2,0.428181,1
2937,2023,48,31,10341.0,635,0.3269,4,0.02227,0
2938,2021,36,35,6508.0,642,0.0473,1,0.056358,0
2939,2021,12,22,8299.0,681,0.4667,4,0.145443,0
2940,2023,24,34,5899.0,721,0.2927,3,0.268836,0
2941,2023,12,47,7424.0,618,0.2765,2,0.030901,0
2942,2023,48,33,3176.0,714,0.1123,2,0.319651,0
2943,2021,48,44,3844.0,664,0.6005,1,0.367825,0
2944,2021,24,36,9636.0,567,0.5503,1,0.065166,0
2945,2023,12,41,10720.0,601,0.2551,2,0.019061,0
2946,2022,48,26,2770.0,669,0.2754,1,0.209423,0
2947,2022,24,38,5568.0,563,0.3605,4,0.015297,0
2948,2021,36,22,3962.0,690,0.4856,1,0.485855,0
2949,2022,12,36,3469.0,632,0.3157,1,0.145167,0
2950,2021,48,22,5667.0,650,0.3568,4,0.076088,0
2951,2022,60,50,8695.0,735,0.559,1,0.45929,0
2952,2022,36,45,6160.0,648,0.0512,2,0.044603,0
2953,2022,24,42,4189.0,625,0.0651,3,0.025708,0
2954,2023,36,53,6358.0,613,0.1422,1,0.032078,0
2955,2022,60,28,4105.0,609,0.439,3,0.051627,0
2956,2021,24,55,6039.0,644,0.1218,1,0.027153,0
2957,2023,36,47,9880.0,729,0.385,4,0.153503,0
2958,2021,48,35,1740.0,571,0.0656,2,0.014768,0
2959,2022,24,49,7322.0,565,0.4431,1,0.061774,0
2960,2022,36,26,2277.0,722,0.1493,1,0.389987,0
2961,2021,12,29,9083.0,574,0.1145,2,0.010984,0
2962,2022,48,31,3574.0,637,0.3085,2,0.062063,0
2963,2022,36,32,2674.0,572,0.4101,2,0.030315,0
2964,2022,24,27,6958.0,485,0.2153,4,0.001619,0
2965,2022,48,50,5896.0,635,0.1968,1,0.071859,0
2966,2023,12,35,2982.0,709,0.3796,2,0.275432,1
2967,2022,12,41,2627.0,615,0.3125,1,0.089658,1
2968,2023,24,32,4475.0,501,0.1401,2,0.004172,0
2969,2023,24,22,2692.0,628,0.0242,3,0.050755,0
2970,2022,36,40,2891.0,559,0.1507,3,0.011191,0
2971,2023,36,22,5207.0,410,0.5502,2,0.00164,0
2972,2023,12,37,3032.0,613,0.3174,3,0.028917,0
2973,2023,48,24,6083.0,661,0.0279,4,0.032061,0
2974,2022,48,57,10353.0,714,0.4169,2,0.237526,1
2975,2022,36,47,4563.0,760,0.1355,1,0.473889,0
2976,2021,12,39,5245.0,672,0.535,2,0.303754,1
2977,2022,12,50,13481.0,694,0.0554,4,0.035362,0
2978,2023,36,29,2714.0,517,0.284,1,0.018885,0
2979,2021,48,43,8916.0,749,0.0388,1,0.30452,1
2980,2023,48,39,8395.0,721,0.1945,2,0.267605,0
2981,2022,48,40,7534.0,590,0.5181,4,0.00961,0
2982,2023,24,50,9376.0,674,0.3824,3,0.103092,1
2983,2022,12,45,5655.0,666,0.3935,1,0.289201,0
2984,2021,12,40,3672.0,737,0.5468,3,0.314799,0
2985,2022,36,22,8495.0,607,0.6627,1,0.192977,0
2986,2023,24,28,8660.0,560,0.4112,2,0.028349,1
2987,2022,36,36,8541.0,580,0.0951,1,0.018836,0
2988,2022,36,38,5025.0,691,0.126,2,0.101809,0
2989,2023,48,26,3435.0,466,0.1753,3,0.0011,0
2990,2022,48,62,5408.0,380,0.3522,1,0.001,0
2991,2021,36,53,7872.0,691,0.0158,3,0.085019,0
2992,2021,60,44,8202.0,641,0.1476,1,0.030473,0
2993,2021,36,38,3965.0,621,0.4092,1,0.105893,0
2994,2023,60,35,5754.0,515,0.363,4,0.004353,0
2995,2022,24,28,2554.0,483,0.3278,2,0.005112,0
2996,2021,60,38,8042.0,569,0.3199,3,0.012309,0
2997,2021,36,40,3322.0,648,0.2997,2,0.189636,0
2998,2021,12,25,7278.0,573,0.242,2,0.020027,0
2999,2023,24,41,2767.0,692,0.3066,2,0.249769,1
3000,2021,48,36,8231.0,543,0.3297,2,0.007363,0
3001,2022,24,22,5773.0,578,0.2591,3,0.016125,0
3002,2022,36,29,3325.0,676,0.4927,2,0.29852,0
3003,2023,36,33,6944.0,589,0.2924,3,0.019983,0
3004,2022,12,56,3659.0,593,0.1818,2,0.02664,0
3005,2021,36,43,7149.0,568,0.3445,4,0.01648,0
3006,2021,12,24,4285.0,553,0.5235,1,0.046192,1
3007,2021,24,42,2079.0,648,0.5684,1,0.286501,0
3008,2023,24,22,3007.0,658,0.2506,1,0.071328,0
3009,2022,24,48,3963.0,638,0.3065,1,0.113617,0
3010,2022,12,33,9741.0,570,0.2265,1,0.019166,0
3011,2023,24,37,7712.0,603,0.0971,2,0.015618,0
3012,2023,36,51,11069.0,747,0.3709,1,0.329479,0
3013,2022,36,25,11235.0,506,0.1041,2,0.004732,0
3014,2021,12,24,3762.0,770,0.1007,4,0.498702,1
3015,2023,48,32,4473.0,627,0.1504,1,0.050656,0
3016,2022,48,48,4001.0,605,0.297,2,0.053473,0
3017,2022,36,22,3513.0,696,0.1789,1,0.241248,0
3018,2022,60,22,1957.0,454,0.2341,1,0.002816,0
3019,2023,60,33,4879.0,730,0.3236,3,0.243455,1
3020,2022,12,43,2584.0,768,0.4715,2,0.681605,0
3021,2021,60,50,4832.0,707,0.4431,1,0.356691,0
3022,2022,24,33,14156.0,451,0.43,2,0.001054,0
3023,2021,36,33,3810.0,681,0.3272,4,0.110559,0
3024,2023,24,49,5417.0,751,0.4611,3,0.454907,1
3025,2023,24,22,7734.0,743,0.5402,2,0.516743,1
3026,2022,48,34,5654.0,507,0.1043,4,0.001987,0
3027,2021,36,39,5689.0,701,0.3768,3,0.244313,1
3028,2021,48,42,4100.0,763,0.5139,2,0.604271,1
3029,2023,12,32,4377.0,622,0.3938,2,0.08374,0
3030,2023,60,38,3041.0,503,0.1628,4,0.002263,0
3031,2021,36,22,7503.0,686,0.3157,1,0.275587,1
3032,2021,36,31,2058.0,704,0.3597,1,0.418911,1
3033,2022,12,42,7987.0,608,0.1173,2,0.015604,0
3034,2021,24,28,2436.0,524,0.0241,1,0.009281,0
3035,2023,36,38,7953.0,698,0.2757,1,0.301531,0
3036,2023,48,42,4118.0,558,0.4828,2,0.022,0
3037,2021,12,34,2655.0,651,0.2389,2,0.134134,0
3038,2021,24,39,6566.0,744,0.6377,2,0.488457,0
3039,2022,24,28,7820.0,487,0.0399,2,0.001078,0
3040,2021,36,35,3948.0,692,0.4257,3,0.232865,0
3041,2022,36,44,7047.0,603,0.2447,3,0.023665,0
3042,2021,36,39,1568.0,605,0.0942,1,0.046619,0
3043,2021,36,32,2539.0,661,0.7184,1,0.47607,0
3044,2023,12,40,9379.0,558,0.305,1,0.022888,0
3045,2021,24,45,4395.0,525,0.2551,3,0.004756,0
3046,2021,24,22,1937.0,477,0.3788,1,0.011282,0
3047,2021,24,49,3465.0,718,0.1209,4,0.161862,0
3048,2022,36,34,3097.0,590,0.2397,3,0.016026,0
3049,2021,60,42,4523.0,665,0.4132,2,0.098878,1
3050,2022,36,49,4083.0,581,0.4905,1,0.044767,0
3051,2021,24,24,5375.0,527,0.2067,1,0.013753,0
3052,2022,24,30,4747.0,672,0.3995,2,0.193285,0
3053,2022,24,35,9700.0,646,0.3186,1,0.080455,0
3054,2023,36,30,6077.0,601,0.0934,1,0.031499,0
3055,2022,12,55,6179.0,644,0.6822,1,0.243346,0
3056,2021,24,29,8801.0,543,0.122,1,0.011794,0
3057,2022,36,32,4047.0,704,0.0238,2,0.176522,0
3058,2021,36,40,2615.0,723,0.0664,1,0.323325,0
3059,2022,24,25,8987.0,680,0.1347,1,0.176643,0
3060,2022,12,34,5260.0,590,0.3984,4,0.030548,0
3061,2022,36,41,5269.0,624,0.3558,1,0.067437,0
3062,2021,36,34,3581.0,745,0.286,4,0.36763,1
3063,2021,24,37,3610.0,722,0.0733,1,0.341001,0
3064,2021,24,32,7505.0,779,0.1358,3,0.416149,0
3065,2021,24,22,8041.0,557,0.047,2,0.006162,0
3066,2021,24,41,7273.0,550,0.2254,2,0.014869,0
3067,2021,48,55,7306.0,630,0.0854,2,0.0274,0
3068,2021,48,38,6532.0,652,0.3904,2,0.097209,0
3069,2023,24,40,5249.0,608,0.3412,3,0.021372,0
3070,2023,24,44,4502.0,588,0.1462,1,0.022171,0
3071,2023,24,25,9002.0,721,0.4227,1,0.456576,1
3072,2021,60,55,4077.0,612,0.2108,2,0.030669,0
3073,2021,24,40,5913.0,522,0.0608,4,0.002105,0
3074,2021,12,54,3288.0,532,0.2912,1,0.012033,0
3075,2021,48,30,3535.0,639,0.0496,1,0.083108,0
3076,2022,36,56,4367.0,850,0.4394,3,0.934298,1
3077,2022,12,45,3288.0,541,0.374,4,0.008658,0
3078,2021,48,43,7324.0,594,0.2965,3,0.030857,0
3079,2023,48,40,2505.0,812,0.23,4,0.74408,0
3080,2021,24,35,5165.0,581,0.2359,2,0.02063,0
3081,2021,12,50,5251.0,656,0.1015,3,0.072058,0
3082,2022,36,39,1987.0,770,0.159,3,0.366259,0
3083,2021,24,22,3942.0,543,0.5652,2,0.032538,0
3084,2022,60,26,5585.0,595,0.3638,1,0.043514,0
3085,2022,36,36,6090.0,581,0.205,1,0.05385,0
3086,2021,36,41,4437.0,498,0.2809,4,0.002174,0
3087,2021,36,37,6894.0,745,0.4978,1,0.498262,1
3088,2023,48,50,4653.0,573,0.3354,1,0.041264,0
3089,2021,60,22,4948.0,549,0.5489,3,0.022183,0
3090,2023,60,39,5574.0,584,0.2916,1,0.020479,0
3091,2022,36,22,7813.0,694,0.3381,1,0.384102,0
3092,2023,36,45,3506.0,629,0.4376,1,0.099535,0
3093,2021,60,37,3853.0,556,0.1401,1,0.014688,0
3094,2021,12,42,3518.0,652,0.3504,2,0.14698,0
3095,2021,12,29,4163.0,685,0.3618,1,0.273909,0
3096,2021,24,50,10028.0,618,0.4129,1,0.053788,0
3097,2022,36,48,6544.0,601,0.1072,1,0.019858,0
3098,2022,48,43,2792.0,701,0.6233,3,0.299786,0
3099,2023,12,36,3640.0,605,0.4708,1,0.126107,0
3100,2022,36,43,5922.0,748,0.2285,2,0.396319,0
3101,2021,12,30,3124.0,559,0.1931,1,0.012524,0
3102,2022,60,46,3420.0,557,0.2207,1,0.007928,0
3103,2022,60,54,9628.0,547,0.2675,1,0.011397,0
3104,2021,48,48,3617.0,600,0.0569,2,0.020635,0
3105,2021,12,30,7921.0,620,0.4413,3,0.072294,0
3106,2021,48,41,9206.0,513,0.2661,2,0.002887,0
3107,2023,24,25,3406.0,627,0.1819,1,0.080954,0
3108,2023,24,43,3150.0,665,0.1817,1,0.170686,0
3109,2022,48,42,4281.0,502,0.1676,1,0.003173,0
3110,2022,12,22,2852.0,578,0.3489,1,0.031253,0
3111,2022,48,26,5221.0,665,0.0716,2,0.073227,1
3112,2021,48,35,4435.0,532,0.4708,1,0.042922,0
3113,2021,24,34,5886.0,594,0.0738,2,0.01694,1
3114,2022,12,25,9882.0,707,0.3503,1,0.292505,1
3115,2021,36,41,7396.0,763,0.106,1,0.493956,1
3116,2023,60,40,6277.0,655,0.1915,3,0.047487,0
3117,2023,36,36,1839.0,606,0.1144,3,0.027048,0
3118,2021,24,30,6135.0,579,0.0973,2,0.009654,0
3119,2022,48,48,11630.0,692,0.4342,1,0.333371,0
3120,2021,48,54,1091.0,710,0.2156,2,0.283559,0
3121,2021,36,33,6937.0,527,0.2657,1,0.008828,0
3122,2022,24,31,4538.0,692,0.3915,4,0.133623,0
3123,2021,24,42,3213.0,571,0.3258,3,0.015386,0
3124,2021,12,34,7336.0,551,0.1235,4,0.010011,0
3125,2021,48,36,11555.0,607,0.3414,2,0.032554,0
3126,2022,36,45,7242.0,699,0.6427,2,0.277343,0
3127,2022,12,22,4082.0,644,0.1955,3,0.05062,0
3128,2022,24,51,3066.0,642,0.2849,2,0.040644,0
3129,2022,24,38,5283.0,648,0.1728,1,0.093504,0
3130,2021,36,33,7605.0,657,0.4441,2,0.152039,0
3131,2021,36,37,4050.0,610,0.3321,1,0.05512,0
3132,2021,36,37,4251.0,670,0.1985,3,0.090978,0
3133,2021,36,22,20000.0,567,0.279,2,0.006529,0
3134,2021,36,52,8428.0,672,0.4929,2,0.06427,0
3135,2023,36,38,8735.0,688,0.0833,2,0.086791,1
3136,2022,12,42,2368.0,675,0.1405,2,0.14897,0
3137,2022,60,47,3451.0,680,0.3983,4,0.0967,0
3138,2022,36,27,5102.0,657,0.2859,1,0.179357,0
3139,2022,36,42,2979.0,713,0.0211,2,0.129396,0
3140,2022,12,35,10940.0,438,0.4846,1,0.002063,0
3141,2022,24,46,9948.0,688,0.0322,1,0.099298,0
3142,2023,36,22,3764.0,778,0.2911,1,0.755806,0
3143,2022,24,37,11992.0,570,0.1271,3,0.007085,0
3144,2021,12,31,4904.0,561,0.196,1,0.016608,0
3145,2022,48,42,17938.0,722,0.3383,2,0.268075,0
3146,2021,24,42,5283.0,545,0.695,4,0.027862,0
3147,2021,60,30,6556.0,566,0.3146,3,0.011326,0
3148,2021,48,30,9897.0,633,0.0631,1,0.037626,0
3149,2021,12,36,9310.0,556,0.1839,2,0.008415,0
3150,2021,48,29,6345.0,690,0.1917,1,0.129303,0
3151,2022,24,46,4580.0,556,0.5325,1,0.027069,0
3152,2022,24,34,6355.0,648,0.1348,4,0.042309,0
3153,2021,36,22,3268.0,642,0.3317,3,0.10306,0
3154,2022,36,34,5303.0,753,0.4864,3,0.504294,0
3155,2021,48,27,2822.0,713,0.2556,1,0.408843,1
3156,2022,60,22,2017.0,577,0.3111,1,0.039827,0
3157,2022,60,25,5040.0,518,0.5091,1,0.019032,0
3158,2022,36,39,9239.0,687,0.0081,1,0.206119,0
3159,2022,36,51,7808.0,567,0.147,1,0.014674,0
3160,2023,36,41,4718.0,593,0.3515,3,0.033997,0
3161,2022,24,31,11772.0,535,0.4862,4,0.007766,0
3162,2023,48,42,3698.0,674,0.256,4,0.090112,0
3163,2021,36,33,1884.0,568,0.264,1,0.034493,0
3164,2023,12,31,1651.0,617,0.2848,1,0.100729,0
3165,2022,36,26,2723.0,618,0.6317,1,0.1954,0
3166,2022,24,22,7393.0,634,0.5003,1,0.150582,0
3167,2023,12,34,3578.0,672,0.3449,2,0.157442,0
3168,2023,36,39,6189.0,600,0.0231,3,0.013,0
3169,2022,36,37,11194.0,560,0.5051,3,0.007461,0
3170,2022,36,33,2835.0,471,0.0823,2,0.001707,0
3171,2022,48,28,6243.0,628,0.2148,1,0.065684,0
3172,2021,36,44,6435.0,607,0.2884,1,0.040131,0
3173,2022,24,24,3196.0,563,0.2355,2,0.03056,0
3174,2021,36,45,9673.0,625,0.1655,3,0.024322,0
3175,2021,12,27,4256.0,688,0.1616,1,0.221714,0
3176,2021,36,30,4057.0,708,0.1406,1,0.188331,0
3177,2023,12,23,14126.0,497,0.1929,3,0.001417,0
3178,2023,36,32,6383.0,591,0.3317,1,0.0428,0
3179,2021,24,47,7806.0,696,0.3306,3,0.209309,0
3180,2021,48,43,9676.0,747,0.1085,3,0.151708,0
3181,2022,36,47,3550.0,554,0.1687,3,0.009409,0
3182,2023,12,43,9181.0,730,0.2516,3,0.316467,0
3183,2021,36,26,3824.0,511,0.0356,1,0.006527,0
3184,2022,24,34,3743.0,711,0.8594,2,0.368732,0
3185,2022,12,30,4290.0,597,0.5782,2,0.113724,0
3186,2022,48,51,3601.0,745,0.5505,2,0.549619,1
3187,2023,36,26,7414.0,582,0.2433,2,0.014001,0
3188,2022,36,46,5617.0,595,0.2169,3,0.015921,0
3189,2023,36,46,3844.0,609,0.0265,2,0.030334,0
3190,2022,36,56,6886.0,497,0.3619,3,0.002332,0
3191,2022,36,33,4283.0,479,0.384,1,0.007362,0
3192,2021,60,45,4171.0,660,0.4414,2,0.188761,0
3193,2022,24,60,5036.0,699,0.2088,2,0.230463,0
3194,2023,48,31,6196.0,668,0.3076,1,0.187037,0
3195,2021,24,22,5973.0,519,0.3236,2,0.010262,0
3196,2022,60,22,4098.0,658,0.5344,4,0.0844,0
3197,2022,60,45,7507.0,540,0.1079,2,0.005433,0
3198,2022,24,22,4398.0,652,0.0957,2,0.080296,0
3199,2022,24,34,3542.0,710,0.1511,3,0.164227,0
3200,2022,12,42,2359.0,649,0.1706,1,0.119388,0
3201,2021,24,39,8035.0,737,0.399,1,0.510042,1
3202,2023,12,42,4945.0,608,0.4892,2,0.056246,0
3203,2022,12,40,5461.0,602,0.7061,2,0.085799,0
3204,2023,36,50,8291.0,625,0.0925,4,0.029246,0
3205,2021,24,28,3871.0,512,0.2357,4,0.002504,0
3206,2021,60,31,2472.0,587,0.1093,1,0.04848,1
3207,2023,36,30,5089.0,594,0.4243,1,0.12678,0
3208,2022,24,46,5733.0,597,0.0919,1,0.014264,0
3209,2023,48,47,4309.0,641,0.4171,4,0.084692,0
3210,2021,24,42,10269.0,501,0.2772,1,0.006188,0
3211,2023,36,49,1418.0,528,0.216,2,0.012239,0
3212,2022,60,26,8604.0,710,0.3755,1,0.316386,1
3213,2021,12,54,7300.0,459,0.3393,2,0.001356,0
3214,2022,36,53,6176.0,669,0.261,2,0.063569,0
3215,2021,36,45,927.0,590,0.1249,3,0.017388,0
3216,2021,48,55,9339.0,632,0.2376,2,0.057718,0
3217,2021,48,22,2942.0,744,0.3171,2,0.684315,0
3218,2021,24,32,3813.0,609,0.1925,2,0.066873,0
3219,2023,12,30,4513.0,670,0.3861,3,0.151423,0
3220,2022,36,45,6025.0,624,0.451,2,0.060703,0
3221,2023,12,27,6766.0,611,0.5122,3,0.049639,0
3222,2021,24,45,7680.0,601,0.2708,1,0.073589,0
3223,2022,24,51,7390.0,676,0.0584,4,0.036694,1
3224,2022,36,44,5577.0,561,0.2333,2,0.010872,0
3225,2023,48,40,6051.0,529,0.0683,1,0.010019,0
3226,2021,24,28,2849.0,625,0.2735,2,0.05202,0
3227,2022,48,29,3376.0,635,0.6107,1,0.201058,0
3228,2021,24,50,7690.0,474,0.1926,3,0.001,0
3229,2023,24,45,7470.0,619,0.4512,4,0.052228,0
3230,2023,36,37,7058.0,521,0.3067,3,0.00586,0
3231,2022,24,33,3800.0,670,0.223,3,0.131798,0
3232,2022,36,22,7748.0,475,0.132,2,0.0016,0
3233,2022,36,27,2750.0,774,0.1783,2,0.638379,1
3234,2021,48,57,8423.0,592,0.1585,1,0.008601,0
3235,2021,24,25,4314.0,550,0.1816,1,0.009612,1
3236,2022,60,39,11408.0,597,0.2042,2,0.017322,0
3237,2023,24,48,2297.0,664,0.2954,3,0.157673,0
3238,2023,24,25,11869.0,691,0.1251,1,0.106227,0
3239,2023,12,39,4102.0,598,0.2112,4,0.007837,0
3240,2022,12,47,4065.0,504,0.0858,1,0.003363,0
3241,2022,24,38,5418.0,523,0.4994,1,0.013166,0
3242,2021,48,66,3468.0,642,0.5658,1,0.349135,1
3243,2023,24,22,4740.0,698,0.1493,2,0.253737,0
3244,2021,48,48,3399.0,709,0.2075,2,0.206088,0
3245,2022,12,36,3462.0,633,0.5459,1,0.125749,0
3246,2022,36,45,6269.0,697,0.2722,4,0.083831,0
3247,2021,48,42,3131.0,772,0.2643,2,0.573895,1
3248,2021,24,30,3347.0,715,0.1061,3,0.16435,0
3249,2022,36,40,2474.0,693,0.3683,4,0.235288,0
3250,2022,36,22,3820.0,555,0.4557,2,0.022197,0
3251,2022,24,44,9469.0,697,0.1469,1,0.165709,1
3252,2021,24,40,3220.0,656,0.5264,2,0.169756,0
3253,2021,60,44,3409.0,672,0.4958,1,0.35071,1
3254,2023,60,48,5415.0,720,0.1858,1,0.249451,0
3255,2023,36,41,4083.0,648,0.195,1,0.121072,0
3256,2022,48,39,14974.0,611,0.2113,3,0.01322,0
3257,2021,24,29,4531.0,534,0.7864,3,0.052108,0
3258,2022,36,30,5812.0,596,0.3035,2,0.037833,0
3259,2022,36,49,7878.0,637,0.4817,1,0.134265,0
3260,2022,36,52,7803.0,642,0.1455,4,0.014319,0
3261,2023,60,35,5523.0,639,0.2425,1,0.068503,0
3262,2021,60,38,4534.0,696,0.5192,2,0.403976,1
3263,2021,36,28,13521.0,689,0.2648,1,0.122698,0
3264,2022,12,49,4676.0,615,0.6919,1,0.163485,1
3265,2023,24,44,3941.0,552,0.1776,4,0.005315,1
3266,2022,36,57,3558.0,650,0.0582,3,0.035438,0
3267,2022,12,29,2073.0,799,0.4414,1,0.999,1
3268,2022,60,34,7412.0,645,0.123,2,0.052974,0
3269,2022,36,40,1519.0,596,0.2405,1,0.043634,0
3270,2023,24,44,4901.0,662,0.7476,3,0.248077,0
3271,2022,48,35,4436.0,667,0.5537,1,0.320091,0
3272,2023,24,29,15063.0,666,0.2396,1,0.100698,0
3273,2023,36,46,1967.0,729,0.2141,1,0.37675,1
3274,2023,60,45,3132.0,650,0.3346,2,0.086902,0
3275,2022,24,28,4591.0,726,0.2498,1,0.370816,0
3276,2021,12,51,4453.0,638,0.7446,2,0.187867,0
3277,2022,48,49,3734.0,740,0.3299,2,0.406059,0
3278,2021,12,39,4720.0,716,0.4626,1,0.394808,1
3279,2023,48,38,2618.0,693,0.4565,3,0.177918,1
3280,2022,24,43,5876.0,683,0.3379,2,0.164774,0
3281,2022,36,29,1540.0,804,0.1881,3,0.603067,1
3282,2023,12,38,4852.0,706,0.0647,2,0.126891,0
3283,2023,36,22,3640.0,552,0.2266,1,0.020151,0
3284,2022,12,46,8169.0,639,0.178,1,0.047671,0
3285,2023,60,22,11821.0,598,0.1352,2,0.017136,0
3286,2022,48,53,4165.0,785,0.1229,4,0.191175,0
3287,2022,24,34,9851.0,720,0.0316,1,0.244154,0
3288,2021,12,35,4196.0,782,0.1076,4,0.351591,0
3289,2022,48,31,3032.0,559,0.2125,2,0.015603,0
3290,2022,12,35,11766.0,708,0.1436,1,0.126736,0
3291,2023,12,52,6377.0,510,0.3249,4,0.002849,0
3292,2021,24,22,4926.0,492,0.5674,4,0.004268,0
3293,2022,24,50,6930.0,588,0.1069,1,0.016065,0
3294,2022,36,41,5637.0,740,0.2973,4,0.227381,0
3295,2023,12,25,4748.0,540,0.4025,1,0.023953,0
3296,2022,12,27,2532.0,618,0.0884,3,0.033708,0
3297,2023,36,54,4293.0,715,0.5156,1,0.565256,1
3298,2023,60,28,6712.0,687,0.3061,2,0.23188,0
3299,2022,36,26,4622.0,797,0.3234,1,0.800928,1
3300,2021,36,49,7717.0,620,0.0702,3,0.01605,0
3301,2023,36,41,5954.0,584,0.2072,3,0.020831,0
3302,2021,24,28,3168.0,532,0.3071,3,0.010228,0
3303,2021,48,40,2541.0,590,0.1173,4,0.01018,0
3304,2022,12,27,4543.0,531,0.0881,1,0.016552,0
3305,2021,36,49,3782.0,476,0.2618,2,0.003906,0
3306,2022,36,48,5815.0,777,0.3991,4,0.528286,1
3307,2023,24,43,3432.0,623,0.205,2,0.05179,0
3308,2022,36,41,3613.0,827,0.2858,3,0.858263,0
3309,2022,36,55,8321.0,552,0.3011,1,0.013294,0
3310,2023,12,37,5293.0,585,0.4538,4,0.025708,0
3311,2021,36,26,3459.0,557,0.4075,1,0.049318,0
3312,2022,36,42,4958.0,568,0.1364,1,0.015177,0
3313,2022,24,58,9793.0,689,0.571,1,0.415026,0
3314,2023,24,27,5692.0,665,0.5108,3,0.155834,1
3315,2022,36,34,6611.0,690,0.3238,1,0.168,0
3316,2022,36,42,3374.0,727,0.2688,4,0.232124,0
3317,2021,24,37,8211.0,708,0.378,1,0.231782,0
3318,2021,36,28,15663.0,539,0.3367,1,0.005715,0
3319,2022,36,49,3309.0,578,0.4364,2,0.026295,0
3320,2023,24,61,2722.0,629,0.0881,3,0.020537,0
3321,2023,36,39,5366.0,850,0.3257,4,0.701248,1
3322,2021,48,28,7614.0,681,0.1386,1,0.154562,0
3323,2021,60,22,4695.0,628,0.1922,3,0.049498,0
3324,2022,36,40,2903.0,673,0.1599,1,0.102284,0
3325,2022,24,49,4655.0,571,0.486,3,0.0274,0
3326,2022,48,42,6628.0,640,0.6098,1,0.250894,0
3327,2021,12,37,4010.0,696,0.1493,1,0.204198,0
3328,2021,24,32,6658.0,617,0.1813,3,0.021365,0
3329,2023,24,27,8799.0,559,0.0467,1,0.008097,0
3330,2022,12,46,5542.0,613,0.5309,2,0.065067,0
3331,2023,48,47,4847.0,594,0.0791,3,0.019293,0
3332,2021,36,22,7440.0,511,0.207,1,0.005936,0
3333,2021,24,53,3203.0,574,0.1333,3,0.007168,0
3334,2023,12,43,3049.0,508,0.2942,1,0.01073,0
3335,2023,48,51,4301.0,521,0.4421,2,0.010452,0
3336,2022,60,24,3843.0,528,0.2315,3,0.006279,0
3337,2021,24,24,3289.0,696,0.2201,3,0.210502,1
3338,2021,48,36,12274.0,739,0.4393,1,0.495526,0
3339,2022,36,43,14559.0,497,0.1308,1,0.001873,0
3340,2022,24,55,4118.0,746,0.0595,2,0.272166,0
3341,2021,24,45,5145.0,529,0.2914,2,0.013502,0
3342,2021,36,35,4474.0,679,0.2319,1,0.185684,0
3343,2023,36,27,8551.0,640,0.3167,2,0.084395,0
3344,2021,48,50,9441.0,670,0.1704,2,0.044442,0
3345,2021,36,28,2021.0,526,0.4505,1,0.017531,0
3346,2021,24,54,6235.0,475,0.1461,3,0.002243,0
3347,2022,24,35,2557.0,555,0.2031,2,0.016329,0
3348,2022,48,53,11839.0,654,0.2029,2,0.031664,0
3349,2022,24,44,6125.0,776,0.1126,2,0.429138,1
3350,2021,48,36,3256.0,537,0.342,2,0.011924,0
3351,2022,48,32,4356.0,612,0.4696,1,0.09696,0
3352,2022,48,34,4254.0,560,0.1219,1,0.011731,0
3353,2022,12,42,6390.0,618,0.5571,3,0.067362,0
3354,2023,36,38,8275.0,465,0.1918,2,0.002155,0
3355,2023,60,32,2768.0,739,0.3226,2,0.602801,1
3356,2021,12,36,12325.0,621,0.623,3,0.098043,0
3357,2023,60,38,10969.0,693,0.212,2,0.106848,0
3358,2023,36,22,3173.0,601,0.7017,1,0.161308,0
3359,2021,36,42,5097.0,635,0.4558,2,0.131282,0
3360,2021,24,28,11561.0,710,0.3302,3,0.184819,0
3361,2022,24,26,9104.0,630,0.7523,3,0.179906,0
3362,2022,12,22,4153.0,633,0.687,2,0.290278,0
3363,2023,36,22,7385.0,556,0.1767,1,0.012696,0
3364,2022,24,24,20000.0,577,0.2893,3,0.00312,0
3365,2023,36,30,5180.0,538,0.4647,2,0.007541,0
3366,2022,36,57,3582.0,560,0.4883,4,0.015153,0
3367,2021,24,32,5357.0,720,0.247,2,0.257764,1
3368,2023,12,39,5560.0,764,0.1606,4,0.316078,1
3369,2021,60,42,3781.0,520,0.1884,1,0.007307,0
3370,2023,36,39,6129.0,651,0.0883,1,0.108936,0
3371,2021,12,37,2625.0,594,0.0406,1,0.01932,0
3372,2022,12,26,3524.0,731,0.3137,4,0.261546,0
3373,2022,36,52,7180.0,630,0.2689,3,0.033672,0
3374,2022,48,56,2044.0,619,0.1598,3,0.035228,0
3375,2022,48,22,7720.0,560,0.547,4,0.01344,0
3376,2023,24,27,1797.0,497,0.489,4,0.006612,0
3377,2021,24,35,2068.0,680,0.3575,1,0.346602,0
3378,2023,24,28,3830.0,648,0.1511,1,0.14297,0
3379,2021,24,43,5673.0,650,0.1392,1,0.093994,0
3380,2022,12,30,9534.0,572,0.13,1,0.010071,0
3381,2021,36,59,5058.0,608,0.272,3,0.023183,0
3382,2023,24,49,4345.0,683,0.3839,3,0.182946,0
3383,2023,36,40,6567.0,698,0.0675,2,0.113403,0
3384,2021,24,48,3180.0,525,0.7153,1,0.025154,0
3385,2021,36,49,5270.0,569,0.1738,1,0.014321,0
3386,2023,36,32,2698.0,508,0.2991,1,0.01112,0
3387,2021,36,29,5122.0,636,0.241,1,0.118958,0
3388,2023,24,38,4606.0,690,0.1911,4,0.073417,0
3389,2023,48,46,3287.0,597,0.1169,1,0.038414,0
3390,2022,24,39,5338.0,566,0.0976,3,0.011636,0
3391,2022,12,22,5320.0,593,0.1873,1,0.035386,0
3392,2022,24,29,8846.0,804,0.4272,2,0.687105,1
3393,2022,60,37,2202.0,715,0.3612,2,0.328661,0
3394,2021,36,37,4731.0,678,0.3546,1,0.234791,0
3395,2022,24,57,3361.0,645,0.1766,4,0.023205,0
3396,2021,36,24,7592.0,618,0.1314,4,0.017711,0
3397,2021,12,43,7165.0,547,0.0889,1,0.007111,0
3398,2022,36,52,6336.0,535,0.1927,1,0.006573,0
3399,2021,48,60,3457.0,574,0.3691,1,0.040753,0
3400,2021,24,33,7652.0,543,0.4125,3,0.006414,0
3401,2022,48,42,2287.0,571,0.3438,2,0.01936,0
3402,2022,12,43,2064.0,611,0.2119,1,0.076038,0
3403,2021,36,39,2597.0,617,0.1918,1,0.069954,0
3404,2021,12,37,4833.0,570,0.2258,2,0.01391,0
3405,2022,24,42,6888.0,659,0.306,1,0.126625,1
3406,2022,36,22,1110.0,604,0.1935,1,0.06095,0
3407,2023,24,44,9522.0,637,0.4265,2,0.066161,0
3408,2022,24,39,5248.0,560,0.2746,3,0.011788,0
3409,2023,36,35,2244.0,675,0.3475,3,0.12847,0
3410,2023,36,58,5169.0,577,0.3261,4,0.011639,0
3411,2022,12,31,8487.0,748,0.457,2,0.438898,1
3412,2021,12,33,6632.0,602,0.215,1,0.045759,0
3413,2022,36,57,8515.0,612,0.2163,2,0.027094,0
3414,2023,36,29,2482.0,667,0.2326,1,0.203212,0
3415,2022,24,32,3996.0,684,0.2784,4,0.105919,0
3416,2021,24,36,3095.0,693,0.3461,2,0.313112,1
3417,2021,12,46,11600.0,762,0.1636,1,0.250855,0
3418,2022,12,40,6766.0,672,0.187,4,0.058075,0
3419,2022,48,25,20000.0,614,0.3246,1,0.02923,0
3420,2023,24,32,3890.0,577,0.3736,1,0.01641,0
3421,2022,24,31,3421.0,609,0.3932,3,0.065228,0
3422,2023,12,37,4576.0,738,0.1194,1,0.635361,1
3423,2023,12,42,9791.0,509,0.3788,1,0.008495,0
3424,2023,24,42,4093.0,554,0.4481,1,0.015976,0
3425,2022,36,22,5230.0,602,0.574,3,0.076848,0
3426,2021,60,48,5158.0,553,0.0916,1,0.00822,0
3427,2023,36,40,5013.0,587,0.314,3,0.025823,0
3428,2022,36,51,3547.0,764,0.3143,2,0.565653,1
3429,2022,36,42,4589.0,596,0.23,1,0.054315,0
3430,2021,24,49,4492.0,652,0.3743,4,0.072056,0
3431,2022,24,42,4896.0,487,0.1766,1,0.003319,0
3432,2021,60,51,7877.0,531,0.1976,3,0.006204,0
3433,2022,24,43,11853.0,694,0.1959,1,0.110126,0
3434,2023,24,37,3229.0,753,0.1153,1,0.401109,0
3435,2022,24,60,4040.0,637,0.2563,1,0.072443,0
3436,2023,36,46,3254.0,595,0.2321,4,0.015846,0
3437,2023,48,43,5397.0,659,0.3136,2,0.096808,0
3438,2023,48,25,3755.0,412,0.4183,3,0.001459,0
3439,2022,24,25,5541.0,638,0.0935,1,0.062698,0
3440,2023,36,40,8534.0,536,0.3688,2,0.011611,0
3441,2023,24,39,1390.0,683,0.46,2,0.192152,0
3442,2022,24,31,6285.0,444,0.4429,4,0.001073,0
3443,2022,60,39,3905.0,569,0.4346,3,0.030193,0
3444,2023,36,53,6187.0,616,0.4234,4,0.023413,0
3445,2022,24,44,3139.0,559,0.1587,2,0.011899,0
3446,2021,24,26,8939.0,589,0.3263,3,0.028495,0
3447,2023,60,36,7759.0,692,0.4955,1,0.44793,1
3448,2022,24,29,6530.0,618,0.481,3,0.040385,0
3449,2022,36,34,7307.0,545,0.6349,4,0.013836,0
3450,2022,60,33,3385.0,695,0.1616,2,0.157779,0
3451,2023,24,33,3605.0,640,0.2334,1,0.124577,0
3452,2021,24,25,7160.0,643,0.1204,1,0.049215,0
3453,2022,48,36,3348.0,548,0.1968,2,0.009027,0
3454,2023,48,32,10126.0,416,0.149,1,0.001,0
3455,2023,36,22,4181.0,547,0.0785,2,0.016424,0
3456,2022,48,58,6317.0,539,0.2336,2,0.005287,0
3457,2023,36,48,14039.0,570,0.1029,3,0.003746,0
3458,2021,24,34,3453.0,552,0.1583,2,0.011893,0
3459,2021,36,38,5087.0,629,0.1078,2,0.047825,0
3460,2022,36,26,8326.0,690,0.3121,1,0.217735,0
3461,2022,24,54,7908.0,706,0.5295,1,0.501786,0
3462,2021,48,56,4172.0,686,0.389,2,0.15669,0
3463,2021,36,39,3796.0,548,0.1557,1,0.010702,0
3464,2023,24,48,4374.0,624,0.3581,2,0.055981,1
3465,2021,48,39,10137.0,745,0.2601,2,0.342063,1
3466,2021,36,24,4275.0,493,0.4838,2,0.006484,0
3467,2021,12,33,5111.0,727,0.5766,2,0.523238,1
3468,2021,48,39,3970.0,540,0.5128,1,0.019313,0
3469,2022,36,33,6994.0,643,0.0884,2,0.029962,0
3470,2022,60,35,5312.0,653,0.0423,1,0.052255,0
3471,2021,36,37,2976.0,635,0.1639,2,0.066492,0
3472,2021,36,37,3028.0,798,0.2383,1,0.628516,0
3473,2021,48,38,1809.0,595,0.3294,3,0.048198,0
3474,2021,24,27,3243.0,488,0.2298,3,0.003362,0
3475,2023,48,30,7310.0,648,0.3988,1,0.206489,0
3476,2022,12,25,9527.0,606,0.0259,1,0.024308,0
3477,2023,24,47,6924.0,664,0.6949,3,0.173062,0
3478,2022,36,22,6485.0,690,0.1167,3,0.069132,0
3479,2023,36,49,4613.0,617,0.0313,2,0.02435,0
3480,2021,36,51,7241.0,654,0.252,1,0.097875,0
3481,2022,36,34,5671.0,631,0.1012,2,0.029294,0
3482,2022,60,22,12115.0,763,0.269,4,0.276724,1
3483,2022,36,34,4679.0,590,0.242,2,0.027434,0
3484,2021,48,37,9619.0,565,0.0437,2,0.007383,0
3485,2021,24,27,7609.0,690,0.1559,3,0.113946,0
3486,2022,36,32,7099.0,545,0.1312,1,0.009067,0
3487,2021,48,53,1798.0,651,0.3045,4,0.081448,0
3488,2021,48,44,7821.0,606,0.3792,3,0.045619,0
3489,2021,24,28,4611.0,611,0.3127,2,0.104003,0
3490,2022,48,22,3936.0,814,0.2584,2,0.720054,1
3491,2022,36,34,2341.0,718,0.1423,4,0.177505,0
3492,2021,36,35,4901.0,701,0.3505,3,0.157462,0
3493,2021,36,42,4998.0,662,0.381,3,0.206791,0
3494,2022,36,32,2562.0,564,0.4496,1,0.052128,0
3495,2022,24,43,2353.0,640,0.1585,1,0.067723,0
3496,2021,24,57,6269.0,666,0.4279,2,0.208663,1
3497,2023,24,46,7600.0,635,0.3187,1,0.045619,0
3498,2021,24,37,5405.0,627,0.1939,2,0.036909,0
3499,2022,48,36,8738.0,588,0.2667,2,0.018687,0
3500,2023,36,34,4707.0,641,0.6762,2,0.182783,0
3501,2022,60,49,4783.0,577,0.431,2,0.034453,0
3502,2023,60,31,3107.0,676,0.2478,1,0.181858,0
3503,2021,60,38,2253.0,458,0.1905,1,0.002565,0
3504,2022,48,38,12423.0,728,0.5086,2,0.318916,0
3505,2021,24,32,8653.0,515,0.5083,1,0.014556,0
3506,2022,24,24,2450.0,534,0.223,1,0.013893,0
3507,2022,24,41,5313.0,652,0.4217,2,0.144547,0
3508,2021,36,37,4675.0,663,0.4647,3,0.178995,0
3509,2023,60,43,4286.0,786,0.3377,1,0.701284,1
3510,2021,36,32,4006.0,643,0.1475,3,0.026043,0
3511,2022,60,50,5947.0,616,0.3272,3,0.039292,0
3512,2022,36,29,7399.0,635,0.3431,2,0.048782,0
3513,2022,36,55,6010.0,747,0.5345,3,0.431567,0
3514,2023,48,22,4627.0,813,0.3818,4,0.751508,1
3515,2021,24,42,4543.0,605,0.1869,4,0.022612,0
3516,2022,24,42,7851.0,663,0.3114,1,0.07363,0
3517,2022,12,30,6196.0,614,0.2089,1,0.036666,0
3518,2021,12,42,5097.0,612,0.3763,3,0.046198,0
3519,2022,36,50,4827.0,770,0.3518,1,0.643075,0
3520,2023,24,22,5841.0,545,0.4881,1,0.033519,0
3521,2023,48,43,3889.0,433,0.4675,2,0.001506,0
3522,2021,12,22,7411.0,645,0.5499,1,0.195833,0
3523,2022,12,28,2870.0,716,0.5523,2,0.499615,1
3524,2021,24,54,4001.0,637,0.2943,1,0.12232,0
3525,2022,36,32,6671.0,660,0.2063,3,0.042293,0
3526,2023,36,26,2789.0,680,0.2638,1,0.317497,0
3527,2023,36,36,2238.0,628,0.4262,2,0.117974,0
3528,2022,12,58,5072.0,664,0.1022,4,0.03606,0
3529,2023,36,22,2104.0,663,0.738,3,0.447294,1
3530,2021,36,27,2567.0,463,0.5451,3,0.003977,0
3531,2023,24,52,7175.0,629,0.2636,4,0.032638,0
3532,2022,24,56,4436.0,494,0.2185,1,0.004989,0
3533,2023,24,36,9346.0,616,0.423,1,0.064936,0
3534,2021,12,25,2691.0,580,0.0871,1,0.037775,1
3535,2021,24,58,4689.0,702,0.5082,3,0.233364,0
3536,2022,24,53,6002.0,639,0.1378,3,0.027358,0
3537,2022,36,44,2737.0,657,0.1527,2,0.075953,0
3538,2022,24,29,8233.0,604,0.175,1,0.012013,0
3539,2021,60,37,6344.0,704,0.3435,1,0.271514,1
3540,2023,36,36,2198.0,492,0.307,2,0.00991,0
3541,2021,12,41,4823.0,548,0.1978,1,0.02322,0
3542,2021,24,52,5961.0,722,0.2586,1,0.328215,1
3543,2021,60,46,3659.0,585,0.2283,2,0.042877,0
3544,2021,12,27,2345.0,448,0.4802,1,0.00817,0
3545,2022,36,51,5649.0,736,0.1405,4,0.190059,0
3546,2021,36,41,14848.0,706,0.3793,1,0.148069,0
3547,2021,36,44,4050.0,676,0.4245,3,0.127055,0
3548,2022,36,52,10771.0,627,0.2541,2,0.026572,0
3549,2022,48,26,3374.0,752,0.3719,1,0.58056,1
3550,2021,48,37,5474.0,720,0.2328,4,0.190958,0
3551,2021,12,32,7228.0,743,0.0832,2,0.298172,0
3552,2022,48,22,4894.0,675,0.3641,1,0.149927,1
3553,2022,36,41,4235.0,629,0.411,1,0.11316,0
3554,2021,48,63,7066.0,588,0.3759,1,0.020292,0
3555,2021,36,22,12654.0,518,0.2711,2,0.003587,0
3556,2022,24,37,5712.0,660,0.6218,2,0.204393,1
3557,2021,24,44,3797.0,666,0.048,2,0.081466,0
3558,2021,36,39,4470.0,592,0.3196,3,0.030429,0
3559,2022,60,36,17324.0,669,0.201,1,0.056983,0
3560,2021,12,25,5258.0,593,0.324,1,0.067779,1
3561,2021,24,40,3651.0,689,0.1585,3,0.164392,0
3562,2021,60,30,2772.0,549,0.219,1,0.020868,0
3563,2022,36,22,1972.0,535,0.366,1,0.017551,0
3564,2021,36,49,5895.0,600,0.5327,2,0.036708,1
3565,2021,60,47,6818.0,686,0.276,2,0.119564,1
3566,2023,36,38,4031.0,527,0.3242,2,0.019361,0
3567,2023,36,40,4878.0,703,0.3749,1,0.258347,0
3568,2021,60,48,2737.0,488,0.2241,3,0.003196,0
3569,2022,36,40,5253.0,600,0.2008,1,0.032801,0
3570,2023,60,47,6253.0,506,0.0264,2,0.002923,0
3571,2022,48,35,3761.0,411,0.3494,1,0.001347,0
3572,2023,36,51,11444.0,649,0.583,4,0.055761,0
3573,2022,36,41,3234.0,605,0.3372,1,0.065914,0
3574,2022,36,39,5663.0,508,0.1656,2,0.003563,0
3575,2021,48,25,7511.0,578,0.0851,2,0.007759,0
3576,2022,36,40,4728.0,655,0.3097,2,0.142632,0
3577,2021,36,29,4473.0,590,0.3423,1,0.042653,0
3578,2023,48,31,2406.0,604,0.3301,2,0.047066,1
3579,2022,36,29,9688.0,588,0.047,2,0.015787,0
3580,2021,12,27,4515.0,573,0.0442,2,0.012476,0
3581,2021,48,59,6430.0,572,0.0276,2,0.008344,0
3582,2022,24,51,6880.0,570,0.0922,2,0.012129,0
3583,2022,24,57,3590.0,559,0.3527,3,0.011353,0
3584,2023,36,25,4453.0,538,0.251,1,0.020919,0
3585,2022,36,38,9578.0,589,0.1569,3,0.008719,0
3586,2021,24,25,2811.0,568,0.3469,3,0.031734,0
3587,2021,36,31,14242.0,534,0.2803,3,0.00454,0
3588,2023,36,28,3387.0,681,0.2784,3,0.196049,0
3589,2023,36,50,2725.0,718,0.0394,2,0.115803,0
3590,2021,36,34,5251.0,619,0.2175,1,0.057427,0
3591,2022,12,48,14827.0,625,0.6636,2,0.088431,0
3592,2022,12,44,1890.0,564,0.3394,3,0.015207,0
3593,2022,36,61,4580.0,705,0.5388,1,0.272002,1
3594,2023,12,23,6236.0,759,0.6683,3,0.608744,1
3595,2023,12,50,4998.0,606,0.3504,1,0.044205,0
3596,2021,36,49,5949.0,578,0.5008,2,0.037481,0
3597,2022,48,28,3432.0,647,0.1852,1,0.112709,0
3598,2021,36,48,3641.0,630,0.1352,2,0.045627,0
3599,2023,36,41,4563.0,579,0.5177,3,0.015444,0
3600,2021,48,35,2794.0,657,0.1755,1,0.165996,0
3601,2023,36,29,4806.0,695,0.2045,1,0.275196,1
3602,2022,36,30,4047.0,557,0.271,2,0.011706,0
3603,2021,48,58,3885.0,823,0.1278,3,0.641666,1
3604,2022,24,38,5769.0,497,0.3094,1,0.007807,0
3605,2021,24,45,1978.0,551,0.307,2,0.01474,0
3606,2022,48,30,4383.0,638,0.2172,2,0.074353,0
3607,2021,12,30,15657.0,799,0.2616,1,0.336776,0
3608,2022,24,48,2855.0,574,0.1348,1,0.013071,0
3609,2023,24,24,9346.0,534,0.2327,3,0.004359,0
3610,2021,24,33,5051.0,663,0.3118,3,0.076165,0
3611,2021,24,38,3636.0,600,0.5988,1,0.140335,1
3612,2021,24,39,2539.0,673,0.4049,2,0.216151,1
3613,2023,36,36,5270.0,614,0.2162,3,0.017539,0
3614,2021,24,41,10165.0,551,0.0852,1,0.006776,0
3615,2021,36,44,4046.0,807,0.2459,3,0.61321,0
3616,2023,36,45,4720.0,383,0.4756,1,0.001,0
3617,2021,24,28,8145.0,765,0.3551,2,0.502571,0
3618,2023,24,35,5828.0,694,0.4535,1,0.445569,0
3619,2022,36,49,2239.0,560,0.3857,2,0.02264,0
3620,2021,36,46,5164.0,769,0.1616,2,0.359362,0
3621,2022,36,24,10468.0,510,0.1266,3,0.002039,0
3622,2022,36,41,4825.0,700,0.1257,2,0.171608,0
3623,2022,48,22,1248.0,453,0.3595,1,0.004011,0
3624,2021,48,38,5968.0,528,0.2134,1,0.008919,0
3625,2022,60,56,4451.0,528,0.4752,3,0.00758,0
3626,2022,36,28,1969.0,559,0.3264,2,0.018919,0
3627,2021,48,29,2123.0,620,0.2794,2,0.107399,1
3628,2023,36,45,8003.0,553,0.3126,2,0.01081,0
3629,2021,36,22,3408.0,457,0.1131,3,0.001987,0
3630,2021,60,31,3122.0,657,0.1045,3,0.054339,0
3631,2021,48,43,4828.0,623,0.6434,3,0.125977,0
3632,2023,36,31,3561.0,652,0.1789,1,0.117177,0
3633,2023,48,35,5167.0,633,0.278,1,0.109998,0
3634,2023,12,45,4441.0,696,0.7131,4,0.209753,0
3635,2022,12,42,2697.0,613,0.3531,3,0.047374,0
3636,2021,60,40,3806.0,701,0.1764,3,0.183173,0
3637,2022,24,34,6133.0,557,0.3788,2,0.023173,0
3638,2023,24,41,5019.0,562,0.3978,1,0.021291,0
3639,2022,12,36,4717.0,730,0.1949,1,0.303994,0
3640,2021,24,42,12948.0,728,0.5427,4,0.152108,0
3641,2022,48,33,7083.0,665,0.2298,1,0.112628,0
3642,2022,36,36,7527.0,548,0.1003,1,0.005754,0
3643,2021,12,28,4523.0,542,0.2528,4,0.005188,0
3644,2021,48,37,5487.0,726,0.0757,2,0.133791,0
3645,2022,48,29,3962.0,721,0.4656,1,0.428944,1
3646,2023,24,26,7250.0,614,0.5127,2,0.150059,0
3647,2021,36,40,4651.0,807,0.0749,3,0.501361,1
3648,2023,36,40,5493.0,656,0.3537,2,0.126181,0
3649,2021,48,45,5326.0,531,0.2679,2,0.008924,0
3650,2021,60,33,4870.0,597,0.1463,2,0.01368,0
3651,2023,36,42,20000.0,620,0.5778,1,0.059199,0
3652,2023,12,43,3522.0,626,0.0936,1,0.069004,0
3653,2021,24,42,3506.0,720,0.1025,1,0.332405,0
3654,2023,36,29,6954.0,543,0.1601,2,0.009513,0
3655,2022,24,39,3650.0,513,0.1885,1,0.008632,0
3656,2021,36,41,4248.0,668,0.1954,2,0.107863,0
3657,2021,48,38,2855.0,579,0.5286,1,0.074813,0
3658,2022,36,22,6284.0,813,0.4866,2,0.772718,0
3659,2021,60,39,6324.0,695,0.2842,1,0.379691,0
3660,2022,60,60,4198.0,577,0.2665,3,0.008661,0
3661,2023,36,34,7026.0,717,0.1416,2,0.264407,1
3662,2022,48,30,1941.0,678,0.0599,1,0.219809,0
3663,2023,24,41,3452.0,670,0.636,1,0.334451,1
3664,2021,24,41,4514.0,610,0.1422,1,0.021584,0
3665,2022,12,49,2735.0,653,0.3491,3,0.081361,0
3666,2021,48,25,2050.0,451,0.2484,2,0.004137,0
3667,2022,60,45,4214.0,725,0.1372,2,0.19463,0
3668,2021,24,43,6954.0,345,0.1915,2,0.001,0
3669,2021,12,36,9331.0,584,0.1349,2,0.010692,0
3670,2021,36,41,3738.0,492,0.438,3,0.006123,0
3671,2022,24,48,7091.0,579,0.4584,3,0.008868,0
3672,2022,12,46,6757.0,614,0.6614,3,0.075329,0
3673,2022,36,26,9039.0,524,0.3196,4,0.00311,0
3674,2021,36,46,4125.0,398,0.1548,1,0.001,0
3675,2021,24,37,2000.0,636,0.697,3,0.231987,0
3676,2022,48,38,5090.0,786,0.1442,1,0.540249,1
3677,2022,24,38,2960.0,591,0.2161,3,0.01432,0
3678,2021,24,36,3423.0,696,0.3626,2,0.330697,0
3679,2023,12,49,4228.0,740,0.1379,1,0.487931,1
3680,2022,24,37,4149.0,467,0.4061,1,0.006072,0
3681,2021,60,26,5275.0,583,0.2001,2,0.037141,0
3682,2022,36,34,6985.0,517,0.0642,2,0.005099,0
3683,2022,60,39,4089.0,555,0.2321,1,0.028938,0
3684,2022,36,50,5990.0,756,0.6065,1,0.615077,0
3685,2021,12,44,4951.0,637,0.063,2,0.06525,1
3686,2022,36,29,7846.0,683,0.1734,1,0.178059,0
3687,2021,12,62,4473.0,616,0.1476,3,0.014908,0
3688,2021,48,40,4725.0,523,0.4497,3,0.008996,0
3689,2021,48,50,4076.0,674,0.3774,1,0.227012,0
3690,2023,24,36,4532.0,720,0.1503,2,0.237244,1
3691,2022,36,43,3322.0,645,0.2897,2,0.119538,0
3692,2023,36,46,3161.0,659,0.2131,3,0.071243,0
3693,2021,24,50,7244.0,521,0.1963,2,0.005169,0
3694,2022,36,48,2859.0,676,0.2818,1,0.187587,0
3695,2022,12,46,4190.0,727,0.2113,2,0.350868,0
3696,2023,24,34,8165.0,652,0.5126,2,0.1608,0
3697,2022,24,32,4120.0,476,0.1668,1,0.006624,0
3698,2022,12,41,7438.0,750,0.1872,1,0.534114,1
3699,2023,36,47,3657.0,544,0.4009,2,0.016546,0
3700,2021,12,35,2906.0,651,0.4809,1,0.204976,1
3701,2022,12,48,2214.0,696,0.3016,2,0.23569,0
3702,2021,36,52,9475.0,706,0.392,1,0.199579,0
3703,2023,48,28,2784.0,475,0.0291,1,0.002996,0
3704,2022,36,29,7141.0,629,0.314,1,0.17585,0
3705,2022,24,36,2981.0,624,0.4137,3,0.048886,0
3706,2022,48,41,9497.0,735,0.4614,2,0.311141,1
3707,2021,36,32,14815.0,656,0.3566,1,0.051522,0
3708,2021,12,51,2115.0,735,0.3277,1,0.592173,1
3709,2021,60,42,2857.0,663,0.4175,1,0.234176,0
3710,2022,24,38,7234.0,614,0.2034,4,0.01545,0
3711,2022,48,23,6352.0,635,0.0874,2,0.039193,0
3712,2023,48,24,7248.0,741,0.2122,4,0.181542,0
3713,2021,36,40,3689.0,516,0.075,4,0.003574,0
3714,2022,24,22,13277.0,692,0.1065,2,0.070977,0
3715,2022,48,48,5214.0,569,0.099,1,0.012179,0
3716,2022,48,36,2675.0,552,0.1995,3,0.009263,0
3717,2023,60,70,4330.0,701,0.1574,2,0.185534,0
3718,2022,24,61,2692.0,549,0.0958,1,0.006983,0
3719,2022,36,36,10889.0,650,0.0649,2,0.028907,0
3720,2021,48,36,3533.0,580,0.2417,2,0.029104,0
3721,2023,60,47,6287.0,431,0.3169,2,0.001,0
3722,2021,36,55,3884.0,658,0.4723,2,0.168014,1
3723,2021,24,22,3613.0,630,0.5001,4,0.096075,0
3724,2023,48,22,1891.0,467,0.4648,1,0.011016,0
3725,2022,48,31,6628.0,564,0.0436,2,0.005888,0
3726,2022,60,43,9411.0,475,0.1347,1,0.002253,0
3727,2023,12,42,3109.0,678,0.1567,2,0.148564,0
3728,2021,24,48,2270.0,731,0.3152,1,0.420203,0
3729,2022,24,26,7344.0,687,0.1277,1,0.212342,0
3730,2021,36,22,2158.0,699,0.7665,1,0.797325,0
3731,2022,48,46,9043.0,578,0.061,3,0.006412,0
3732,2021,48,29,3127.0,663,0.2598,2,0.07476,0
3733,2021,24,22,2831.0,619,0.1491,1,0.056564,0
3734,2021,48,39,5565.0,634,0.3112,1,0.051787,0
3735,2021,36,45,2925.0,696,0.2404,3,0.165012,0
3736,2021,24,36,3451.0,714,0.5157,1,0.63381,0
3737,2023,12,33,5866.0,588,0.1521,3,0.011423,0
3738,2022,36,36,1459.0,507,0.0636,3,0.002449,0
3739,2023,36,34,11172.0,605,0.2493,1,0.012903,0
3740,2023,12,24,5023.0,602,0.1557,2,0.035281,0
3741,2021,60,30,2575.0,642,0.1576,1,0.142398,0
3742,2021,12,43,2955.0,686,0.5765,1,0.336252,0
3743,2022,36,41,8069.0,466,0.0641,1,0.001198,0
3744,2021,60,39,6638.0,566,0.2583,4,0.007675,0
3745,2021,36,28,9832.0,542,0.3285,2,0.005965,0
3746,2022,36,36,3493.0,720,0.4277,1,0.431875,0
3747,2022,12,22,5700.0,603,0.1217,1,0.036772,0
3748,2022,48,39,6083.0,578,0.3005,1,0.040672,0
3749,2023,12,52,6958.0,663,0.1211,3,0.04423,0
3750,2023,12,23,8636.0,572,0.3134,2,0.01127,0
3751,2022,24,32,3434.0,618,0.3008,2,0.042073,1
3752,2021,36,41,4642.0,765,0.3185,3,0.275052,0
3753,2022,24,50,3623.0,762,0.7075,2,0.769161,1
3754,2021,24,33,4787.0,587,0.6265,3,0.041646,0
3755,2023,24,31,6969.0,605,0.2887,1,0.048608,0
3756,2022,36,22,2149.0,570,0.2469,4,0.020233,0
3757,2022,60,39,8559.0,465,0.2601,4,0.001473,0
3758,2023,36,58,2781.0,702,0.3246,2,0.205178,1
3759,2021,60,40,4215.0,813,0.3285,2,0.678267,1
3760,2023,12,37,9154.0,584,0.2884,2,0.014785,0
3761,2021,48,41,5791.0,554,0.1323,2,0.013196,0
3762,2021,24,37,5824.0,598,0.2188,1,0.074372,0
3763,2023,12,29,2724.0,626,0.2145,1,0.062024,0
3764,2022,60,46,2916.0,529,0.6004,2,0.02222,0
3765,2021,24,40,7869.0,583,0.4256,2,0.018044,0
3766,2023,36,38,3661.0,701,0.1048,1,0.276713,0
3767,2023,24,28,3837.0,630,0.0331,1,0.065952,0
3768,2023,12,51,7958.0,721,0.3261,4,0.160963,0
3769,2021,36,44,2907.0,649,0.1841,2,0.060872,0
3770,2022,24,32,5623.0,532,0.0576,1,0.004832,0
3771,2023,36,48,5021.0,573,0.2802,3,0.016955,0
3772,2022,60,33,4908.0,639,0.1026,1,0.04882,0
3773,2022,24,30,3793.0,530,0.1668,2,0.007883,0
3774,2022,24,30,3678.0,519,0.5924,2,0.016678,0
3775,2021,24,22,2866.0,524,0.6125,1,0.039921,0
3776,2022,36,42,6256.0,661,0.3206,2,0.126092,0
3777,2023,24,22,3519.0,590,0.0957,2,0.022103,0
3778,2021,24,25,7977.0,714,0.4616,3,0.32656,0
3779,2022,36,22,4393.0,548,0.0451,4,0.005333,0
3780,2021,24,37,2895.0,423,0.583,3,0.003123,0
3781,2022,24,36,4364.0,609,0.0915,1,0.024483,0
3782,2023,12,34,4002.0,751,0.1415,1,0.388328,0
3783,2023,24,27,8140.0,622,0.6439,1,0.178391,0
3784,2022,48,26,4087.0,510,0.202,3,0.003138,0
3785,2021,12,42,4281.0,490,0.1492,2,0.002209,0
3786,2022,48,32,9954.0,715,0.4228,4,0.167038,0
3787,2023,36,41,6337.0,555,0.226,2,0.009899,0
3788,2022,48,29,11286.0,743,0.44,2,0.471017,1
3789,2021,60,39,9224.0,672,0.4072,3,0.141669,0
3790,2022,12,51,3154.0,558,0.4357,2,0.014562,0
3791,2021,12,43,8062.0,713,0.3437,3,0.186385,0
3792,2022,36,33,10537.0,546,0.1719,2,0.005768,0
3793,2021,24,40,10577.0,504,0.0335,2,0.001221,0
3794,2021,36,35,8055.0,550,0.3672,1,0.008482,0
3795,2023,36,38,7973.0,681,0.2097,3,0.058984,0
3796,2021,48,34,4225.0,711,0.4188,1,0.323893,0
3797,2022,48,36,3233.0,588,0.1926,4,0.015172,0
3798,2023,36,40,4121.0,470,0.1311,1,0.002002,0
3799,2022,24,28,2138.0,495,0.1234,2,0.003508,0
3800,2022,24,27,9618.0,534,0.1457,2,0.005761,0
3801,2023,36,24,4266.0,516,0.7533,1,0.062722,0
3802,2021,36,22,9374.0,641,0.1018,2,0.03847,0
3803,2022,36,25,2655.0,775,0.6139,2,0.73917,1
3804,2022,48,39,8445.0,683,0.4849,1,0.323539,0
3805,2021,36,29,3837.0,529,0.3273,3,0.005757,0
3806,2021,60,43,2586.0,564,0.0679,2,0.008241,0
3807,2022,36,38,11087.0,580,0.1583,3,0.008024,0
3808,2022,60,22,8550.0,651,0.4403,4,0.076286,0
3809,2022,60,44,5464.0,745,0.1609,3,0.252957,0
3810,2021,24,46,4999.0,582,0.2878,2,0.014464,0
3811,2021,60,28,6123.0,743,0.0145,1,0.399828,0
3812,2022,24,42,5417.0,788,0.423,2,0.868675,1
3813,2022,12,29,3307.0,592,0.4447,1,0.067512,0
3814,2022,24,38,4000.0,589,0.081,2,0.018609,0
3815,2022,24,25,13100.0,591,0.1314,2,0.008798,0
3816,2022,24,22,18696.0,624,0.3693,2,0.026361,0
3817,2023,36,34,10736.0,591,0.2934,1,0.051407,0
3818,2021,60,36,6242.0,690,0.2701,2,0.146759,0
3819,2023,24,34,4151.0,496,0.3628,3,0.005373,0
3820,2022,24,26,3297.0,577,0.1372,1,0.076187,0
3821,2022,12,34,3408.0,646,0.1796,2,0.163555,0
3822,2023,36,40,3727.0,689,0.1093,4,0.08533,1
3823,2022,24,37,14409.0,795,0.212,3,0.42641,1
3824,2022,12,39,12126.0,516,0.3322,1,0.007245,0
3825,2022,60,31,7138.0,567,0.1861,2,0.023191,0
3826,2021,24,49,3040.0,438,0.2449,1,0.001794,0
3827,2021,24,26,7681.0,531,0.1142,1,0.010395,0
3828,2021,12,42,4362.0,478,0.1079,3,0.001829,0
3829,2021,24,49,1675.0,578,0.2971,3,0.017371,0
3830,2021,48,42,5673.0,601,0.3357,2,0.044565,0
3831,2021,24,35,3226.0,657,0.3789,1,0.145693,0
3832,2022,24,32,3281.0,596,0.2357,1,0.03838,0
3833,2023,48,48,4336.0,657,0.2906,2,0.149753,0
3834,2023,36,23,3831.0,629,0.4156,4,0.064204,0
3835,2021,24,28,4831.0,537,0.0651,1,0.009699,0
3836,2022,36,34,4717.0,485,0.4243,2,0.006829,0
3837,2023,36,50,1924.0,666,0.1554,2,0.101067,0
3838,2021,36,41,10511.0,751,0.2802,1,0.509834,1
3839,2022,24,28,3006.0,822,0.3849,2,0.956258,0
3840,2023,60,34,3053.0,694,0.2056,2,0.321457,0
3841,2022,24,31,4170.0,736,0.3435,1,0.520801,0
3842,2021,36,30,4656.0,656,0.3066,1,0.19812,0
3843,2022,24,47,10193.0,644,0.262,2,0.042225,0
3844,2021,36,24,5624.0,628,0.444,1,0.141919,0
3845,2022,48,54,6524.0,611,0.0432,3,0.012919,0
3846,2023,36,46,5638.0,668,0.2973,3,0.120723,0
3847,2022,12,48,5518.0,578,0.4109,1,0.035429,0
3848,2022,24,33,5738.0,608,0.4495,4,0.017582,0
3849,2021,24,36,1870.0,525,0.1757,4,0.005,0
3850,2022,24,23,4337.0,657,0.2649,1,0.184734,0
3851,2021,60,32,8788.0,543,0.2366,1,0.011645,0
3852,2022,48,42,20000.0,622,0.2932,4,0.007653,0
3853,2021,48,50,2691.0,660,0.7415,1,0.292451,0
3854,2022,48,26,6073.0,666,0.4673,1,0.258862,1
3855,2022,24,34,3694.0,681,0.2939,2,0.193214,0
3856,2022,36,36,13682.0,602,0.175,1,0.017423,0
3857,2023,12,24,2498.0,658,0.2973,2,0.110354,0
3858,2023,24,43,6717.0,581,0.5167,4,0.035437,0
3859,2022,36,30,2432.0,462,0.2121,3,0.001694,0
3860,2021,24,36,4191.0,662,0.1003,1,0.097615,0
3861,2022,24,33,4831.0,643,0.4035,4,0.036446,0
3862,2022,36,30,8390.0,701,0.4886,3,0.311642,1
3863,2023,36,37,2868.0,617,0.2606,4,0.029608,0
3864,2021,36,35,6848.0,491,0.348,1,0.008401,0
3865,2022,36,34,4961.0,612,0.5466,1,0.075528,0
3866,2021,60,30,5633.0,690,0.2639,2,0.119038,0
3867,2022,60,41,7936.0,658,0.2204,4,0.03351,0
3868,2022,24,54,2588.0,608,0.2846,2,0.056875,0
3869,2023,36,39,7371.0,486,0.3172,2,0.004068,0
3870,2023,36,47,3698.0,537,0.5006,2,0.017002,0
3871,2021,12,24,8501.0,658,0.1117,3,0.058967,0
3872,2022,12,39,5810.0,486,0.4543,3,0.006395,0
3873,2023,24,27,4426.0,594,0.4556,4,0.036916,0
3874,2021,24,23,3659.0,623,0.3241,2,0.086961,0
3875,2021,24,30,7418.0,711,0.3946,2,0.279293,0
3876,2021,24,49,9232.0,669,0.3818,1,0.173867,0
3877,2023,60,47,3765.0,697,0.0914,1,0.139471,0
3878,2022,48,40,2789.0,644,0.5497,1,0.144833,1
3879,2022,12,22,6954.0,552,0.0869,2,0.008706,0
3880,2022,60,36,2382.0,570,0.6254,1,0.123823,0
3881,2022,12,41,2559.0,545,0.2592,2,0.010555,0
3882,2021,12,39,2889.0,667,0.3701,1,0.269602,1
3883,2022,36,22,3993.0,564,0.2444,4,0.015591,0
3884,2021,24,29,2520.0,588,0.2047,1,0.033563,0
3885,2022,24,37,1864.0,621,0.3736,1,0.116613,0
3886,2022,24,43,2786.0,751,0.4332,2,0.5537,0
3887,2021,60,22,6777.0,672,0.2108,4,0.05223,0
3888,2022,36,36,2603.0,558,0.1155,1,0.021599,0
3889,2021,36,39,4146.0,632,0.3232,4,0.040699,0
3890,2021,36,46,13008.0,752,0.0864,1,0.237074,0
3891,2021,48,44,4795.0,669,0.3245,1,0.169063,0
3892,2023,24,43,5833.0,492,0.4102,1,0.009022,0
3893,2023,24,30,3062.0,546,0.4173,1,0.02898,0
3894,2022,12,22,14498.0,540,0.1894,3,0.004561,0
3895,2022,12,34,3749.0,735,0.1554,2,0.336196,0
3896,2022,36,48,4385.0,720,0.0693,3,0.093102,0
3897,2023,60,51,9495.0,569,0.1661,1,0.016184,0
3898,2023,36,45,4488.0,568,0.5665,2,0.054122,0
3899,2022,60,42,5034.0,623,0.1994,2,0.0527,0
3900,2021,60,41,4269.0,625,0.1701,2,0.042318,0
3901,2022,12,32,4284.0,543,0.157,1,0.010112,0
3902,2022,48,36,5915.0,600,0.366,1,0.044943,0
3903,2021,24,54,6480.0,503,0.5961,3,0.003603,0
3904,2021,60,28,3563.0,721,0.4973,2,0.463568,1
3905,2021,60,54,3351.0,479,0.1245,1,0.00208,0
3906,2022,12,34,3624.0,478,0.6602,1,0.014611,0
3907,2022,12,51,2439.0,654,0.1632,2,0.081116,0
3908,2021,12,23,2219.0,521,0.2698,4,0.006654,0
3909,2023,36,43,5702.0,579,0.4277,2,0.024433,0
3910,2023,24,30,7858.0,625,0.5777,1,0.131319,0
3911,2021,12,23,7597.0,674,0.4026,2,0.155536,0
3912,2021,60,40,1494.0,602,0.4264,2,0.071419,0
3913,2022,48,48,4348.0,762,0.3308,2,0.624265,0
3914,2022,24,29,2833.0,619,0.445,1,0.166831,1
3915,2021,60,23,5281.0,715,0.383,2,0.330352,0
3916,2023,24,37,3988.0,642,0.2921,1,0.056573,0
3917,2021,12,37,6607.0,790,0.0759,3,0.334025,1
3918,2022,12,43,4868.0,704,0.1691,1,0.25504,1
3919,2022,24,47,1905.0,623,0.1169,4,0.033912,0
3920,2022,48,37,3030.0,670,0.4039,1,0.38264,1
3921,2023,24,56,4929.0,599,0.193,1,0.031492,0
3922,2023,24,40,5141.0,598,0.1669,4,0.021159,0
3923,2022,24,34,2434.0,515,0.4695,2,0.013838,0
3924,2023,36,22,2280.0,555,0.3163,2,0.028801,0
3925,2023,36,35,5055.0,784,0.0779,1,0.636291,1
3926,2023,24,34,2436.0,523,0.1796,2,0.010856,0
3927,2021,60,47,2134.0,567,0.107,2,0.008552,0
3928,2021,12,42,3934.0,612,0.1901,1,0.032701,0
3929,2022,24,26,3850.0,615,0.4876,1,0.125371,1
3930,2022,36,39,3168.0,650,0.136,4,0.033254,0
3931,2023,36,44,3457.0,582,0.2379,1,0.033911,0
3932,2022,60,53,4949.0,655,0.535,2,0.212763,1
3933,2023,24,46,3429.0,711,0.5056,4,0.323428,0
3934,2021,12,45,5092.0,721,0.1906,3,0.123268,1
3935,2022,24,38,4063.0,598,0.1789,4,0.011784,0
3936,2022,24,41,5345.0,668,0.1229,3,0.07309,0
3937,2021,60,50,7624.0,528,0.2678,1,0.01091,0
3938,2023,24,24,7477.0,562,0.3147,1,0.020275,0
3939,2022,24,34,9359.0,526,0.448,4,0.003538,0
3940,2021,60,30,7473.0,616,0.3837,4,0.032807,0
3941,2021,60,41,5537.0,551,0.4139,2,0.031092,0
3942,2022,48,50,3957.0,498,0.2202,2,0.004681,0
3943,2021,36,32,4049.0,589,0.0843,2,0.027407,0
3944,2021,48,22,3169.0,481,0.4373,3,0.004587,0
3945,2021,36,33,4926.0,726,0.0824,2,0.210561,0
3946,2021,24,47,6965.0,575,0.3255,2,0.01961,0
3947,2022,36,43,3419.0,698,0.1017,1,0.156973,0
3948,2021,36,42,4824.0,580,0.2153,2,0.012803,0
3949,2021,48,35,3503.0,524,0.4353,1,0.016393,0
3950,2021,24,25,5457.0,714,0.3236,1,0.469728,0
3951,2023,36,43,3734.0,627,0.1876,2,0.036322,0
3952,2022,60,29,3396.0,770,0.2592,2,0.774271,1
3953,2022,24,59,3498.0,582,0.1592,1,0.022605,0
3954,2021,60,43,6321.0,584,0.0629,1,0.013905,0
3955,2022,24,32,4683.0,700,0.1127,2,0.171744,0
3956,2022,60,31,3967.0,700,0.0806,2,0.192661,0
3957,2022,12,37,5601.0,632,0.2028,3,0.027163,1
3958,2022,24,35,3995.0,850,0.4314,1,0.856004,1
3959,2022,36,49,8632.0,597,0.1291,3,0.013649,0
3960,2023,60,39,3020.0,518,0.3282,1,0.015653,0
3961,2021,12,30,4476.0,539,0.4875,1,0.017296,0
3962,2023,24,56,2435.0,598,0.2696,2,0.047713,0
3963,2023,36,38,4132.0,741,0.0896,3,0.184796,1
3964,2023,12,45,2122.0,605,0.0463,1,0.029942,0
3965,2023,48,31,7138.0,745,0.1377,1,0.348162,0
3966,2023,60,41,7210.0,654,0.49,2,0.101362,0
3967,2023,12,41,7274.0,706,0.2518,1,0.258754,0
3968,2021,24,22,4986.0,650,0.4035,2,0.159826,0
3969,2022,48,58,3165.0,650,0.4688,2,0.118095,0
3970,2023,60,50,3294.0,680,0.2255,1,0.245414,0
3971,2021,24,34,10563.0,574,0.1779,1,0.015438,0
3972,2023,36,26,10075.0,575,0.3963,2,0.025534,0
3973,2021,48,41,5225.0,647,0.4583,1,0.24252,1
3974,2021,36,38,3798.0,775,0.0391,2,0.512928,0
3975,2021,60,41,9743.0,496,0.1891,3,0.004425,0
3976,2021,48,39,3473.0,457,0.1257,2,0.001506,0
3977,2021,36,43,5511.0,598,0.2537,2,0.041666,0
3978,2022,12,52,9662.0,702,0.0685,1,0.161447,0
3979,2022,12,43,3235.0,624,0.2054,1,0.064431,0
3980,2022,60,27,7440.0,526,0.2295,1,0.012015,0
3981,2021,36,51,6376.0,626,0.1648,2,0.033349,0
3982,2022,12,54,4819.0,481,0.1771,2,0.002627,0
3983,2023,36,69,2991.0,670,0.109,3,0.04406,0
3984,2023,36,26,3421.0,595,0.0767,1,0.025217,0
3985,2022,48,40,5680.0,613,0.7296,4,0.070278,0
3986,2021,36,22,2412.0,654,0.4363,1,0.282109,0
3987,2022,24,43,5247.0,636,0.045,2,0.04613,0
3988,2021,24,32,6442.0,576,0.1806,2,0.009094,0
3989,2023,60,57,8043.0,702,0.0598,3,0.091399,0
3990,2022,36,30,2443.0,683,0.2457,2,0.185992,0
3991,2022,36,22,9491.0,478,0.366,1,0.006201,0
3992,2021,12,33,11472.0,601,0.0851,2,0.01051,0
3993,2023,12,22,6033.0,533,0.5539,1,0.040542,0
3994,2023,36,45,2925.0,518,0.47,1,0.017207,0
3995,2021,36,22,4171.0,662,0.2742,2,0.229268,0
3996,2023,24,38,4799.0,586,0.4319,2,0.037532,1
3997,2021,24,22,5626.0,608,0.3532,1,0.080278,0
3998,2022,48,34,4969.0,566,0.6456,3,0.032111,0
3999,2022,60,54,5657.0,649,0.121,4,0.027118,0
4000,2021,48,41,4697.0,674,0.4675,2,0.200793,0
4001,2022,12,29,5611.0,793,0.3014,1,0.736148,1
4002,2021,60,37,3904.0,605,0.1969,1,0.045275,0
4003,2023,24,38,4150.0,504,0.2133,1,0.007071,0
4004,2023,24,42,3685.0,579,0.2877,1,0.045956,0
4005,2023,60,24,12818.0,687,0.0195,3,0.059943,0
4006,2022,48,43,10218.0,558,0.0787,1,0.00969,0
4007,2023,36,22,6488.0,501,0.3105,2,0.005357,0
4008,2022,24,31,9534.0,559,0.2286,4,0.00249,0
4009,2021,36,33,7326.0,577,0.2548,2,0.028443,1
4010,2021,36,44,5381.0,533,0.2809,4,0.003463,0
4011,2023,60,38,2315.0,637,0.282,1,0.092049,0
4012,2021,24,23,4311.0,613,0.534,2,0.107409,0
4013,2023,36,28,4157.0,683,0.3774,1,0.286126,0
4014,2022,24,39,2789.0,584,0.3299,1,0.057796,0
4015,2021,60,37,2338.0,664,0.0992,1,0.097144,0
4016,2021,24,32,6288.0,580,0.0687,1,0.014522,0
4017,2021,36,33,5781.0,529,0.1508,1,0.009649,0
4018,2022,12,44,2742.0,576,0.5082,1,0.042467,0
4019,2021,60,32,3385.0,490,0.5122,4,0.00404,0
4020,2022,24,37,8783.0,763,0.4309,1,0.5248,1
4021,2023,24,59,3169.0,631,0.1741,4,0.029382,0
4022,2021,24,23,5353.0,556,0.2014,1,0.026296,0
4023,2021,36,22,4470.0,589,0.1608,2,0.027882,0
4024,2022,60,45,6331.0,423,0.3811,1,0.001747,0
4025,2022,12,31,3203.0,734,0.0513,1,0.478123,1
4026,2022,48,34,5141.0,726,0.0801,1,0.237325,0
4027,2022,36,30,5347.0,628,0.5939,2,0.089414,0
4028,2022,24,35,5514.0,645,0.1483,2,0.042916,0
4029,2021,12,53,5113.0,518,0.5215,2,0.023132,0
4030,2021,12,46,5839.0,524,0.4264,2,0.007561,0
4031,2023,24,46,14704.0,484,0.2157,1,0.002651,0
4032,2021,48,23,17688.0,607,0.4491,3,0.021066,0
4033,2021,24,26,3570.0,704,0.0741,2,0.218303,1
4034,2021,36,22,1542.0,589,0.3122,1,0.033173,0
4035,2022,12,29,6619.0,647,0.381,1,0.112023,0
4036,2023,24,47,5394.0,698,0.3192,2,0.259507,0
4037,2021,36,43,8354.0,490,0.3809,1,0.005893,0
4038,2021,36,35,5667.0,767,0.4108,2,0.59613,1
4039,2023,24,37,5061.0,712,0.2215,2,0.150184,0
4040,2021,24,31,8643.0,661,0.3137,1,0.135418,0
4041,2021,24,40,9269.0,693,0.0251,3,0.07152,0
4042,2022,12,45,2457.0,697,0.3888,2,0.26739,0
4043,2022,48,22,3267.0,643,0.3925,1,0.180736,0
4044,2022,60,40,4662.0,734,0.3164,2,0.375049,1
4045,2022,12,47,5163.0,583,0.4257,1,0.03076,0
4046,2021,12,33,4390.0,656,0.1616,4,0.065291,0
4047,2021,48,45,6106.0,725,0.4022,2,0.361829,1
4048,2021,24,66,8087.0,404,0.3618,1,0.001,0
4049,2022,24,36,11630.0,655,0.3721,2,0.095632,0
4050,2022,36,41,6565.0,677,0.5372,1,0.229248,0
4051,2023,36,30,3209.0,483,0.5825,2,0.019784,0
4052,2022,24,39,4566.0,642,0.2852,2,0.058866,0
4053,2021,60,42,4733.0,556,0.3559,2,0.021805,0
4054,2021,12,39,6357.0,651,0.2186,2,0.059296,0
4055,2023,36,27,5968.0,612,0.3191,1,0.059907,0
4056,2022,24,40,13701.0,544,0.8068,1,0.042554,0
4057,2022,60,52,3902.0,708,0.3132,1,0.380626,1
4058,2022,48,42,5957.0,586,0.3269,3,0.020673,0
4059,2021,12,47,15952.0,641,0.1897,1,0.042638,0
4060,2023,36,35,3668.0,725,0.079,4,0.120648,0
4061,2021,60,45,5285.0,546,0.368,2,0.021793,0
4062,2021,48,40,3064.0,620,0.1324,3,0.034368,1
4063,2021,12,28,5121.0,580,0.4215,1,0.058805,0
4064,2022,36,41,3327.0,598,0.1605,3,0.018808,0
4065,2021,36,28,8295.0,792,0.315,4,0.394126,0
4066,2022,24,31,5290.0,656,0.0889,4,0.044963,0
4067,2022,24,39,3079.0,645,0.4758,1,0.129435,0
4068,2021,36,40,7482.0,661,0.2947,3,0.087155,0
4069,2022,60,26,5377.0,654,0.0935,1,0.095913,0
4070,2022,60,48,7914.0,473,0.2314,1,0.002787,0
4071,2023,24,43,2769.0,803,0.2694,1,0.817708,0
4072,2022,24,30,5910.0,502,0.5152,3,0.012749,0
4073,2021,36,22,7235.0,758,0.2628,1,0.445443,1
4074,2022,36,36,3977.0,669,0.4763,1,0.387859,1
4075,2022,12,33,2619.0,634,0.2332,2,0.092167,0
4076,2023,24,39,4814.0,595,0.492,1,0.046708,0
4077,2021,36,34,9082.0,828,0.3715,3,0.827438,1
4078,2021,24,22,8630.0,668,0.4136,2,0.147083,0
4079,2021,24,34,3967.0,621,0.0841,1,0.046895,0
4080,2022,36,34,2588.0,577,0.1929,1,0.018178,0
4081,2023,48,44,3962.0,567,0.2048,1,0.012936,0
4082,2023,36,31,3888.0,624,0.1272,1,0.11379,0
4083,2022,60,54,6144.0,545,0.267,1,0.017619,0
4084,2021,48,22,4663.0,674,0.2526,1,0.315765,0
4085,2023,24,51,3372.0,568,0.4114,1,0.040991,1
4086,2021,60,35,8537.0,700,0.3322,4,0.109263,0
4087,2021,24,46,5272.0,698,0.3997,3,0.224099,0
4088,2021,24,38,6110.0,615,0.3901,3,0.031107,0
4089,2023,36,49,2075.0,666,0.317,3,0.132734,0
4090,2021,60,34,1462.0,670,0.1213,1,0.191908,1
4091,2021,48,27,2395.0,503,0.1082,1,0.007125,0
4092,2021,36,52,3865.0,758,0.509,1,0.51892,0
4093,2022,48,36,6556.0,599,0.342,2,0.030742,0
4094,2022,12,40,1524.0,675,0.4529,3,0.21943,1
4095,2021,24,50,10899.0,677,0.4133,4,0.046636,0
4096,2021,36,27,5352.0,420,0.1723,3,0.001334,0
4097,2022,24,43,9703.0,567,0.0824,1,0.008877,0
4098,2021,48,32,3156.0,687,0.3022,3,0.132562,0
4099,2021,12,36,6323.0,624,0.3542,2,0.092211,0
4100,2022,24,38,5129.0,675,0.2598,1,0.138481,1
4101,2022,36,22,7397.0,627,0.2043,1,0.057859,0
4102,2022,24,30,4373.0,718,0.1109,3,0.228286,0
4103,2021,24,51,6227.0,629,0.3987,3,0.041972,0
4104,2021,48,46,8528.0,733,0.5565,3,0.296058,1
4105,2022,12,37,3549.0,541,0.2022,2,0.011146,0
4106,2021,60,40,5548.0,609,0.3137,4,0.036832,0
4107,2022,36,35,1912.0,572,0.6144,1,0.086236,0
4108,2023,36,51,6983.0,651,0.3228,1,0.094692,1
4109,2021,24,35,13060.0,597,0.0937,2,0.017374,0
4110,2023,24,40,2638.0,601,0.3275,3,0.019717,0
4111,2022,48,49,4695.0,563,0.2671,1,0.025746,0
4112,2022,48,30,7633.0,583,0.2791,2,0.02761,0
4113,2021,60,53,4993.0,619,0.1994,1,0.058502,0
4114,2021,36,22,5338.0,458,0.078,2,0.001379,0
4115,2022,24,54,4042.0,435,0.3744,1,0.001931,0
4116,2021,48,34,3968.0,624,0.5611,2,0.101256,0
4117,2021,24,35,4706.0,398,0.3939,1,0.001395,0
4118,2022,24,22,5018.0,604,0.0713,3,0.017609,0
4119,2023,12,33,2722.0,589,0.2987,2,0.054647,0
4120,2021,24,27,4755.0,663,0.2039,3,0.06931,0
4121,2023,24,31,10767.0,566,0.1999,2,0.009626,0
4122,2023,60,36,3986.0,745,0.1095,1,0.417828,1
4123,2021,36,47,2648.0,687,0.2281,1,0.254943,0
4124,2021,12,40,4556.0,499,0.1876,3,0.002777,0
4125,2023,36,41,3438.0,597,0.2461,2,0.030989,0
4126,2022,48,27,2517.0,742,0.3057,2,0.491374,1
4127,2022,12,29,5269.0,564,0.2369,2,0.037696,0
4128,2021,36,55,3446.0,615,0.2034,2,0.052629,0
4129,2022,36,30,3596.0,732,0.4202,2,0.44855,1
4130,2022,12,54,5307.0,576,0.3344,1,0.025906,0
4131,2022,12,35,2283.0,709,0.1361,3,0.242517,0
4132,2022,48,38,2057.0,547,0.1433,1,0.007732,0
4133,2023,36,48,6874.0,388,0.3842,1,0.001,0
4134,2022,48,50,1872.0,718,0.1027,1,0.33681,1
4135,2023,12,36,3016.0,655,0.2673,1,0.155113,0
4136,2022,36,34,1998.0,660,0.2357,1,0.265687,0
4137,2022,24,37,3854.0,532,0.098,3,0.008954,0
4138,2023,24,41,6088.0,538,0.0102,3,0.003454,0
4139,2023,24,46,5199.0,712,0.3646,3,0.223153,1
4140,2021,12,38,16251.0,639,0.1428,3,0.015929,0
4141,2023,12,44,8463.0,610,0.1986,1,0.035532,0
4142,2023,24,54,3085.0,637,0.098,1,0.088849,0
4143,2022,24,41,2701.0,740,0.1667,3,0.292312,0
4144,2021,36,41,19022.0,677,0.23,2,0.02686,0
4145,2022,12,22,8361.0,582,0.2215,4,0.008336,0
4146,2022,24,22,6599.0,507,0.1546,3,0.003273,0
4147,2022,48,41,5102.0,667,0.1435,1,0.099515,0
4148,2022,48,37,5635.0,546,0.1792,1,0.0155,0
4149,2023,36,32,2342.0,525,0.3652,3,0.011299,0
4150,2022,48,40,5316.0,725,0.1812,2,0.336711,0
4151,2022,24,37,5093.0,689,0.2043,2,0.127648,0
4152,2021,24,49,3127.0,650,0.3212,2,0.103352,0
4153,2021,12,38,3755.0,520,0.2019,3,0.004247,0
4154,2023,48,30,10484.0,763,0.2357,1,0.571371,0
4155,2021,36,47,4617.0,702,0.2933,2,0.231463,1
4156,2023,48,35,13844.0,595,0.2106,2,0.017107,0
4157,2021,24,43,2058.0,578,0.3373,3,0.03,0
4158,2021,24,33,3786.0,626,0.1574,2,0.059802,0
4159,2022,36,31,2267.0,581,0.1585,3,0.013904,0
4160,2021,24,38,2685.0,796,0.0961,2,0.722827,1
4161,2023,24,38,3248.0,589,0.1841,2,0.021801,0
4162,2023,24,42,5754.0,534,0.1447,2,0.007859,0
4163,2021,60,35,5616.0,747,0.3924,1,0.540481,0
4164,2022,60,22,3499.0,574,0.2167,2,0.031619,0
4165,2023,24,33,1613.0,682,0.2788,1,0.18596,1
4166,2022,48,45,10289.0,674,0.2241,1,0.08261,0
4167,2023,48,35,4260.0,615,0.4151,3,0.041166,0
4168,2021,24,35,2813.0,542,0.5183,1,0.0381,0
4169,2023,36,47,5639.0,616,0.3128,1,0.044226,0
4170,2022,36,30,5444.0,526,0.1171,3,0.003779,0
4171,2021,24,22,4182.0,618,0.5168,1,0.162196,0
4172,2022,24,36,5294.0,681,0.498,2,0.16707,1
4173,2023,24,33,2759.0,757,0.2973,4,0.441501,0
4174,2023,36,28,7186.0,532,0.3788,4,0.00526,0
4175,2021,24,36,2986.0,599,0.4554,2,0.056845,0
4176,2021,48,42,3631.0,578,0.1608,2,0.01533,0
4177,2021,36,37,6798.0,641,0.136,2,0.037153,0
4178,2022,12,41,8973.0,498,0.301,3,0.002445,0
4179,2021,60,56,10860.0,545,0.1209,3,0.002508,0
4180,2023,48,34,8332.0,484,0.1223,1,0.003543,0
4181,2022,60,40,4180.0,504,0.4012,1,0.01035,0
4182,2022,12,32,2274.0,567,0.1574,2,0.018265,0
4183,2022,12,29,9922.0,753,0.3326,1,0.410377,1
4184,2022,60,32,9753.0,647,0.0259,2,0.050497,0
4185,2022,36,33,3512.0,625,0.3288,3,0.054274,0
4186,2022,24,41,7790.0,727,0.648,2,0.405297,0
4187,2023,36,61,4163.0,650,0.6488,1,0.270065,0
4188,2021,24,30,10411.0,658,0.2118,2,0.069432,0
4189,2022,36,33,3799.0,582,0.3627,1,0.037099,0
4190,2023,48,37,13218.0,569,0.2448,1,0.011263,0
4191,2021,36,41,7281.0,515,0.3705,1,0.018079,0
4192,2021,60,40,12074.0,571,0.3059,2,0.012091,0
4193,2023,12,50,3898.0,597,0.1817,1,0.108799,0
4194,2021,36,22,6018.0,647,0.5978,1,0.299569,0
4195,2021,24,22,3027.0,617,0.2861,1,0.185504,0
4196,2022,24,33,7495.0,590,0.2487,1,0.031203,0
4197,2021,24,48,7704.0,547,0.6872,2,0.043942,0
4198,2023,36,22,16293.0,651,0.0272,1,0.021576,0
4199,2022,60,22,6254.0,580,0.3709,2,0.028562,0
4200,2022,36,43,7059.0,648,0.293,1,0.082682,1
4201,2022,24,40,3884.0,466,0.3817,4,0.002022,0
4202,2021,48,27,6443.0,646,0.5582,4,0.103344,0
4203,2021,36,28,4065.0,679,0.4444,1,0.330184,0
4204,2021,24,28,5208.0,669,0.4746,3,0.192361,0
4205,2021,24,39,5363.0,604,0.2352,3,0.026137,0
4206,2022,12,31,4121.0,693,0.3263,3,0.232629,0
4207,2022,36,42,5072.0,518,0.3008,2,0.009482,0
4208,2021,36,22,4074.0,612,0.0534,2,0.028699,0
4209,2021,48,29,4065.0,604,0.152,1,0.039299,0
4210,2023,48,26,8420.0,702,0.1377,1,0.12582,0
4211,2022,36,35,5365.0,458,0.1581,4,0.001,0
4212,2021,24,32,5846.0,535,0.4608,1,0.024868,0
4213,2021,60,45,2372.0,759,0.2977,1,0.716039,1
4214,2022,48,22,6074.0,425,0.5942,2,0.001811,0
4215,2022,36,38,6407.0,685,0.1716,1,0.148054,0
4216,2023,36,43,4027.0,563,0.2741,3,0.016196,0
4217,2022,36,56,13940.0,640,0.2582,1,0.047488,0
4218,2022,36,33,1565.0,733,0.1733,3,0.352978,1
4219,2023,60,41,7275.0,643,0.0746,4,0.055337,0
4220,2023,12,22,7019.0,734,0.5907,2,0.453417,1
4221,2022,24,22,6443.0,580,0.1254,2,0.014423,0
4222,2022,36,46,5367.0,591,0.2115,2,0.025538,0
4223,2021,36,37,6473.0,682,0.088,1,0.137169,1
4224,2023,60,49,7586.0,584,0.2894,1,0.030693,0
4225,2021,24,24,3419.0,667,0.3858,2,0.302476,0
4226,2021,24,43,5708.0,714,0.1311,1,0.397369,1
4227,2021,12,56,4484.0,689,0.2648,1,0.173103,1
4228,2021,36,42,2844.0,493,0.1738,2,0.005717,0
4229,2021,48,40,7035.0,592,0.3325,1,0.056159,0
4230,2022,12,38,3706.0,642,0.298,1,0.10686,0
4231,2021,48,22,2324.0,600,0.5517,3,0.077434,0
4232,2023,48,51,3754.0,626,0.3714,3,0.045168,0
4233,2023,12,31,3296.0,643,0.1659,2,0.04777,0
4234,2023,36,43,8219.0,577,0.265,4,0.006639,0
4235,2021,36,22,5306.0,604,0.1717,2,0.033218,0
4236,2021,24,26,9810.0,525,0.082,3,0.004534,0
4237,2023,36,52,3522.0,581,0.1668,1,0.028631,0
4238,2022,12,34,7609.0,497,0.3476,3,0.003848,0
4239,2022,12,52,20000.0,629,0.4288,2,0.024296,0
4240,2023,36,37,5872.0,604,0.2103,2,0.03117,1
4241,2023,24,22,7561.0,546,0.4527,1,0.026026,0
4242,2022,36,46,6952.0,762,0.2668,3,0.221349,0
4243,2023,36,32,2414.0,600,0.0906,2,0.031859,0
4244,2022,36,44,6587.0,642,0.1438,1,0.053276,0
4245,2022,12,38,5729.0,568,0.4671,1,0.061179,0
4246,2021,36,22,4316.0,586,0.2087,3,0.01859,0
4247,2022,24,39,3159.0,645,0.6173,2,0.244052,0
4248,2021,36,59,6953.0,593,0.3531,1,0.028476,0
4249,2022,36,42,3022.0,620,0.618,1,0.196529,0
4250,2021,36,37,14283.0,684,0.195,2,0.060671,0
4251,2022,24,48,5203.0,578,0.2456,4,0.012733,0
4252,2022,12,40,2666.0,513,0.3611,2,0.013294,0
4253,2022,48,40,3801.0,497,0.4598,1,0.013984,0
4254,2023,24,27,4277.0,735,0.2632,3,0.394302,0
4255,2022,12,40,16419.0,694,0.5181,2,0.115207,0
4256,2021,48,48,3158.0,672,0.2373,2,0.13126,0
4257,2022,60,29,4637.0,585,0.2338,1,0.027315,0
4258,2022,24,52,3756.0,513,0.1897,3,0.003967,0
4259,2021,24,37,6308.0,597,0.2872,4,0.02372,0
4260,2023,12,29,3786.0,612,0.2658,3,0.044743,0
4261,2023,60,47,2781.0,529,0.1225,1,0.013699,0
4262,2021,36,35,4458.0,502,0.6381,2,0.017547,0
4263,2022,48,45,4231.0,481,0.1093,2,0.00132,0
4264,2021,36,35,3655.0,672,0.352,3,0.13663,0
4265,2022,36,37,3754.0,523,0.3773,4,0.007712,0
4266,2023,36,42,8887.0,644,0.2402,4,0.027018,0
4267,2022,36,40,4189.0,588,0.4943,1,0.065584,0
4268,2022,36,22,2788.0,667,0.2114,3,0.119819,0
4269,2021,36,26,3901.0,646,0.2421,4,0.055989,1
4270,2022,48,47,5050.0,601,0.2221,2,0.040852,0
4271,2022,36,36,2520.0,630,0.534,4,0.065977,0
4272,2023,60,32,11081.0,611,0.0773,4,0.004023,0
4273,2023,24,24,7584.0,570,0.3688,2,0.018908,0
4274,2023,24,27,10048.0,698,0.6054,4,0.292397,1
4275,2021,24,22,5979.0,586,0.5004,3,0.038939,0
4276,2021,12,36,1725.0,613,0.5598,2,0.119895,0
4277,2023,36,32,10590.0,506,0.072,1,0.004408,0
4278,2021,24,28,3191.0,641,0.4455,2,0.097043,0
4279,2021,36,37,3324.0,571,0.2414,2,0.03346,0
4280,2022,36,41,5314.0,581,0.5264,2,0.047838,0
4281,2021,36,58,9790.0,552,0.2279,2,0.008714,0
4282,2021,24,22,8322.0,610,0.4236,3,0.048728,0
4283,2022,24,49,7732.0,459,0.2501,4,0.001168,0
4284,2021,36,47,4205.0,674,0.3903,3,0.137957,0
4285,2022,36,30,4172.0,616,0.1259,1,0.065033,0
4286,2022,60,40,5843.0,582,0.3194,3,0.024571,0
4287,2022,24,33,4605.0,496,0.2708,3,0.003022,0
4288,2022,48,39,7667.0,654,0.2057,3,0.034896,0
4289,2022,12,53,7443.0,569,0.3253,1,0.051357,0
4290,2022,12,44,6606.0,724,0.2713,2,0.230363,1
4291,2023,36,43,1390.0,658,0.0816,1,0.081141,0
4292,2023,24,33,5240.0,742,0.1606,1,0.359011,1
4293,2021,24,23,4654.0,630,0.2077,3,0.038823,0
4294,2022,48,35,5346.0,706,0.0364,2,0.118378,1
4295,2023,36,50,3371.0,657,0.1839,1,0.136568,1
4296,2021,48,22,2534.0,583,0.5766,2,0.070351,0
4297,2022,36,27,6195.0,634,0.4628,2,0.059916,0
4298,2022,36,39,4113.0,553,0.4976,3,0.015081,0
4299,2023,24,28,6551.0,785,0.0922,1,0.478753,0
4300,2021,24,30,3514.0,611,0.173,3,0.021991,0
4301,2022,24,33,9976.0,622,0.1454,1,0.051647,0
4302,2021,60,24,8107.0,651,0.2166,2,0.070981,0
4303,2021,36,28,5701.0,533,0.3948,2,0.014898,0
4304,2022,24,45,4418.0,725,0.0555,3,0.171377,0
4305,2022,24,24,7527.0,537,0.3371,2,0.00999,0
4306,2021,36,22,5981.0,519,0.2686,3,0.005512,0
4307,2021,36,31,5537.0,606,0.0785,4,0.017814,0
4308,2022,48,45,8279.0,517,0.0889,3,0.001828,0
4309,2022,48,36,10029.0,744,0.409,3,0.377816,0
4310,2021,12,33,2628.0,601,0.1018,1,0.064844,0
4311,2022,12,38,2907.0,362,0.1512,1,0.001,0
4312,2022,24,22,3327.0,635,0.744,2,0.230656,1
4313,2021,48,42,2319.0,664,0.4021,1,0.246896,1
4314,2021,12,41,4763.0,586,0.0571,2,0.014341,0
4315,2022,48,33,6635.0,511,0.292,1,0.015984,0
4316,2021,12,48,4862.0,611,0.1237,1,0.036675,0
4317,2022,48,26,3763.0,581,0.0551,1,0.020949,0
4318,2021,12,49,8632.0,541,0.3844,1,0.014103,0
4319,2021,60,39,5273.0,534,0.1461,2,0.006703,0
4320,2021,36,34,5834.0,632,0.1,2,0.032752,0
4321,2023,36,37,8753.0,692,0.1767,2,0.107359,0
4322,2021,60,36,4621.0,656,0.2187,1,0.148524,0
4323,2022,36,50,13768.0,481,0.3896,2,0.002038,0
4324,2022,36,27,3929.0,669,0.2066,1,0.170435,0
4325,2023,60,30,13346.0,681,0.506,1,0.254592,0
4326,2021,48,48,3019.0,731,0.0897,1,0.450611,0
4327,2022,48,32,6366.0,544,0.418,2,0.012344,0
4328,2022,24,47,3564.0,615,0.1262,3,0.037673,0
4329,2021,12,54,8602.0,665,0.1335,3,0.049176,0
4330,2021,36,33,3870.0,577,0.3599,2,0.029856,0
4331,2023,36,44,5684.0,664,0.2082,2,0.10708,0
4332,2021,12,26,3550.0,618,0.5391,3,0.062042,0
4333,2021,24,45,7853.0,552,0.5382,2,0.017742,0
4334,2022,24,39,3541.0,559,0.1855,1,0.018268,0
4335,2022,24,42,11404.0,719,0.2128,2,0.34285,0
4336,2022,36,31,2987.0,540,0.3356,2,0.015219,0
4337,2022,48,22,2508.0,526,0.2841,2,0.014287,0
4338,2021,60,43,7909.0,647,0.5234,1,0.131808,0
4339,2022,36,22,3656.0,617,0.0451,4,0.018907,0
4340,2021,48,34,4897.0,515,0.4531,1,0.016792,0
4341,2022,24,47,4183.0,578,0.198,4,0.007957,0
4342,2021,12,39,2550.0,554,0.2182,3,0.008552,0
4343,2022,36,57,4729.0,568,0.4751,1,0.02809,0
4344,2021,36,48,9251.0,821,0.0611,4,0.345593,1
4345,2022,36,31,8116.0,595,0.4226,1,0.050054,0
4346,2023,24,38,5519.0,549,0.3982,1,0.038281,0
4347,2022,24,37,8571.0,781,0.2908,2,0.592714,1
4348,2022,36,22,2894.0,691,0.2708,1,0.341805,0
4349,2022,36,28,4177.0,677,0.2837,1,0.197814,0
4350,2021,36,32,5990.0,553,0.2603,1,0.017286,0
4351,2022,36,22,4605.0,715,0.4753,1,0.427867,1
4352,2021,36,38,4344.0,685,0.272,4,0.118642,0
4353,2022,12,35,2696.0,631,0.4327,2,0.067563,0
4354,2022,36,22,1736.0,482,0.1686,4,0.002239,0
4355,2021,60,42,7398.0,618,0.2156,1,0.054747,0
4356,2022,36,45,5550.0,758,0.2539,2,0.421652,0
4357,2022,48,40,7716.0,637,0.4255,3,0.107372,1
4358,2021,12,34,3950.0,589,0.3887,1,0.053487,0
4359,2022,24,43,3441.0,601,0.1767,1,0.075184,0
4360,2021,24,44,4931.0,607,0.6083,2,0.209213,0
4361,2022,60,41,7533.0,556,0.2449,2,0.014958,0
4362,2021,24,29,4378.0,616,0.3333,1,0.137011,0
4363,2021,60,40,7339.0,735,0.4603,1,0.545542,0
4364,2021,24,49,2972.0,726,0.1006,3,0.144918,0
4365,2021,36,32,4534.0,559,0.3196,4,0.00758,0
4366,2022,24,58,4745.0,722,0.358,2,0.171518,0
4367,2022,12,32,9074.0,680,0.1386,2,0.118572,0
4368,2023,12,38,5452.0,670,0.3957,1,0.295463,1
4369,2021,24,31,11767.0,654,0.417,1,0.138854,0
4370,2021,24,40,2505.0,545,0.1758,2,0.012107,0
4371,2021,24,22,5245.0,587,0.5072,4,0.035335,0
4372,2023,12,32,5376.0,686,0.2779,3,0.09945,1
4373,2023,12,27,6701.0,523,0.4122,2,0.006735,0
4374,2022,48,39,3273.0,536,0.1379,1,0.009549,0
4375,2021,24,47,11410.0,644,0.254,1,0.039962,0
4376,2021,24,44,4947.0,556,0.3424,3,0.005971,0
4377,2023,12,22,2854.0,685,0.5616,1,0.450921,0
4378,2022,48,58,4876.0,559,0.0308,1,0.010923,0
4379,2022,24,40,4202.0,639,0.367,3,0.065303,0
4380,2023,36,30,19764.0,646,0.2716,3,0.021876,0
4381,2021,24,39,8308.0,581,0.176,2,0.008361,0
4382,2023,36,39,5038.0,600,0.1608,1,0.041982,0
4383,2023,24,31,4647.0,565,0.2918,1,0.033911,0
4384,2021,36,39,7907.0,618,0.4531,3,0.044359,0
4385,2021,60,31,8098.0,543,0.2575,1,0.007142,0
4386,2021,36,33,1146.0,602,0.079,2,0.020152,0
4387,2021,24,31,6778.0,679,0.5587,3,0.222076,1
4388,2022,48,23,4984.0,529,0.2601,1,0.010739,0
4389,2021,60,39,2551.0,581,0.0805,1,0.046706,0
4390,2022,48,43,7632.0,661,0.2748,1,0.137098,0
4391,2023,60,43,15110.0,453,0.2683,2,0.001,0
4392,2021,36,46,6492.0,768,0.345,2,0.535286,0
4393,2022,12,41,8520.0,703,0.3009,1,0.186833,0
4394,2022,24,32,12113.0,496,0.5436,1,0.006436,0
4395,2022,24,46,3245.0,451,0.2325,3,0.001,0
4396,2023,24,24,1941.0,622,0.704,2,0.112421,0
4397,2021,24,28,6826.0,530,0.1382,1,0.007282,0
4398,2021,12,28,4342.0,696,0.3161,2,0.218668,0
4399,2021,36,48,2472.0,651,0.2971,3,0.112928,1
4400,2021,36,47,4726.0,629,0.2516,1,0.048903,0
4401,2021,24,42,7071.0,574,0.3021,1,0.029984,0
4402,2021,36,48,4562.0,748,0.4449,2,0.435722,0
4403,2021,12,29,3316.0,680,0.2704,2,0.118239,1
4404,2023,36,41,4395.0,668,0.5505,2,0.189129,0
4405,2022,36,36,4867.0,716,0.2854,1,0.258536,0
4406,2022,36,46,1873.0,538,0.3454,1,0.017006,0
4407,2023,60,36,4576.0,722,0.2319,1,0.293669,1
4408,2021,48,34,2509.0,598,0.2483,3,0.057115,0
4409,2023,36,43,6833.0,646,0.2713,1,0.122809,0
4410,2021,24,46,2252.0,607,0.1014,3,0.027657,0
4411,2023,24,31,8155.0,469,0.1495,4,0.001,0
4412,2022,36,37,4005.0,696,0.0881,1,0.221928,0
4413,2023,12,27,3746.0,474,0.3033,2,0.004568,0
4414,2022,36,22,5694.0,542,0.1307,2,0.008633,0
4415,2021,12,40,3187.0,583,0.44,2,0.024423,0
4416,2022,48,44,5650.0,463,0.2361,1,0.0026,0
4417,2022,36,40,3408.0,531,0.3053,4,0.006367,0
4418,2021,24,22,3721.0,639,0.4042,3,0.166131,0
4419,2022,60,34,6019.0,592,0.5574,1,0.085631,0
4420,2022,12,22,2781.0,598,0.2572,1,0.04975,0
4421,2023,60,51,2612.0,546,0.1932,3,0.007085,0
4422,2021,48,27,5564.0,623,0.071,1,0.039407,0
4423,2022,12,50,4849.0,593,0.417,1,0.03066,0
4424,2022,36,47,5347.0,488,0.1778,2,0.002859,0
4425,2022,60,28,5790.0,603,0.3021,1,0.026966,0
4426,2023,24,26,5058.0,520,0.3233,2,0.009126,0
4427,2022,24,41,6661.0,691,0.4912,1,0.237942,1
4428,2021,24,29,5160.0,588,0.4767,1,0.041533,0
4429,2021,36,39,1801.0,821,0.2444,1,0.688307,0
4430,2023,36,33,2051.0,697,0.524,1,0.518763,1
4431,2021,48,22,12887.0,609,0.333,2,0.056855,0
4432,2021,24,22,4915.0,666,0.1729,4,0.046037,0
4433,2022,24,40,7904.0,452,0.1163,2,0.001373,0
4434,2021,48,32,4135.0,696,0.5317,2,0.305106,0
4435,2022,36,32,4774.0,554,0.1227,4,0.00576,0
4436,2022,24,44,3918.0,627,0.174,1,0.062326,0
4437,2022,12,49,16864.0,561,0.0477,3,0.002205,0
4438,2023,12,35,5578.0,570,0.5261,1,0.055605,0
4439,2023,24,34,3761.0,605,0.2224,1,0.070213,0
4440,2023,48,43,2152.0,626,0.1509,2,0.055074,0
4441,2021,12,24,13185.0,617,0.1303,1,0.026402,0
4442,2022,12,40,4529.0,619,0.2415,1,0.089768,0
4443,2022,24,43,7130.0,489,0.2017,2,0.002158,0
4444,2021,36,44,7540.0,806,0.1101,2,0.550568,1
4445,2022,48,22,3899.0,638,0.1933,2,0.131962,0
4446,2023,36,30,6879.0,655,0.2241,1,0.163151,1
4447,2022,24,29,3633.0,592,0.1727,1,0.045143,1
4448,2022,24,38,2995.0,550,0.4522,3,0.023482,0
4449,2021,24,42,8798.0,632,0.4089,2,0.05058,0
4450,2023,24,52,4541.0,643,0.4672,1,0.163843,1
4451,2021,24,33,6369.0,724,0.3328,2,0.297369,0
4452,2022,48,33,6036.0,786,0.2004,1,0.576083,1
4453,2021,60,49,6761.0,738,0.2663,1,0.274855,0
4454,2023,12,40,2257.0,478,0.2259,4,0.002933,0
4455,2023,36,50,3668.0,583,0.4611,4,0.026785,0
4456,2022,12,40,4179.0,646,0.2322,2,0.09905,0
4457,2021,24,26,3243.0,587,0.3321,2,0.044041,0
4458,2022,36,24,6091.0,616,0.5162,2,0.050901,0
4459,2021,24,22,8897.0,448,0.2015,3,0.001,0
4460,2022,24,44,9630.0,693,0.5679,2,0.261136,0
4461,2023,12,49,4148.0,469,0.253,4,0.001119,0
4462,2023,48,56,5687.0,494,0.2792,1,0.002935,0
4463,2021,24,46,6141.0,538,0.2332,1,0.013114,0
4464,2022,24,49,6705.0,612,0.1823,4,0.014027,0
4465,2023,24,32,3168.0,490,0.2582,2,0.007911,0
4466,2022,48,26,12213.0,535,0.6842,2,0.014016,0
4467,2021,12,46,7811.0,711,0.26,1,0.223445,1
4468,2022,12,42,7913.0,611,0.1363,1,0.023802,0
4469,2022,48,39,8971.0,654,0.0626,3,0.035331,0
4470,2023,48,41,6419.0,521,0.0345,1,0.006549,0
4471,2021,24,41,2941.0,615,0.3458,2,0.055966,0
4472,2023,24,50,4585.0,609,0.0802,3,0.023374,0
4473,2023,48,50,2153.0,556,0.2368,2,0.016979,0
4474,2021,24,43,6048.0,615,0.1333,2,0.036902,0
4475,2023,12,46,4516.0,468,0.431,1,0.006093,0
4476,2023,36,43,4816.0,655,0.4036,2,0.079195,0
4477,2022,48,33,8973.0,588,0.3324,1,0.049629,0
4478,2022,36,45,3911.0,599,0.2029,1,0.05236,0
4479,2023,36,24,4333.0,688,0.2947,3,0.188863,0
4480,2022,48,48,4969.0,654,0.355,3,0.211608,1
4481,2022,36,26,1959.0,594,0.2786,1,0.058229,1
4482,2022,36,40,4303.0,530,0.314,4,0.005004,0
4483,2023,48,29,1418.0,726,0.1944,1,0.352703,0
4484,2021,60,43,3667.0,512,0.084,2,0.003592,0
4485,2021,60,37,7537.0,670,0.212,1,0.144721,0
4486,2021,24,22,6146.0,492,0.4168,1,0.008041,0
4487,2023,12,42,3650.0,693,0.1477,4,0.151066,0
4488,2022,36,32,5016.0,700,0.1816,2,0.193658,0
4489,2021,48,46,2871.0,466,0.2268,1,0.003685,0
4490,2021,36,38,4909.0,655,0.3564,1,0.226566,0
4491,2022,24,41,20000.0,649,0.1951,1,0.044099,0
4492,2022,12,28,12368.0,676,0.126,4,0.028447,0
4493,2023,24,32,5046.0,649,0.5111,2,0.220604,0
4494,2022,24,33,5324.0,543,0.2316,2,0.010027,0
4495,2022,48,46,3012.0,602,0.4239,3,0.053492,0
4496,2021,24,54,3292.0,753,0.2658,2,0.451288,1
4497,2022,36,29,5890.0,531,0.2702,1,0.006435,0
4498,2021,24,48,3780.0,645,0.3275,1,0.110411,0
4499,2023,48,22,7724.0,712,0.2042,1,0.292473,0
4500,2022,48,26,10773.0,540,0.2999,2,0.007507,0
4501,2022,12,28,5804.0,506,0.4457,3,0.00683,0
4502,2021,36,24,5171.0,518,0.1502,1,0.012297,0
4503,2021,24,22,2121.0,651,0.2597,2,0.133164,0
4504,2021,24,42,7142.0,518,0.2726,3,0.002693,0
4505,2022,36,35,2774.0,609,0.4382,4,0.040279,0
4506,2021,24,41,3988.0,729,0.2325,4,0.133794,0
4507,2022,12,44,7941.0,615,0.3254,2,0.032889,0
4508,2023,24,40,8225.0,557,0.2267,4,0.00352,0
4509,2021,24,44,3892.0,630,0.0621,4,0.017744,0
4510,2021,24,37,4006.0,614,0.4685,1,0.12441,0
4511,2022,36,26,3465.0,656,0.3512,2,0.297586,0
4512,2022,12,48,2700.0,749,0.2411,2,0.37358,0
4513,2021,12,32,3578.0,651,0.3111,2,0.126176,0
4514,2023,36,28,2194.0,782,0.1246,4,0.384836,1
4515,2021,12,36,6916.0,656,0.2008,1,0.085944,0
4516,2023,24,28,5986.0,558,0.4556,1,0.035425,0
4517,2022,36,33,6505.0,803,0.2135,2,0.675254,1
4518,2021,36,41,3050.0,610,0.1247,1,0.047623,0
4519,2022,24,41,2704.0,535,0.0779,1,0.006237,0
4520,2023,36,29,5048.0,805,0.0741,1,0.703696,1
4521,2023,48,33,5075.0,561,0.3905,2,0.02806,0
4522,2022,24,48,4566.0,558,0.371,3,0.007237,0
4523,2021,12,42,4252.0,575,0.4803,1,0.035106,0
4524,2023,24,58,11561.0,633,0.1308,3,0.012337,0
4525,2023,36,49,6082.0,694,0.067,1,0.147751,0
4526,2021,12,49,13165.0,408,0.1004,1,0.001,0
4527,2021,36,24,9269.0,694,0.2591,2,0.14987,0
4528,2022,36,45,11518.0,575,0.5112,2,0.033942,0
4529,2022,36,37,2872.0,586,0.1487,3,0.018928,0
4530,2022,12,32,6612.0,757,0.6578,2,0.691377,1
4531,2022,48,39,3960.0,637,0.0684,4,0.028746,0
4532,2022,24,47,2139.0,655,0.2509,1,0.089401,0
4533,2023,48,43,10384.0,616,0.0891,4,0.009719,0
4534,2022,36,29,4244.0,681,0.059,3,0.093331,0
4535,2021,36,45,2900.0,749,0.1112,4,0.345801,1
4536,2022,36,31,3995.0,421,0.1725,1,0.001,0
4537,2022,24,40,3301.0,706,0.2392,1,0.396839,0
4538,2021,12,34,3474.0,743,0.3002,4,0.370686,0
4539,2022,48,35,4399.0,660,0.1887,2,0.082374,0
4540,2023,24,45,11677.0,565,0.0548,1,0.007236,0
4541,2022,36,27,3522.0,527,0.0821,3,0.007598,0
4542,2022,24,57,11267.0,808,0.0538,2,0.476135,1
4543,2022,24,22,7513.0,547,0.2263,2,0.013402,0
4544,2021,36,32,5992.0,741,0.3546,1,0.537316,0
4545,2021,24,41,7144.0,651,0.2187,2,0.054721,0
4546,2022,24,43,4948.0,783,0.2821,2,0.369661,0
4547,2022,36,36,9349.0,594,0.17,1,0.017523,0
4548,2022,24,37,6526.0,491,0.2035,3,0.001902,0
4549,2022,36,42,2138.0,620,0.1924,1,0.093607,0
4550,2022,12,35,5699.0,501,0.5626,1,0.009942,0
4551,2022,36,51,7273.0,834,0.3888,2,0.678049,1
4552,2023,24,46,4254.0,670,0.1409,4,0.044433,0
4553,2023,48,46,5235.0,682,0.0695,2,0.087557,0
4554,2021,24,28,3618.0,682,0.0999,1,0.178083,0
4555,2022,48,37,2468.0,564,0.0682,3,0.025816,0
4556,2021,36,34,2264.0,609,0.2834,2,0.060547,0
4557,2023,12,27,2279.0,628,0.4282,4,0.060758,0
4558,2022,24,41,6867.0,775,0.2756,1,0.640945,0
4559,2022,48,32,1415.0,527,0.3449,3,0.020644,0
4560,2022,24,44,3522.0,561,0.4749,1,0.02353,0
4561,2022,24,27,3352.0,590,0.4662,4,0.046472,0
4562,2021,24,55,4268.0,566,0.1352,3,0.011182,0
4563,2023,48,29,1943.0,503,0.1058,2,0.003315,0
4564,2021,60,40,6015.0,403,0.0306,1,0.001,0
4565,2022,24,45,2600.0,473,0.1517,2,0.00171,0
4566,2023,48,32,8658.0,707,0.3234,2,0.151431,0
4567,2023,36,46,3602.0,619,0.4633,3,0.062145,0
4568,2021,48,25,4685.0,686,0.1839,3,0.098526,0
4569,2022,24,52,4924.0,573,0.3509,3,0.020038,0
4570,2022,60,38,5553.0,612,0.3907,1,0.111537,1
4571,2021,48,32,5007.0,749,0.2561,2,0.28733,0
4572,2023,36,35,3970.0,744,0.3074,2,0.358638,0
4573,2022,24,46,5834.0,695,0.126,3,0.126393,0
4574,2021,36,32,6205.0,636,0.192,2,0.03563,0
4575,2023,60,30,3352.0,661,0.1284,3,0.041064,0
4576,2021,36,35,6083.0,649,0.14,1,0.072524,0
4577,2021,36,26,8918.0,606,0.0499,4,0.011453,0
4578,2023,24,56,6995.0,587,0.1536,1,0.020133,0
4579,2021,48,32,7834.0,709,0.5168,2,0.421953,1
4580,2023,36,46,5356.0,516,0.4583,2,0.008746,0
4581,2022,48,40,3078.0,738,0.3421,2,0.509554,1
4582,2022,36,28,3279.0,597,0.628,2,0.08541,0
4583,2023,36,37,5767.0,514,0.1099,3,0.002015,0
4584,2022,24,45,7874.0,576,0.2583,1,0.03362,0
4585,2022,24,36,19790.0,550,0.2287,4,0.002137,0
4586,2022,36,49,8030.0,573,0.1421,1,0.021062,0
4587,2022,24,48,2737.0,572,0.1356,2,0.025567,0
4588,2023,36,47,3349.0,569,0.2459,2,0.030228,0
4589,2021,24,33,15356.0,595,0.1313,2,0.026477,0
4590,2022,36,27,4415.0,614,0.2567,3,0.025529,0
4591,2021,24,31,5033.0,681,0.5964,2,0.466333,0
4592,2021,24,39,3041.0,600,0.5899,1,0.104281,1
4593,2023,24,43,10749.0,646,0.5027,1,0.134652,1
4594,2021,48,22,6312.0,620,0.0199,3,0.019907,0
4595,2022,24,37,3337.0,663,0.1564,2,0.119324,0
4596,2023,12,39,2990.0,623,0.0953,3,0.034837,0
4597,2023,48,35,5731.0,568,0.4557,3,0.041765,0
4598,2022,24,50,5025.0,546,0.3253,2,0.014596,0
4599,2021,24,42,7451.0,636,0.2725,1,0.0391,0
4600,2022,36,51,6461.0,721,0.3134,1,0.370803,1
4601,2023,48,35,4306.0,601,0.2474,1,0.073083,0
4602,2022,60,47,3745.0,563,0.453,2,0.034269,1
4603,2021,24,54,4537.0,599,0.0549,1,0.016493,0
4604,2023,24,51,3732.0,575,0.5005,1,0.044324,1
4605,2023,48,27,4605.0,566,0.1234,2,0.01338,0
4606,2021,12,35,4955.0,504,0.245,1,0.007357,0
4607,2021,24,34,3137.0,600,0.3077,3,0.06492,0
4608,2021,24,42,6737.0,638,0.319,1,0.087814,0
4609,2021,36,44,4084.0,533,0.0481,3,0.003281,0
4610,2023,48,29,3226.0,549,0.1977,1,0.015511,0
4611,2023,24,38,4122.0,544,0.0471,3,0.003294,0
4612,2021,24,22,5548.0,509,0.0797,1,0.00645,0
4613,2023,36,52,5123.0,543,0.1561,2,0.005003,0
4614,2022,36,32,6070.0,604,0.2602,1,0.042437,0
4615,2021,12,38,7702.0,512,0.3637,2,0.007598,0
4616,2023,36,34,9438.0,608,0.2016,1,0.017659,0
4617,2023,24,49,5669.0,563,0.0473,1,0.010683,0
4618,2021,48,22,2879.0,545,0.4189,3,0.030071,0
4619,2022,24,37,4296.0,650,0.2712,2,0.068271,0
4620,2021,24,36,2975.0,568,0.3406,1,0.038629,0
4621,2023,24,33,11481.0,582,0.2101,3,0.019137,0
4622,2021,24,55,13276.0,723,0.4415,1,0.351508,0
4623,2021,48,29,6803.0,546,0.0912,3,0.005399,0
4624,2023,60,45,7549.0,745,0.4307,2,0.395029,0
4625,2023,48,41,5572.0,592,0.3797,1,0.05019,0
4626,2022,48,50,5902.0,529,0.1466,2,0.004274,0
4627,2021,36,31,2211.0,575,0.1771,1,0.049826,0
4628,2022,36,30,4736.0,625,0.5534,2,0.155179,0
4629,2021,12,48,3163.0,720,0.2802,1,0.251366,1
4630,2021,24,42,5657.0,683,0.4354,4,0.106115,1
4631,2021,36,22,4770.0,625,0.2883,1,0.075417,0
4632,2022,48,32,13009.0,720,0.594,2,0.270038,0
4633,2021,12,41,7772.0,469,0.6605,1,0.006091,0
4634,2023,48,46,5666.0,639,0.599,1,0.198717,0
4635,2021,24,31,4301.0,644,0.4995,3,0.085108,0
4636,2022,48,22,11362.0,645,0.2045,1,0.047548,0
4637,2023,24,43,4842.0,491,0.173,1,0.003175,0
4638,2022,24,25,5801.0,538,0.0987,1,0.008071,0
4639,2022,36,22,5020.0,606,0.0905,1,0.053643,0
4640,2022,36,22,4016.0,709,0.0748,2,0.13966,1
4641,2022,48,46,5005.0,773,0.2028,3,0.494701,0
4642,2022,48,39,1843.0,566,0.3068,2,0.019537,0
4643,2021,36,35,2267.0,515,0.1792,3,0.003925,0
4644,2023,24,51,5854.0,685,0.1582,1,0.139568,0
4645,2022,24,44,10765.0,829,0.0732,1,0.648295,1
4646,2021,24,54,5849.0,708,0.0901,1,0.236079,1
4647,2021,48,24,3428.0,560,0.678,3,0.042917,0
4648,2021,48,37,2389.0,848,0.1785,1,0.718548,1
4649,2022,12,22,7275.0,674,0.1111,1,0.166415,0
4650,2022,48,35,3701.0,556,0.2,1,0.024927,0
4651,2022,12,35,6779.0,774,0.1083,1,0.464971,0
4652,2023,12,44,5973.0,550,0.2607,3,0.007228,0
4653,2023,24,38,6243.0,570,0.239,2,0.014392,0
4654,2022,12,44,4998.0,678,0.3795,1,0.17577,0
4655,2022,12,45,5954.0,618,0.1399,4,0.023615,0
4656,2022,12,59,4630.0,622,0.3321,2,0.063033,0
4657,2021,36,34,3577.0,623,0.1677,1,0.067143,0
4658,2022,12,28,3036.0,709,0.6901,1,0.585027,1
4659,2022,36,40,1491.0,434,0.7317,2,0.004955,0
4660,2021,36,29,4489.0,642,0.2941,1,0.112066,0
4661,2023,24,52,10506.0,596,0.2435,1,0.025293,0
4662,2021,24,35,7080.0,559,0.2127,2,0.011294,0
4663,2022,12,32,5507.0,559,0.0678,2,0.009961,0
4664,2021,24,33,3405.0,409,0.4707,1,0.002592,0
4665,2022,12,45,8092.0,556,0.3519,3,0.006881,0
4666,2021,24,36,4630.0,723,0.7103,1,0.567519,1
4667,2022,60,31,10802.0,686,0.1064,2,0.077834,0
4668,2022,12,54,3009.0,604,0.151,2,0.032466,0
4669,2021,48,29,3378.0,507,0.4495,3,0.004451,0
4670,2021,12,38,3218.0,685,0.3117,1,0.217515,0
4671,2023,36,44,2342.0,724,0.4626,2,0.451397,1
4672,2022,60,22,3076.0,702,0.0609,2,0.155002,1
4673,2021,60,42,5175.0,542,0.3945,3,0.012124,0
4674,2022,24,27,3442.0,550,0.2053,2,0.019264,0
4675,2021,24,46,715.0,752,0.1322,2,0.469412,0
4676,2022,24,28,8410.0,523,0.5742,2,0.008772,0
4677,2021,24,44,2117.0,658,0.3347,2,0.119379,0
4678,2021,24,49,6599.0,477,0.3083,1,0.005328,0
4679,2022,36,46,4992.0,595,0.4131,2,0.051591,0
4680,2023,60,40,14167.0,666,0.0822,1,0.052625,0
4681,2022,48,35,8091.0,617,0.2096,4,0.013639,0
4682,2022,60,32,3819.0,661,0.1139,1,0.14379,0
4683,2021,60,52,3460.0,521,0.1036,2,0.007818,0
4684,2022,24,31,10419.0,554,0.265,1,0.025076,0
4685,2023,48,27,2350.0,658,0.3752,3,0.085857,0
4686,2022,12,44,5407.0,675,0.2105,1,0.281211,1
4687,2022,12,30,4603.0,637,0.8835,1,0.264403,0
4688,2021,36,28,4140.0,695,0.3488,2,0.361675,0
4689,2022,36,23,5865.0,487,0.4779,1,0.00776,0
4690,2022,36,33,5403.0,582,0.1012,4,0.010916,0
4691,2021,48,37,6178.0,765,0.0822,2,0.240314,0
4692,2021,24,40,5268.0,722,0.3982,3,0.348563,1
4693,2021,24,47,6056.0,670,0.1388,4,0.031892,0
4694,2021,12,43,5150.0,607,0.2979,1,0.043019,0
4695,2021,48,36,3534.0,702,0.4952,2,0.422909,0
4696,2023,48,36,4925.0,654,0.2008,3,0.052125,0
4697,2021,36,43,3439.0,498,0.2355,2,0.004274,0
4698,2022,36,50,3327.0,699,0.2205,3,0.191638,0
4699,2023,60,39,4154.0,550,0.3786,2,0.019396,0
4700,2022,12,33,4630.0,680,0.1117,4,0.084145,0
4701,2022,36,28,5002.0,490,0.1683,1,0.004176,0
4702,2021,24,23,7771.0,747,0.0604,3,0.171917,0
4703,2022,60,44,3831.0,598,0.3469,2,0.040309,1
4704,2022,24,43,5423.0,531,0.3643,2,0.007332,0
4705,2021,12,43,5214.0,564,0.4683,2,0.021977,0
4706,2023,36,36,3625.0,593,0.19,3,0.01961,0
4707,2023,24,52,5099.0,619,0.5537,1,0.125519,0
4708,2023,48,33,8114.0,725,0.3962,1,0.386763,0
4709,2021,24,47,5395.0,625,0.3436,1,0.100028,0
4710,2022,24,37,5504.0,446,0.1598,1,0.002525,0
4711,2021,36,31,3454.0,521,0.147,2,0.007591,0
4712,2022,48,43,13153.0,840,0.4079,4,0.731973,0
4713,2023,12,42,3554.0,630,0.3822,1,0.138436,0
4714,2021,24,41,2135.0,696,0.1536,2,0.261973,1
4715,2022,12,38,7556.0,595,0.5696,4,0.024674,0
4716,2023,36,37,4641.0,539,0.1783,2,0.011786,0
4717,2022,36,61,4224.0,581,0.262,2,0.016879,0
4718,2022,24,49,3741.0,630,0.0929,1,0.080355,0
4719,2021,24,45,12530.0,583,0.4402,1,0.048176,0
4720,2022,12,39,5868.0,773,0.1148,1,0.560221,0
4721,2022,48,48,6470.0,570,0.3196,2,0.018422,0
4722,2021,48,43,5331.0,535,0.526,1,0.030031,0
4723,2021,24,38,5625.0,684,0.1508,2,0.116974,0
4724,2022,24,34,9890.0,694,0.4213,1,0.190514,0
4725,2022,48,37,4335.0,622,0.2925,1,0.052727,0
4726,2021,36,22,2372.0,571,0.1273,3,0.020952,0
4727,2022,36,40,7586.0,467,0.384,2,0.001843,0
4728,2022,24,33,6300.0,717,0.3587,2,0.322802,1
4729,2021,24,53,5187.0,689,0.051,1,0.109175,0
4730,2022,24,38,6219.0,584,0.1933,3,0.011008,0
4731,2022,24,26,4083.0,624,0.077,4,0.021927,0
4732,2023,24,37,4966.0,601,0.0592,1,0.053681,0
4733,2021,60,27,4602.0,750,0.469,2,0.513478,1
4734,2022,48,42,3656.0,536,0.1237,2,0.005395,0
4735,2023,12,40,8907.0,570,0.1958,3,0.007065,0
4736,2021,48,47,2426.0,562,0.088,3,0.009526,0
4737,2023,60,30,16002.0,644,0.3878,4,0.026557,0
4738,2021,24,38,7621.0,624,0.1008,3,0.015658,0
4739,2021,36,24,2020.0,636,0.354,1,0.230315,0
4740,2021,36,45,4394.0,549,0.4235,1,0.011084,0
4741,2022,12,43,4518.0,738,0.0929,4,0.122494,0
4742,2023,24,42,5979.0,583,0.3502,1,0.042788,0
4743,2021,24,38,2997.0,715,0.1033,1,0.35541,1
4744,2022,36,42,4994.0,850,0.414,2,0.810294,0
4745,2023,24,54,4626.0,550,0.3532,1,0.014229,0
4746,2022,24,35,3399.0,647,0.3999,3,0.089411,0
4747,2022,12,39,3170.0,609,0.2777,3,0.034135,0
4748,2023,24,27,7781.0,782,0.2284,4,0.28439,1
4749,2023,60,29,2104.0,597,0.2621,4,0.033343,0
4750,2021,48,38,6241.0,639,0.1202,1,0.076058,0
4751,2023,36,49,7323.0,638,0.3613,4,0.053824,0
4752,2022,12,35,4406.0,611,0.412,2,0.062711,0
4753,2023,48,35,5045.0,680,0.2654,3,0.160909,1
4754,2022,12,33,8793.0,627,0.2364,3,0.042803,0
4755,2022,24,32,3455.0,658,0.2508,1,0.131349,0
4756,2021,24,40,3638.0,637,0.2498,2,0.082128,0
4757,2021,24,23,3836.0,571,0.1326,4,0.010685,0
4758,2021,36,50,8801.0,598,0.3087,2,0.03019,0
4759,2022,12,31,9378.0,664,0.0915,2,0.043507,0
4760,2021,48,45,2446.0,664,0.3143,2,0.094184,0
4761,2023,24,25,8128.0,719,0.1451,4,0.195248,0
4762,2023,12,44,7402.0,768,0.214,1,0.484802,1
4763,2021,48,44,10687.0,578,0.7305,1,0.037952,0
4764,2022,36,41,5958.0,630,0.2333,1,0.036883,0
4765,2022,48,28,4807.0,604,0.2629,4,0.014535,0
4766,2022,36,40,8713.0,531,0.0996,1,0.004726,0
4767,2022,48,26,6971.0,665,0.5269,3,0.193249,0
4768,2022,12,35,15100.0,682,0.091,1,0.039805,0
4769,2021,36,48,7938.0,533,0.4244,1,0.020907,0
4770,2022,12,45,5307.0,590,0.4026,1,0.057942,0
4771,2021,24,38,2732.0,582,0.6085,2,0.08547,0
4772,2022,36,28,3676.0,499,0.4138,1,0.009212,0
4773,2023,24,44,2397.0,617,0.3668,4,0.04292,0
4774,2021,36,38,4414.0,528,0.2019,4,0.003861,0
4775,2023,24,22,7809.0,632,0.0907,1,0.046756,0
4776,2023,36,45,4906.0,641,0.0717,4,0.029877,0
4777,2023,36,37,8192.0,651,0.2687,4,0.048114,0
4778,2021,12,50,5818.0,655,0.2229,4,0.031421,0
4779,2022,36,27,4018.0,742,0.0295,3,0.142816,0
4780,2022,36,22,5135.0,555,0.3521,2,0.016884,0
4781,2022,60,40,6223.0,559,0.095,2,0.012603,0
4782,2022,60,40,5269.0,672,0.366,1,0.200654,0
4783,2023,36,22,5299.0,609,0.1677,1,0.021541,0
4784,2022,36,28,3346.0,710,0.0761,3,0.188258,0
4785,2023,36,65,3958.0,664,0.1267,1,0.090569,0
4786,2021,36,34,15203.0,773,0.298,1,0.447461,1
4787,2021,24,45,9084.0,612,0.3955,3,0.015484,0
4788,2021,12,31,2352.0,501,0.0703,1,0.006842,0
4789,2021,48,22,1505.0,647,0.0409,1,0.112067,0
4790,2021,48,36,5106.0,614,0.5428,1,0.10025,0
4791,2023,60,35,7683.0,662,0.0917,3,0.030602,0
4792,2021,36,34,3790.0,673,0.2915,3,0.07237,0
4793,2021,24,36,8191.0,577,0.2051,2,0.029131,0
4794,2022,36,40,5064.0,539,0.3848,2,0.012809,0
4795,2021,24,36,4530.0,608,0.1466,1,0.068216,0
4796,2021,36,25,7173.0,429,0.3628,1,0.001546,0
4797,2022,48,42,3767.0,626,0.092,1,0.051748,0
4798,2023,60,22,4258.0,587,0.1278,3,0.017755,0
4799,2022,24,22,6871.0,688,0.174,3,0.12684,0
4800,2021,24,45,4838.0,461,0.2601,2,0.00319,0
4801,2021,60,43,12764.0,620,0.1225,3,0.016084,0
4802,2022,24,37,6953.0,746,0.2049,1,0.511772,0
4803,2021,12,24,6731.0,674,0.2323,1,0.160743,0
4804,2021,24,30,4795.0,698,0.4746,1,0.433102,0
4805,2022,48,35,7611.0,647,0.1877,1,0.075405,0
4806,2021,24,22,4183.0,487,0.2148,2,0.0043,0
4807,2021,36,30,5660.0,633,0.1039,1,0.079359,0
4808,2022,24,44,3108.0,652,0.1069,1,0.05941,0
4809,2023,12,52,8264.0,533,0.146,2,0.004921,0
4810,2022,12,33,5683.0,609,0.0809,2,0.022608,0
4811,2022,36,45,13243.0,387,0.4383,3,0.001,0
4812,2021,36,22,16255.0,593,0.3821,3,0.016891,0
4813,2021,24,44,7199.0,585,0.4438,2,0.032626,0
4814,2021,24,29,5086.0,732,0.4749,1,0.626814,0
4815,2022,24,41,3062.0,571,0.2399,1,0.029423,0
4816,2022,24,35,7726.0,598,0.4073,2,0.030516,0
4817,2022,48,51,5460.0,613,0.7817,1,0.145238,0
4818,2023,36,29,6432.0,572,0.2972,2,0.017891,0
4819,2023,24,44,11671.0,677,0.1942,1,0.080549,0
4820,2022,36,35,3254.0,460,0.5318,2,0.00988,0
4821,2022,36,36,3096.0,710,0.2792,3,0.199965,0
4822,2022,36,36,4367.0,619,0.301,1,0.05091,0
4823,2023,36,29,7410.0,724,0.2152,3,0.201286,0
4824,2022,24,37,6486.0,400,0.231,1,0.001,0
4825,2021,60,37,3141.0,425,0.0325,3,0.001,0
4826,2023,36,40,7174.0,596,0.1968,3,0.014301,0
4827,2022,24,38,2696.0,660,0.3939,1,0.210702,0
4828,2023,12,45,3233.0,575,0.2175,1,0.027099,0
4829,2021,24,47,4639.0,666,0.1261,1,0.120396,0
4830,2023,36,27,3727.0,698,0.1132,2,0.2698,0
4831,2021,24,46,7669.0,673,0.4029,4,0.141788,0
4832,2023,12,26,5671.0,628,0.22,2,0.060721,0
4833,2021,12,43,11882.0,627,0.2043,3,0.021112,0
4834,2022,60,44,4343.0,570,0.667,1,0.072897,0
4835,2021,24,22,4623.0,615,0.2897,3,0.034808,0
4836,2022,24,38,9002.0,538,0.3323,1,0.009967,0
4837,2021,24,33,4696.0,557,0.2563,1,0.017461,1
4838,2023,48,30,10373.0,661,0.2477,2,0.062671,0
4839,2021,24,51,6441.0,582,0.1154,2,0.009502,0
4840,2023,24,31,1516.0,560,0.292,2,0.034521,0
4841,2021,48,29,8855.0,655,0.3046,2,0.104565,0
4842,2021,36,38,7757.0,650,0.2153,2,0.061143,0
4843,2023,24,44,7908.0,602,0.5356,2,0.024631,0
4844,2022,24,36,1890.0,608,0.6035,3,0.075462,0
4845,2022,24,49,3528.0,653,0.1379,2,0.098039,0
4846,2021,24,43,3662.0,697,0.5411,3,0.317422,0
4847,2021,24,22,3227.0,636,0.2929,1,0.117247,0
4848,2023,60,32,11742.0,524,0.4422,3,0.004925,0
4849,2021,36,32,4886.0,602,0.2037,1,0.03909,0
4850,2023,36,42,4826.0,587,0.0367,2,0.011154,0
4851,2021,24,22,6477.0,535,0.2318,4,0.004901,0
4852,2023,48,63,6533.0,659,0.4343,1,0.086366,0
4853,2022,12,43,928.0,665,0.1533,4,0.045722,0
4854,2022,48,39,3558.0,678,0.2829,3,0.13072,1
4855,2023,24,49,2425.0,540,0.1124,2,0.009283,0
4856,2022,60,61,6004.0,632,0.2132,2,0.025879,0
4857,2022,48,46,4254.0,619,0.2598,1,0.080522,0
4858,2022,36,47,4953.0,644,0.1962,2,0.069837,0
4859,2022,48,39,1738.0,630,0.2478,4,0.048469,0
4860,2023,36,36,4209.0,618,0.3347,4,0.045266,0
4861,2021,36,33,8583.0,609,0.7257,1,0.101786,0
4862,2023,60,29,9944.0,708,0.3049,1,0.206282,1
4863,2022,36,31,7040.0,551,0.09,1,0.008493,0
4864,2021,24,24,2521.0,606,0.1918,2,0.034844,0
4865,2021,48,37,9225.0,706,0.3641,4,0.143816,0
4866,2023,24,22,7059.0,555,0.2943,1,0.022275,0
4867,2023,48,39,4635.0,559,0.1738,1,0.013025,0
4868,2022,12,37,1786.0,678,0.3064,4,0.148301,0
4869,2021,24,39,7917.0,506,0.2097,2,0.005702,0
4870,2021,12,32,3655.0,672,0.3271,2,0.118157,0
4871,2023,60,68,5843.0,580,0.2675,1,0.016371,1
4872,2022,24,51,5086.0,652,0.4437,1,0.145989,1
4873,2023,48,25,10606.0,522,0.4615,2,0.006646,0
4874,2023,48,40,4616.0,714,0.1023,2,0.229185,0
4875,2021,36,31,4878.0,522,0.1794,3,0.003718,0
4876,2022,24,27,10822.0,677,0.4141,4,0.07051,0
4877,2023,60,24,3536.0,525,0.0269,2,0.008181,0
4878,2023,24,42,7385.0,764,0.2163,1,0.550192,0
4879,2023,48,31,4450.0,614,0.1031,3,0.035252,0
4880,2022,24,47,2977.0,776,0.2205,2,0.464559,1
4881,2021,48,47,4918.0,554,0.2993,1,0.025109,0
4882,2021,24,51,6946.0,584,0.1364,2,0.017677,0
4883,2022,48,29,9671.0,716,0.3452,2,0.195124,0
4884,2023,36,42,10274.0,505,0.3147,1,0.002813,0
4885,2021,24,44,4241.0,564,0.349,1,0.037219,0
4886,2023,24,33,3000.0,659,0.1144,1,0.077935,0
4887,2023,24,30,4191.0,538,0.3091,2,0.011363,0
4888,2023,12,54,2722.0,661,0.3009,1,0.111427,0
4889,2023,24,40,4409.0,633,0.1859,4,0.033611,0
4890,2021,36,44,4143.0,498,0.4203,1,0.016784,0
4891,2021,24,29,7071.0,697,0.2488,2,0.257018,0
4892,2023,36,25,1631.0,519,0.137,3,0.008489,0
4893,2021,12,32,3406.0,681,0.3265,3,0.193238,0
4894,2021,36,36,3419.0,630,0.0944,3,0.021023,0
4895,2023,12,27,8898.0,583,0.0776,2,0.0115,0
4896,2022,48,37,2816.0,531,0.1387,1,0.013084,0
4897,2021,48,22,5505.0,646,0.6117,1,0.278721,1
4898,2021,12,26,4610.0,550,0.0211,2,0.013037,0
4899,2023,48,44,8279.0,716,0.3633,2,0.238712,0
4900,2022,36,44,6620.0,719,0.3082,3,0.224396,0
4901,2021,48,34,5222.0,751,0.1005,2,0.321437,1
4902,2022,60,27,3724.0,642,0.248,3,0.110179,1
4903,2023,24,27,1947.0,587,0.2012,2,0.032628,0
4904,2021,24,34,5561.0,596,0.317,1,0.040228,0
4905,2022,12,44,6408.0,590,0.3182,3,0.024176,0
4906,2022,24,47,2236.0,639,0.2169,2,0.089518,1
4907,2021,12,33,2652.0,654,0.2338,1,0.15254,0
4908,2022,36,26,5576.0,718,0.1026,2,0.285964,0
4909,2023,12,40,5823.0,621,0.3116,4,0.018589,0
4910,2022,12,29,2995.0,507,0.0912,3,0.004651,0
4911,2021,36,32,3688.0,587,0.3665,1,0.061433,0
4912,2022,36,51,1962.0,744,0.733,3,0.724469,0
4913,2022,24,46,9785.0,495,0.1872,1,0.003298,0
4914,2021,12,39,2566.0,679,0.214,2,0.221043,0
4915,2021,60,25,6445.0,588,0.1599,1,0.03031,0
4916,2023,24,40,4830.0,549,0.4669,2,0.026688,0
4917,2023,24,48,9366.0,651,0.3272,1,0.175347,0
4918,2022,60,34,3307.0,744,0.4914,3,0.428886,1
4919,2021,36,51,5068.0,647,0.3174,2,0.08202,0
4920,2022,24,50,2102.0,598,0.2956,2,0.028624,0
4921,2022,36,54,1864.0,516,0.2741,4,0.002773,0
4922,2021,36,41,6622.0,612,0.3911,1,0.081606,0
4923,2022,12,43,2013.0,513,0.1041,3,0.003265,0
4924,2022,36,52,4385.0,595,0.2557,1,0.03252,0
4925,2022,36,42,8149.0,614,0.0212,3,0.029961,0
4926,2022,36,32,7139.0,431,0.0982,1,0.001,0
4927,2021,60,33,3525.0,731,0.4655,1,0.505354,0
4928,2021,36,40,2221.0,520,0.5721,3,0.009633,0
4929,2023,24,25,6341.0,605,0.1244,2,0.028436,0
4930,2021,24,36,9615.0,662,0.246,1,0.108961,0
4931,2021,48,48,3529.0,724,0.1194,2,0.173883,0
4932,2021,12,22,3289.0,556,0.4177,3,0.017633,0
4933,2022,24,53,3780.0,419,0.1196,2,0.001,0
4934,2022,36,49,6541.0,706,0.1241,1,0.232221,0
4935,2022,48,33,9084.0,520,0.6447,1,0.032964,0
4936,2022,24,43,2644.0,648,0.4151,2,0.176989,0
4937,2021,36,38,2324.0,653,0.0615,3,0.057601,0
4938,2022,36,50,15835.0,359,0.0748,4,0.001,0
4939,2022,24,47,4498.0,490,0.3335,1,0.004832,0
4940,2021,12,23,5577.0,583,0.2267,1,0.041511,0
4941,2021,60,43,3477.0,413,0.1959,2,0.001,0
4942,2021,36,35,6279.0,512,0.246,1,0.00761,0
4943,2022,36,38,7943.0,629,0.0469,2,0.042648,0
4944,2021,24,30,5710.0,612,0.2547,4,0.019052,0
4945,2023,36,55,11736.0,644,0.6561,1,0.123044,0
4946,2022,24,48,4174.0,655,0.0381,2,0.028177,0
4947,2021,12,30,4309.0,485,0.2723,3,0.00206,0
4948,2022,60,24,5518.0,517,0.6386,1,0.044341,0
4949,2022,36,34,6201.0,680,0.2999,2,0.104242,1
4950,2022,24,42,5508.0,741,0.3017,3,0.305272,0
4951,2021,48,40,2586.0,542,0.5622,1,0.055755,0
4952,2023,36,50,5746.0,640,0.3755,1,0.083028,0
4953,2023,12,45,4076.0,684,0.1478,1,0.13846,0
4954,2022,48,47,3676.0,639,0.329,3,0.066845,0
4955,2021,36,41,4995.0,600,0.3599,2,0.03826,0
4956,2021,24,24,3039.0,568,0.2146,2,0.015918,0
4957,2022,36,36,2786.0,778,0.1974,1,0.609,0
4958,2022,36,48,1329.0,627,0.0792,1,0.048134,0
4959,2022,36,37,11774.0,651,0.1936,2,0.049108,0
4960,2023,48,43,6489.0,645,0.197,2,0.098767,0
4961,2022,36,34,4636.0,555,0.4064,3,0.019094,0
4962,2021,24,27,3521.0,624,0.4055,3,0.086238,0
4963,2021,24,36,1167.0,594,0.2274,3,0.03143,0
4964,2023,60,41,3414.0,592,0.1476,3,0.009237,0
4965,2022,12,31,7030.0,645,0.0892,3,0.054014,0
4966,2022,36,35,7872.0,546,0.1414,2,0.008285,0
4967,2021,48,28,6776.0,523,0.2971,1,0.00821,0
4968,2022,48,49,5320.0,660,0.2656,2,0.057643,0
4969,2022,60,35,9433.0,577,0.3873,1,0.028355,0
4970,2023,48,52,4170.0,592,0.2367,1,0.040729,0
4971,2023,60,53,8456.0,465,0.2871,2,0.001309,0
4972,2021,24,37,4055.0,697,0.0518,2,0.188324,0
4973,2022,24,27,3163.0,661,0.2134,2,0.129384,0
4974,2021,36,22,2972.0,676,0.1616,3,0.083187,0
4975,2021,24,23,2886.0,650,0.1441,2,0.065244,0
4976,2023,36,24,6833.0,498,0.2722,4,0.003136,0
4977,2022,36,51,3390.0,638,0.607,1,0.181671,0
4978,2021,36,39,2932.0,571,0.4183,1,0.054766,0
4979,2021,24,41,7022.0,542,0.2053,1,0.016083,0
4980,2023,24,22,5791.0,660,0.2783,2,0.157368,0
4981,2021,48,26,7953.0,752,0.372,1,0.467527,1
4982,2022,48,46,6351.0,739,0.1774,2,0.223162,0
4983,2022,12,40,3373.0,669,0.435,1,0.228503,0
4984,2022,24,36,5105.0,617,0.2034,3,0.020309,1
4985,2021,24,43,5232.0,602,0.5197,1,0.116393,0
4986,2022,24,54,3104.0,547,0.3594,1,0.019019,0
4987,2021,36,35,2829.0,598,0.3302,4,0.035551,0
4988,2022,12,38,3497.0,692,0.2622,1,0.243562,0
4989,2021,24,39,13606.0,765,0.3886,3,0.444198,1
4990,2021,48,61,3998.0,554,0.2027,1,0.014441,0
4991,2023,36,22,9104.0,460,0.1084,1,0.001271,0
4992,2022,12,44,3888.0,577,0.2308,4,0.013102,0
4993,2021,36,36,7665.0,692,0.495,2,0.21167,1
4994,2023,12,43,7718.0,785,0.0724,2,0.403266,0
4995,2022,48,31,7913.0,724,0.3283,2,0.271871,0
4996,2023,36,37,5966.0,722,0.2558,2,0.263526,0
4997,2021,24,45,9786.0,552,0.1564,3,0.006728,0
4998,2022,12,69,5938.0,554,0.2864,2,0.008125,0
4999,2022,48,46,11577.0,514,0.1257,1,0.002108,0
5000,2022,12,29,2186.0,566,0.2417,2,0.019396,0
5001,2021,60,33,5850.0,693,0.3404,1,0.153609,0
5002,2021,24,33,5663.0,749,0.0756,2,0.262559,0
5003,2021,24,22,3077.0,647,0.3552,1,0.137981,0
5004,2022,36,34,6567.0,599,0.0805,2,0.025681,0
5005,2021,24,45,2333.0,534,0.4494,2,0.016024,0
5006,2021,24,25,3544.0,610,0.1548,1,0.060742,0
5007,2021,24,48,1809.0,636,0.1223,1,0.110154,0
5008,2022,60,42,10714.0,502,0.2668,3,0.002575,0
5009,2023,36,30,4377.0,693,0.0647,3,0.117093,0
5010,2022,12,36,14522.0,586,0.4489,4,0.014058,0
5011,2022,36,53,7343.0,688,0.2233,3,0.128422,0
5012,2021,24,45,6149.0,619,0.1198,3,0.015439,0
5013,2022,24,38,3666.0,643,0.2528,1,0.117017,0
5014,2022,36,35,2913.0,563,0.117,1,0.022859,0
5015,2022,36,38,6384.0,592,0.4664,2,0.062528,0
5016,2023,48,32,4742.0,671,0.2088,1,0.229172,0
5017,2022,24,22,2516.0,609,0.316,1,0.105899,0
5018,2023,36,58,2302.0,531,0.5785,2,0.017212,0
5019,2021,48,39,3043.0,628,0.5046,1,0.109262,0
5020,2023,48,41,12216.0,650,0.7526,2,0.163023,0
5021,2021,12,37,14863.0,729,0.1342,3,0.130015,0
5022,2022,36,30,5445.0,712,0.2601,2,0.229808,0
5023,2022,60,36,5295.0,614,0.1992,2,0.060752,0
5024,2022,12,22,4154.0,576,0.4911,2,0.076656,0
5025,2022,24,60,3080.0,601,0.5483,1,0.073595,1
5026,2023,24,25,9775.0,578,0.7105,3,0.036886,0
5027,2021,48,27,12541.0,660,0.44,4,0.050404,0
5028,2021,48,33,3144.0,703,0.2155,2,0.33028,0
5029,2023,36,50,4715.0,719,0.2376,3,0.271094,1
5030,2023,24,38,3925.0,587,0.2714,1,0.026799,0
5031,2021,36,25,3983.0,579,0.1022,1,0.022267,0
5032,2021,36,50,8892.0,586,0.1999,1,0.036234,0
5033,2021,24,45,2550.0,465,0.8565,2,0.015436,0
5034,2023,12,43,6206.0,523,0.4423,1,0.011503,0
5035,2023,36,45,7074.0,617,0.1382,3,0.020406,0
5036,2022,24,61,4578.0,650,0.256,2,0.070211,1
5037,2023,60,59,7681.0,659,0.2807,2,0.052696,0
5038,2023,36,31,5291.0,557,0.1782,1,0.035265,0
5039,2022,36,54,9032.0,580,0.2242,1,0.027621,0
5040,2023,24,41,2296.0,598,0.1224,3,0.024797,0
5041,2022,60,42,4128.0,589,0.337,1,0.05354,0
5042,2023,24,22,4741.0,675,0.3411,2,0.272142,0
5043,2023,12,36,1292.0,515,0.5231,4,0.008421,0
5044,2023,36,29,2856.0,528,0.1919,3,0.008026,0
5045,2021,60,46,3272.0,596,0.3261,1,0.087033,0
5046,2022,24,48,7896.0,510,0.1596,3,0.002599,0
5047,2022,24,22,3452.0,467,0.4757,1,0.011329,0
5048,2022,48,37,3265.0,500,0.3723,2,0.008046,0
5049,2022,48,49,7396.0,600,0.0862,2,0.015989,0
5050,2021,24,36,2189.0,670,0.2825,2,0.106079,0
5051,2021,36,45,1745.0,672,0.2564,2,0.170362,0
5052,2022,48,41,4102.0,747,0.4533,3,0.387116,0
5053,2023,12,41,2383.0,628,0.4266,2,0.087096,0
5054,2022,48,35,2429.0,638,0.2919,1,0.11396,0
5055,2021,24,25,6547.0,599,0.4404,4,0.03712,0
5056,2022,24,26,7616.0,603,0.1189,2,0.01991,0
5057,2022,60,45,7291.0,786,0.2883,1,0.634697,0
5058,2022,36,38,8556.0,640,0.0851,3,0.017195,0
5059,2021,48,36,9141.0,647,0.2017,1,0.073505,0
5060,2022,24,33,1695.0,528,0.3126,2,0.014269,0
5061,2021,36,34,6156.0,652,0.1651,4,0.034965,0
5062,2021,24,48,3771.0,672,0.4196,2,0.141812,0
5063,2021,48,34,3382.0,708,0.5674,1,0.478309,0
5064,2021,12,24,6504.0,670,0.2151,4,0.104146,0
5065,2021,36,45,2069.0,609,0.069,3,0.018222,0
5066,2021,24,35,2048.0,606,0.436,1,0.130708,1
5067,2021,12,38,6747.0,614,0.0838,1,0.02937,0
5068,2022,12,54,6272.0,628,0.3372,4,0.026085,0
5069,2021,36,37,5263.0,721,0.2016,1,0.360714,1
5070,2021,24,40,3165.0,705,0.0435,2,0.209679,0
5071,2021,12,26,7129.0,680,0.3543,4,0.095284,0
5072,2022,24,35,6906.0,782,0.2842,1,0.601173,0
5073,2022,36,44,5129.0,407,0.5072,4,0.001,0
5074,2023,48,22,2728.0,583,0.2215,2,0.0189,0
5075,2022,60,40,3973.0,619,0.1813,1,0.062537,0
5076,2021,36,39,7472.0,566,0.186,1,0.011436,0
5077,2021,24,38,9543.0,545,0.2072,2,0.004998,0
5078,2021,36,48,4174.0,482,0.106,2,0.001576,0
5079,2023,36,41,4338.0,595,0.086,2,0.034674,0
5080,2022,24,52,4533.0,691,0.3836,2,0.328282,0
5081,2021,48,28,5639.0,681,0.1807,2,0.097059,0
5082,2021,24,39,3676.0,559,0.326,2,0.029745,0
5083,2021,36,38,1156.0,637,0.0186,1,0.106713,0
5084,2023,60,27,8923.0,728,0.1785,2,0.267708,0
5085,2023,36,47,12056.0,498,0.2966,3,0.003499,0
5086,2022,12,61,3618.0,607,0.1062,1,0.043087,0
5087,2023,36,37,2883.0,642,0.6794,4,0.134609,0
5088,2023,48,43,4589.0,620,0.0367,4,0.015586,0
5089,2023,60,38,4475.0,688,0.1157,1,0.144819,0
5090,2021,36,30,8085.0,500,0.5013,2,0.008515,0
5091,2023,12,22,5051.0,539,0.0941,2,0.008141,0
5092,2023,24,30,3307.0,674,0.0427,3,0.055804,0
5093,2023,36,24,2542.0,483,0.4026,1,0.009877,0
5094,2023,60,55,7577.0,684,0.3825,1,0.10971,1
5095,2022,48,36,6633.0,655,0.1458,2,0.061955,0
5096,2021,36,34,8352.0,679,0.1203,1,0.101417,0
5097,2023,36,46,3029.0,582,0.6132,3,0.052635,0
5098,2021,12,26,12323.0,660,0.1877,3,0.044597,0
5099,2023,60,30,2055.0,526,0.1665,1,0.015517,0
5100,2022,36,38,7008.0,586,0.2431,2,0.019551,0
5101,2021,24,48,1892.0,622,0.4238,2,0.063547,0
5102,2023,12,43,3310.0,548,0.2042,2,0.012859,0
5103,2021,24,40,10727.0,637,0.2348,2,0.039338,0
5104,2021,60,38,7448.0,528,0.4006,1,0.017195,0
5105,2023,24,42,3740.0,641,0.1673,1,0.126217,0
5106,2022,36,40,3792.0,759,0.2362,3,0.519994,0
5107,2021,60,27,5168.0,519,0.2588,3,0.00567,0
5108,2022,36,38,6355.0,618,0.4596,1,0.106993,0
5109,2021,48,27,9189.0,490,0.1357,1,0.003516,0
5110,2021,36,38,3912.0,553,0.0121,3,0.004291,0
5111,2022,24,33,2195.0,676,0.1749,1,0.182104,0
5112,2022,36,63,5316.0,585,0.6275,2,0.053434,0
5113,2022,36,37,3910.0,679,0.1577,4,0.100078,0
5114,2023,48,23,2565.0,648,0.3796,3,0.132686,0
5115,2022,12,36,5703.0,614,0.2387,1,0.055546,0
5116,2021,36,43,4418.0,537,0.1253,3,0.0041,0
5117,2021,24,54,5729.0,674,0.1763,2,0.134019,0
5118,2023,12,32,3143.0,644,0.437,2,0.128542,0
5119,2023,24,22,6269.0,497,0.2561,1,0.005091,0
5120,2023,24,46,2544.0,542,0.0584,3,0.0057,0
5121,2023,60,24,3249.0,398,0.0756,3,0.001,0
5122,2022,36,33,4353.0,510,0.1567,3,0.004283,0
5123,2022,60,35,11742.0,594,0.4031,4,0.014232,0
5124,2023,24,37,7277.0,535,0.2253,1,0.009574,0
5125,2023,36,44,8422.0,553,0.1993,4,0.005531,0
5126,2021,36,31,9982.0,731,0.2159,3,0.19102,1
5127,2022,36,35,20000.0,702,0.2283,1,0.102696,0
5128,2023,36,37,5018.0,564,0.2306,1,0.020362,0
5129,2021,24,39,9999.0,683,0.2202,1,0.157563,0
5130,2021,12,38,8154.0,717,0.2228,1,0.326735,0
5131,2022,24,42,8087.0,669,0.3567,3,0.044932,0
5132,2021,24,46,11934.0,643,0.5615,1,0.104796,0
5133,2022,60,41,3985.0,707,0.0997,2,0.121412,0
5134,2021,36,42,3830.0,681,0.1813,1,0.200679,0
5135,2021,36,22,5767.0,522,0.1859,2,0.005291,0
5136,2023,24,38,4486.0,604,0.2841,1,0.040607,0
5137,2021,12,42,5763.0,575,0.1515,3,0.011859,0
5138,2022,12,45,10736.0,712,0.0963,2,0.087591,0
5139,2021,24,31,3870.0,573,0.2843,2,0.029182,0
5140,2022,36,31,4220.0,559,0.2593,1,0.017774,0
5141,2021,24,32,5362.0,702,0.1455,1,0.204611,0
5142,2023,24,43,4385.0,640,0.2444,2,0.084652,0
5143,2021,36,48,1887.0,788,0.7227,2,0.937569,1
5144,2021,24,33,3677.0,551,0.433,2,0.023104,0
5145,2023,48,47,6930.0,578,0.1973,4,0.00691,0
5146,2021,60,39,10085.0,709,0.4132,1,0.274723,1
5147,2022,48,36,2759.0,517,0.1187,2,0.006136,0
5148,2022,48,35,2753.0,725,0.0574,1,0.23598,1
5149,2022,36,45,4990.0,523,0.2233,1,0.009193,0
5150,2021,24,41,1741.0,668,0.4786,4,0.19322,0
5151,2023,12,60,3934.0,472,0.2272,3,0.002401,0
5152,2022,48,29,2063.0,623,0.5961,2,0.181477,0
5153,2023,48,43,9745.0,510,0.2952,1,0.007261,0
5154,2021,12,32,3345.0,774,0.5415,3,0.930796,1
5155,2022,24,29,11231.0,534,0.1692,1,0.008698,0
5156,2023,12,37,8576.0,553,0.3133,1,0.013515,0
5157,2022,36,39,3558.0,662,0.1632,1,0.167822,0
5158,2022,48,67,2876.0,571,0.8265,1,0.088842,1
5159,2022,12,36,4461.0,675,0.1838,2,0.06903,0
5160,2021,24,26,4664.0,563,0.0086,1,0.012885,0
5161,2022,36,40,5843.0,556,0.2266,2,0.01388,0
5162,2021,36,22,3333.0,617,0.5549,3,0.071879,0
5163,2023,24,37,7138.0,522,0.2895,2,0.011144,0
5164,2022,48,38,5612.0,651,0.563,2,0.136752,0
5165,2021,36,45,4146.0,690,0.2174,1,0.179543,1
5166,2021,24,47,3443.0,664,0.652,3,0.24947,1
5167,2022,36,32,4481.0,671,0.6876,4,0.228152,0
5168,2021,36,36,3267.0,466,0.1565,1,0.003041,0
5169,2022,24,30,5060.0,583,0.6646,2,0.082823,0
5170,2021,60,26,5129.0,601,0.1653,4,0.014561,0
5171,2022,24,41,5602.0,736,0.1283,1,0.261763,0
5172,2023,60,25,11886.0,573,0.0285,1,0.007395,0
5173,2022,60,33,4600.0,435,0.2061,1,0.00279,0
5174,2023,36,28,8122.0,539,0.1705,2,0.004993,0
5175,2023,36,43,5513.0,567,0.4042,1,0.027009,0
5176,2023,60,56,4363.0,447,0.3375,1,0.001691,0
5177,2022,24,24,4631.0,697,0.0973,2,0.157472,0
5178,2023,12,22,4772.0,494,0.0678,1,0.005194,0
5179,2021,12,36,5653.0,655,0.2426,1,0.099919,0
5180,2023,36,38,3042.0,532,0.3387,1,0.025047,0
5181,2022,24,40,2362.0,740,0.4509,2,0.562499,1
5182,2022,24,33,6817.0,597,0.4013,4,0.021024,0
5183,2021,36,35,7701.0,581,0.2277,4,0.011723,0
5184,2023,36,41,7135.0,662,0.1565,1,0.096335,0
5185,2022,48,48,5311.0,539,0.5195,3,0.012657,0
5186,2021,48,22,7213.0,666,0.2941,3,0.061232,0
5187,2022,24,34,7021.0,581,0.0818,2,0.018492,0
5188,2023,36,40,7287.0,572,0.1641,3,0.010785,0
5189,2023,48,28,3198.0,612,0.528,2,0.126793,0
5190,2021,48,55,2840.0,532,0.1207,2,0.012699,0
5191,2021,24,31,4047.0,604,0.2353,2,0.044246,0
5192,2022,60,37,4872.0,647,0.0458,1,0.052646,0
5193,2021,36,43,4355.0,435,0.3089,1,0.002884,0
5194,2023,24,32,1923.0,707,0.0561,1,0.232034,0
5195,2021,60,22,11624.0,685,0.2159,3,0.068398,0
5196,2021,60,33,4285.0,471,0.1511,4,0.001,0
5197,2023,12,48,5358.0,459,0.2975,3,0.001715,0
5198,2023,36,34,9157.0,687,0.3125,1,0.142457,1
5199,2022,24,29,1522.0,681,0.327,3,0.114335,0
5200,2022,24,47,3805.0,669,0.3646,1,0.131747,0
5201,2022,60,34,4050.0,505,0.3196,3,0.00659,0
5202,2023,36,32,4154.0,766,0.1814,1,0.554383,1
5203,2022,36,39,4506.0,559,0.453,2,0.032116,0
5204,2023,24,45,10133.0,639,0.3096,3,0.036424,0
5205,2023,48,61,6882.0,640,0.0426,1,0.046582,0
5206,2021,48,46,7935.0,747,0.5466,1,0.648435,1
5207,2021,24,49,5032.0,630,0.3207,2,0.087039,0
5208,2022,36,32,2441.0,653,0.4837,2,0.150111,0
5209,2021,36,27,1737.0,613,0.2256,3,0.031887,0
5210,2022,24,38,2288.0,524,0.6778,2,0.028157,0
5211,2023,36,39,5883.0,434,0.4151,1,0.001864,0
5212,2023,24,27,4993.0,622,0.3055,3,0.062457,0
5213,2021,24,36,4425.0,507,0.1839,4,0.003389,0
5214,2021,36,41,4088.0,648,0.1781,2,0.105861,0
5215,2021,60,41,13438.0,631,0.1669,2,0.025747,0
5216,2021,24,43,3257.0,629,0.0778,3,0.037345,0
5217,2023,60,40,7816.0,535,0.411,2,0.010542,0
5218,2023,36,32,4919.0,702,0.1754,1,0.351312,0
5219,2021,36,32,4767.0,657,0.4208,1,0.234673,1
5220,2022,36,26,8851.0,525,0.1736,1,0.012167,0
5221,2021,12,55,10211.0,785,0.5298,3,0.353489,0
5222,2021,12,38,4360.0,603,0.3716,2,0.044242,0
5223,2023,60,35,7329.0,513,0.0509,2,0.003238,0
5224,2021,24,28,5896.0,559,0.3428,2,0.040452,0
5225,2022,24,67,4933.0,499,0.185,2,0.002163,0
5226,2021,48,27,5443.0,728,0.1736,4,0.182501,0
5227,2022,36,33,3484.0,706,0.1362,1,0.293257,0
5228,2021,36,42,4217.0,679,0.5099,2,0.395277,0
5229,2023,36,44,3676.0,664,0.3342,3,0.094991,0
5230,2022,24,47,7713.0,719,0.625,1,0.339373,1
5231,2022,36,56,4686.0,600,0.1583,1,0.03968,0
5232,2023,36,43,2569.0,653,0.2764,3,0.138143,0
5233,2022,24,27,3423.0,555,0.5251,4,0.018269,0
5234,2022,24,35,993.0,607,0.1011,2,0.040549,0
5235,2023,12,41,3838.0,656,0.4579,2,0.092843,0
5236,2021,60,58,5008.0,373,0.4128,2,0.001,0
5237,2021,48,24,4591.0,570,0.4637,3,0.034858,0
5238,2022,36,50,13228.0,633,0.0416,4,0.007808,0
5239,2022,36,39,6552.0,613,0.5558,1,0.165961,0
5240,2023,60,46,6408.0,583,0.3788,1,0.019866,0
5241,2022,24,36,2161.0,667,0.2876,4,0.091696,0
5242,2022,36,29,4096.0,563,0.685,2,0.050402,0
5243,2021,24,45,3853.0,522,0.0773,1,0.004268,0
5244,2021,36,44,3317.0,714,0.3402,3,0.232953,0
5245,2021,12,47,3295.0,703,0.6682,1,0.475676,0
5246,2021,36,37,1990.0,572,0.3131,2,0.035555,0
5247,2021,24,32,2597.0,614,0.5099,3,0.119775,0
5248,2021,36,22,7609.0,687,0.2091,3,0.129849,0
5249,2022,24,46,4576.0,623,0.0872,1,0.102986,0
5250,2021,36,42,3815.0,662,0.4991,2,0.229938,1
5251,2022,24,28,4901.0,658,0.544,3,0.129105,0
5252,2021,24,32,8810.0,594,0.4318,2,0.027794,0
5253,2022,36,33,4925.0,661,0.3007,1,0.166102,0
5254,2022,36,23,6439.0,542,0.1933,2,0.006366,0
5255,2022,60,29,3219.0,651,0.0828,4,0.0561,0
5256,2022,36,26,3607.0,614,0.2291,4,0.024109,0
5257,2022,48,33,5866.0,591,0.4183,3,0.034967,0
5258,2021,48,30,12662.0,520,0.3117,1,0.00538,0
5259,2021,48,22,10046.0,630,0.4444,1,0.130094,0
5260,2022,48,58,6578.0,623,0.2355,1,0.04711,0
5261,2022,24,50,5301.0,552,0.2163,1,0.019504,0
5262,2021,36,30,9902.0,492,0.5025,1,0.006315,0
5263,2022,60,40,7312.0,488,0.231,1,0.003194,0
5264,2022,60,42,1561.0,599,0.0628,1,0.02849,0
5265,2023,48,49,2902.0,644,0.3396,2,0.061321,0
5266,2022,48,29,5820.0,767,0.2331,1,0.655496,1
5267,2022,12,48,2011.0,616,0.3709,4,0.058185,0
5268,2023,24,32,3138.0,489,0.1626,2,0.004932,0
5269,2022,24,24,3464.0,603,0.5626,2,0.080344,0
5270,2021,24,45,4324.0,720,0.2716,4,0.135582,1
5271,2021,36,50,4257.0,565,0.1738,3,0.012825,0
5272,2022,24,63,4253.0,709,0.1869,3,0.112906,0
5273,2021,24,26,7425.0,634,0.239,4,0.023463,0
5274,2021,36,44,4304.0,671,0.2153,3,0.083157,0
5275,2023,48,33,4055.0,768,0.3874,3,0.585817,1
5276,2021,24,45,2503.0,473,0.2333,4,0.002376,0
5277,2021,24,23,8202.0,691,0.1349,2,0.168549,0
5278,2021,12,25,3513.0,612,0.4813,1,0.096014,0
5279,2022,48,30,2854.0,544,0.1395,3,0.007102,0
5280,2023,12,38,5467.0,611,0.1322,3,0.031435,0
5281,2022,48,31,3349.0,755,0.0296,2,0.27066,1
5282,2022,48,44,3778.0,726,0.687,3,0.547258,1
5283,2023,12,48,5593.0,459,0.2495,4,0.001,0
5284,2021,48,43,4175.0,558,0.2376,2,0.008887,0
5285,2023,36,54,15612.0,695,0.3622,2,0.102399,0
5286,2021,60,42,4734.0,618,0.0669,4,0.021689,0
5287,2022,36,25,6694.0,618,0.2923,2,0.051711,0
5288,2023,48,51,1862.0,494,0.1748,3,0.004581,0
5289,2021,36,31,3196.0,560,0.1825,3,0.01395,0
5290,2022,48,47,2854.0,511,0.4955,1,0.015188,0
5291,2022,48,53,3050.0,487,0.3476,4,0.003159,0
5292,2022,24,42,6050.0,519,0.5336,3,0.004709,0
5293,2021,36,23,8248.0,545,0.0498,3,0.006422,0
5294,2023,24,28,5839.0,559,0.3968,1,0.032942,0
5295,2022,12,51,4388.0,552,0.7103,1,0.050589,0
5296,2021,36,36,3585.0,701,0.5152,1,0.387999,0
5297,2021,24,38,8577.0,547,0.3463,1,0.011116,0
5298,2021,48,45,13844.0,734,0.243,3,0.176623,1
5299,2022,36,44,5258.0,581,0.2811,3,0.020841,0
5300,2022,12,40,7861.0,655,0.1646,1,0.089751,0
5301,2021,12,35,5835.0,657,0.098,1,0.094235,0
5302,2021,48,34,7171.0,548,0.2859,1,0.012921,0
5303,2023,60,46,2746.0,593,0.1249,2,0.023212,0
5304,2023,48,43,3850.0,579,0.0951,2,0.014806,0
5305,2022,24,35,5989.0,649,0.5392,1,0.163514,0
5306,2022,24,48,9011.0,609,0.5001,1,0.094662,0
5307,2021,24,36,3265.0,560,0.4239,1,0.040106,0
5308,2022,24,29,1778.0,629,0.2288,2,0.078765,0
5309,2021,36,30,3831.0,647,0.2402,2,0.114548,0
5310,2021,36,28,8144.0,768,0.4302,2,0.613594,1
5311,2023,36,35,2226.0,625,0.1177,2,0.053041,0
5312,2022,36,50,2729.0,620,0.3855,4,0.023997,0
5313,2022,24,29,5313.0,654,0.4298,3,0.118684,1
5314,2023,48,39,4638.0,544,0.1925,2,0.010695,0
5315,2023,36,31,6616.0,481,0.1491,2,0.001538,0
5316,2021,48,35,2659.0,595,0.2767,2,0.030901,0
5317,2023,24,22,4178.0,705,0.3157,1,0.596677,0
5318,2022,12,35,8934.0,718,0.0739,3,0.135223,0
5319,2023,36,36,2707.0,469,0.4036,2,0.00452,0
5320,2021,48,43,10285.0,673,0.6263,2,0.146839,0
5321,2023,36,40,2882.0,445,0.2957,1,0.003043,0
5322,2021,12,26,7515.0,656,0.0412,1,0.135839,0
5323,2021,12,48,4079.0,651,0.2821,4,0.047996,0
5324,2021,12,40,2773.0,482,0.2287,1,0.004972,0
5325,2022,24,39,3834.0,700,0.325,1,0.209688,0
5326,2023,60,37,6454.0,759,0.1363,2,0.284029,0
5327,2021,24,32,4898.0,615,0.289,1,0.05828,0
5328,2021,36,40,8598.0,631,0.4556,1,0.109264,1
5329,2021,24,42,10076.0,738,0.2138,4,0.284948,0
5330,2022,36,22,2720.0,529,0.0637,2,0.006745,0
5331,2022,24,32,2622.0,531,0.2358,2,0.00975,0
5332,2022,60,35,2560.0,552,0.2659,2,0.01917,0
5333,2021,36,40,3135.0,622,0.6004,3,0.111927,0
5334,2021,24,49,8537.0,622,0.1323,3,0.024286,0
5335,2021,36,30,6504.0,575,0.2492,2,0.023054,0
5336,2022,36,33,3742.0,595,0.4159,1,0.108137,0
5337,2022,36,32,4888.0,576,0.1258,1,0.00934,0
5338,2022,60,29,9918.0,580,0.1361,2,0.010213,0
5339,2022,60,34,12759.0,558,0.3045,3,0.006403,0
5340,2021,12,45,5595.0,559,0.0812,1,0.013958,0
5341,2021,24,27,1300.0,459,0.6706,3,0.005745,0
5342,2022,60,42,5702.0,602,0.1739,3,0.016816,0
5343,2021,36,22,7843.0,463,0.3192,1,0.004399,0
5344,2022,24,32,5499.0,680,0.2526,2,0.083001,0
5345,2022,12,34,7067.0,575,0.3563,1,0.019473,0
5346,2022,48,54,5875.0,610,0.1129,1,0.044904,0
5347,2022,60,35,2651.0,590,0.2632,2,0.031799,0
5348,2021,48,22,3155.0,600,0.5278,1,0.179886,0
5349,2022,24,22,4186.0,721,0.3947,3,0.39601,1
5350,2022,60,38,8372.0,511,0.1151,1,0.006443,0
5351,2022,12,44,3351.0,490,0.4022,3,0.006186,0
5352,2022,48,41,6173.0,629,0.2132,1,0.056091,0
5353,2021,60,39,5721.0,580,0.2092,2,0.010769,0
5354,2021,60,49,10863.0,648,0.4618,3,0.079028,0
5355,2021,12,32,4813.0,677,0.1061,1,0.131851,0
5356,2021,60,46,2044.0,531,0.2335,1,0.011256,0
5357,2022,24,22,6792.0,668,0.2568,3,0.073831,0
5358,2022,36,28,14314.0,538,0.1591,1,0.003631,0
5359,2022,24,22,7018.0,625,0.2419,1,0.083198,0
5360,2022,60,35,3315.0,521,0.2634,4,0.003502,0
5361,2021,24,37,2861.0,630,0.1949,1,0.066397,0
5362,2023,48,39,3052.0,618,0.3666,3,0.049156,0
5363,2022,60,38,13382.0,531,0.6563,1,0.024087,0
5364,2022,60,28,4173.0,511,0.3662,2,0.007727,0
5365,2022,36,36,3529.0,680,0.3691,3,0.108187,0
5366,2021,36,23,4540.0,583,0.5873,1,0.097325,0
5367,2021,36,51,4195.0,700,0.2587,3,0.197233,0
5368,2022,36,34,10763.0,576,0.3036,1,0.034561,0
5369,2022,48,33,2959.0,724,0.0917,1,0.191445,0
5370,2022,24,53,8869.0,544,0.5175,1,0.022344,0
5371,2022,36,25,5224.0,737,0.1698,1,0.571217,0
5372,2021,36,26,8987.0,633,0.1104,1,0.049062,0
5373,2021,60,27,10843.0,651,0.4624,2,0.071438,0
5374,2021,24,37,5128.0,539,0.3435,1,0.010565,0
5375,2021,24,42,4198.0,678,0.6734,2,0.301351,0
5376,2023,36,45,5080.0,681,0.2706,2,0.095749,0
5377,2022,12,63,4687.0,594,0.0112,1,0.013173,0
5378,2022,12,22,2146.0,449,0.2609,1,0.002141,0
5379,2022,36,44,10681.0,530,0.0778,1,0.005211,0
5380,2022,60,32,5557.0,530,0.1288,2,0.006025,0
5381,2022,36,32,2748.0,655,0.3634,1,0.183011,1
5382,2023,36,31,1748.0,582,0.1784,1,0.049191,0
5383,2021,48,28,1535.0,584,0.0365,4,0.007634,0
5384,2022,36,54,7225.0,574,0.3372,4,0.016612,0
5385,2022,60,46,3607.0,737,0.2984,1,0.526548,1
5386,2023,24,38,3915.0,623,0.3998,3,0.037442,0
5387,2022,12,51,6273.0,635,0.2528,1,0.08028,0
5388,2021,12,22,3797.0,570,0.4404,4,0.016588,0
5389,2021,48,24,6459.0,617,0.1144,1,0.053794,0
5390,2021,36,22,5155.0,541,0.5017,3,0.017589,0
5391,2022,24,31,4712.0,647,0.1255,2,0.06156,0
5392,2021,36,39,2239.0,528,0.3873,2,0.014462,0
5393,2021,36,39,3262.0,679,0.5264,1,0.352531,0
5394,2021,12,39,6643.0,561,0.5213,2,0.033103,0
5395,2022,36,23,3495.0,695,0.6261,1,0.441725,0
5396,2023,48,46,8979.0,772,0.3514,4,0.420515,0
5397,2022,36,40,15886.0,620,0.115,2,0.014384,0
5398,2021,24,45,6824.0,724,0.2372,1,0.188813,1
5399,2022,36,22,10367.0,680,0.3868,1,0.171377,0
5400,2023,48,41,7047.0,505,0.4484,1,0.009131,0
5401,2022,36,26,3763.0,628,0.065,3,0.036589,0
5402,2022,36,34,5432.0,660,0.0654,4,0.02057,0
5403,2022,24,43,13449.0,667,0.2058,2,0.044251,0
5404,2021,48,38,3783.0,634,0.2724,3,0.076246,1
5405,2023,24,29,2923.0,633,0.4663,2,0.104556,0
5406,2021,36,38,2788.0,620,0.5423,2,0.169409,1
5407,2021,36,22,4408.0,630,0.2944,1,0.067197,0
5408,2021,36,49,2976.0,522,0.1687,3,0.003391,0
5409,2022,48,35,11350.0,601,0.3181,3,0.011148,0
5410,2021,48,49,5476.0,503,0.5422,3,0.006187,0
5411,2021,12,32,7989.0,580,0.6028,1,0.052221,1
5412,2021,36,32,4233.0,572,0.3134,1,0.057804,0
5413,2023,24,30,2779.0,567,0.4576,1,0.054556,1
5414,2021,48,46,2554.0,535,0.2516,1,0.013548,0
5415,2021,24,30,3121.0,641,0.5218,3,0.176307,0
5416,2021,48,44,5847.0,594,0.1468,3,0.013294,0
5417,2022,36,34,6374.0,586,0.1849,2,0.023018,0
5418,2021,12,22,6645.0,507,0.2128,1,0.003815,0
5419,2023,24,32,2335.0,596,0.3153,4,0.051881,0
5420,2021,24,26,4914.0,711,0.2321,1,0.315691,1
5421,2022,24,38,2942.0,712,0.2128,3,0.328651,1
5422,2022,24,26,6007.0,649,0.5124,1,0.239329,0
5423,2021,60,47,6245.0,596,0.3927,2,0.028488,0
5424,2021,36,37,2735.0,664,0.0954,3,0.024808,0
5425,2021,12,36,7975.0,566,0.5453,1,0.027872,0
5426,2022,24,44,15826.0,596,0.2334,2,0.013467,0
5427,2023,24,47,7461.0,560,0.4306,2,0.010864,0
5428,2021,24,37,4530.0,692,0.3528,1,0.517364,1
5429,2022,24,30,4195.0,682,0.2186,4,0.077789,0
5430,2023,24,22,4427.0,617,0.3624,2,0.160347,0
5431,2023,48,31,3360.0,758,0.4983,2,0.642563,0
5432,2021,24,31,5576.0,653,0.5648,2,0.195626,1
5433,2023,24,39,2782.0,648,0.3416,3,0.116323,1
5434,2021,24,34,1911.0,639,0.29,1,0.068988,0
5435,2021,36,44,5485.0,519,0.6727,1,0.022472,0
5436,2022,12,31,4967.0,548,0.2488,1,0.018313,0
5437,2022,24,37,3694.0,615,0.1998,4,0.031062,0
5438,2022,24,49,2588.0,616,0.3074,1,0.109921,0
5439,2023,36,41,5681.0,667,0.4866,2,0.119033,0
5440,2022,60,37,2996.0,566,0.501,2,0.045154,0
5441,2022,24,31,4585.0,625,0.1942,3,0.025087,0
5442,2022,12,31,11879.0,627,0.4966,1,0.085735,0
5443,2022,48,29,6806.0,630,0.4717,1,0.090505,0
5444,2022,36,32,2479.0,621,0.2561,3,0.04115,0
5445,2023,24,45,2598.0,507,0.5769,4,0.009985,0
5446,2022,24,35,5302.0,439,0.4774,4,0.001162,0
5447,2022,36,24,2471.0,544,0.3418,1,0.023892,0
5448,2021,12,55,1806.0,577,0.2728,1,0.021493,0
5449,2021,36,41,6414.0,525,0.3438,2,0.010003,0
5450,2021,36,23,5770.0,615,0.125,1,0.04185,0
5451,2022,36,33,6157.0,707,0.1974,2,0.163198,0
5452,2022,36,39,5606.0,678,0.0653,4,0.023292,0
5453,2022,12,55,4757.0,657,0.3001,3,0.06294,0
5454,2021,36,26,3529.0,698,0.2139,1,0.276777,1
5455,2021,60,47,6362.0,546,0.1015,1,0.00933,0
5456,2022,12,51,10561.0,583,0.2688,2,0.011412,0
5457,2022,36,31,3825.0,669,0.4945,1,0.267534,1
5458,2023,48,35,2950.0,582,0.1452,1,0.041905,1
5459,2022,24,27,2786.0,586,0.3042,2,0.046995,0
5460,2023,24,35,3186.0,768,0.2173,1,0.467684,1
5461,2023,24,37,5439.0,627,0.0471,1,0.045522,0
5462,2022,60,44,1686.0,761,0.4995,1,0.861039,1
5463,2023,24,48,6122.0,474,0.1492,4,0.001022,0
5464,2023,48,30,6782.0,569,0.5022,3,0.025861,0
5465,2021,24,22,2000.0,652,0.1173,1,0.155488,1
5466,2023,12,37,3012.0,627,0.2575,2,0.057325,1
5467,2023,24,40,5115.0,455,0.3767,2,0.001748,0
5468,2022,36,40,4575.0,601,0.1723,1,0.036306,0
5469,2023,36,34,6373.0,817,0.2565,1,0.930274,1
5470,2023,48,39,4580.0,639,0.3283,2,0.082344,0
5471,2023,24,53,9250.0,668,0.4734,2,0.097397,0
5472,2021,48,41,4186.0,568,0.3449,2,0.027079,0
5473,2022,48,34,3006.0,639,0.4405,3,0.098795,1
5474,2022,12,32,2888.0,619,0.323,1,0.057915,0
5475,2021,60,36,7099.0,709,0.2262,4,0.139561,1
5476,2021,24,54,4988.0,706,0.4744,3,0.121075,0
5477,2021,60,36,6747.0,652,0.3602,3,0.089515,1
5478,2022,36,37,6678.0,625,0.4726,2,0.095389,0
5479,2022,48,33,1790.0,485,0.0534,1,0.004554,0
5480,2023,36,48,2779.0,482,0.0247,2,0.003829,0
5481,2023,24,57,2950.0,626,0.4306,2,0.057892,0
5482,2022,24,42,3268.0,689,0.6768,1,0.54252,0
5483,2022,36,38,3983.0,726,0.6727,4,0.423196,0
5484,2022,36,38,8100.0,548,0.1408,1,0.012443,0
5485,2021,24,22,8948.0,499,0.3321,1,0.004274,0
5486,2023,36,45,4245.0,694,0.1446,2,0.168782,0
5487,2022,36,39,4334.0,554,0.4917,1,0.034228,0
5488,2022,36,42,3454.0,493,0.2248,3,0.003543,0
5489,2022,36,30,5139.0,580,0.5549,1,0.058641,0
5490,2022,36,34,5439.0,579,0.2019,1,0.035164,0
5491,2022,36,33,7356.0,725,0.3818,3,0.209591,1
5492,2022,36,48,7326.0,689,0.2036,1,0.127572,0
5493,2022,36,34,1555.0,561,0.1953,2,0.014283,0
5494,2022,24,58,4554.0,731,0.3623,2,0.457153,0
5495,2021,24,42,9819.0,630,0.5787,4,0.089509,0
5496,2022,12,25,3948.0,704,0.1931,1,0.307232,0
5497,2023,36,36,8687.0,726,0.22,1,0.323841,1
5498,2021,48,31,4217.0,598,0.2527,1,0.084908,0
5499,2023,48,22,5364.0,665,0.424,1,0.226622,1
5500,2022,36,53,2784.0,587,0.1855,2,0.020054,0
5501,2021,48,45,2837.0,694,0.2384,2,0.137749,0
5502,2021,36,43,7064.0,627,0.2656,2,0.04135,0
5503,2023,24,39,7638.0,696,0.1848,3,0.0884,0
5504,2022,36,24,4980.0,741,0.3342,2,0.717394,1
5505,2021,12,33,2660.0,663,0.4104,3,0.074897,1
5506,2022,36,46,5024.0,612,0.2551,1,0.029538,0
5507,2023,48,27,9215.0,613,0.3289,2,0.044614,0
5508,2022,48,22,11748.0,383,0.3596,3,0.001,0
5509,2021,60,35,4195.0,562,0.2987,2,0.010023,0
5510,2022,60,36,2143.0,694,0.6504,3,0.612273,0
5511,2021,12,39,7481.0,697,0.3126,1,0.254111,0
5512,2021,24,45,4281.0,561,0.2822,2,0.016034,0
5513,2021,24,44,7876.0,633,0.4621,3,0.072105,0
5514,2021,60,40,5656.0,604,0.0847,1,0.034531,0
5515,2021,24,49,3160.0,675,0.2856,3,0.092938,0
5516,2022,36,22,5060.0,796,0.1577,4,0.448714,0
5517,2022,24,43,9454.0,676,0.1512,1,0.086037,0
5518,2021,12,44,4562.0,566,0.3612,1,0.027045,0
5519,2022,60,25,2930.0,613,0.3055,1,0.079828,0
5520,2021,48,22,2221.0,732,0.7492,2,0.666031,1
5521,2022,24,30,3341.0,507,0.2306,3,0.004054,0
5522,2023,24,31,4004.0,570,0.3267,1,0.044695,0
5523,2022,36,45,7406.0,676,0.1202,3,0.046468,0
5524,2021,36,31,2806.0,723,0.0894,1,0.316003,0
5525,2022,12,29,10688.0,668,0.0968,1,0.045914,1
5526,2022,36,31,2519.0,571,0.2873,2,0.033281,0
5527,2022,24,49,15768.0,662,0.2335,1,0.055602,1
5528,2022,36,38,11646.0,653,0.1115,1,0.039366,0
5529,2022,24,36,5274.0,648,0.2907,2,0.108491,0
5530,2022,36,36,2156.0,612,0.2482,2,0.058216,0
5531,2022,48,50,4780.0,624,0.3799,4,0.038838,0
5532,2022,60,30,4050.0,547,0.24,4,0.010361,0
5533,2022,24,51,2599.0,818,0.2398,2,0.625165,0
5534,2022,60,40,5685.0,632,0.2826,2,0.06019,0
5535,2023,36,36,3256.0,663,0.42,3,0.14305,0
5536,2022,36,63,3438.0,602,0.4193,4,0.025817,0
5537,2022,48,27,4439.0,687,0.2112,1,0.263793,0
5538,2021,36,34,3687.0,516,0.2694,1,0.013332,0
5539,2023,36,25,13892.0,480,0.2796,2,0.001841,0
5540,2021,36,47,3760.0,617,0.2359,1,0.092459,0
5541,2022,36,54,6127.0,784,0.1281,2,0.588156,0
5542,2023,12,54,5286.0,716,0.0845,2,0.263951,0
5543,2021,24,50,5863.0,555,0.1109,3,0.009341,0
5544,2023,60,36,6091.0,661,0.244,3,0.0895,1
5545,2021,36,34,7636.0,569,0.3904,4,0.021027,0
5546,2023,36,22,5615.0,654,0.3323,3,0.094957,0
5547,2021,24,58,5500.0,660,0.3956,1,0.121583,1
5548,2023,24,42,5061.0,694,0.2584,1,0.170992,1
5549,2022,24,33,4586.0,494,0.445,1,0.008694,0
5550,2023,36,51,3115.0,518,0.2796,1,0.009307,0
5551,2021,36,28,4767.0,613,0.3085,2,0.035077,0
5552,2022,48,42,5545.0,537,0.3078,1,0.01489,0
5553,2021,36,36,6009.0,531,0.0917,1,0.005679,0
5554,2022,24,44,5378.0,641,0.5688,3,0.069162,0
5555,2023,36,37,4374.0,546,0.2474,2,0.005984,0
5556,2021,12,23,4776.0,800,0.292,2,0.76478,0
5557,2022,36,38,3726.0,577,0.5518,3,0.027777,0
5558,2022,36,48,5748.0,598,0.4728,2,0.063556,0
5559,2022,12,37,4400.0,643,0.5691,2,0.114858,0
5560,2021,36,45,5379.0,499,0.4416,2,0.012765,0
5561,2021,36,27,8106.0,660,0.3273,2,0.12648,0
5562,2023,48,37,3447.0,647,0.0299,1,0.06128,0
5563,2022,60,31,6623.0,592,0.414,2,0.03617,0
5564,2021,48,45,4997.0,641,0.5841,1,0.169832,0
5565,2022,36,38,13502.0,654,0.169,3,0.022637,0
5566,2023,24,44,4411.0,734,0.2818,1,0.397385,1
5567,2023,24,48,6958.0,820,0.1375,2,0.584062,0
5568,2022,48,44,4953.0,535,0.2076,4,0.005181,0
5569,2021,24,40,2455.0,516,0.0979,1,0.00408,0
5570,2021,24,28,3788.0,628,0.1735,2,0.064821,0
5571,2022,60,37,7633.0,453,0.1456,1,0.001514,0
5572,2022,24,32,3959.0,671,0.3721,3,0.133203,0
5573,2023,12,34,1619.0,629,0.0298,1,0.028824,0
5574,2023,36,34,4838.0,649,0.4677,3,0.100009,0
5575,2022,60,28,2846.0,595,0.2347,4,0.015916,0
5576,2022,24,22,5250.0,640,0.5294,1,0.267205,0
5577,2021,24,31,10674.0,657,0.2841,1,0.121522,0
5578,2021,24,39,7221.0,636,0.4109,3,0.073167,0
5579,2021,12,24,10597.0,512,0.2416,1,0.007114,0
5580,2023,36,38,3712.0,633,0.6238,1,0.196524,0
5581,2021,24,57,4575.0,768,0.4113,1,0.524844,1
5582,2023,36,48,2915.0,639,0.2077,1,0.088009,0
5583,2022,24,54,3491.0,630,0.2278,2,0.048047,0
5584,2022,36,41,3092.0,744,0.2961,2,0.543294,0
5585,2023,48,49,2557.0,560,0.2813,3,0.018281,0
5586,2021,24,30,9730.0,691,0.4353,1,0.352764,0
5587,2021,48,31,1727.0,577,0.3027,2,0.034173,0
5588,2022,24,22,9750.0,706,0.2248,1,0.169497,0
5589,2023,48,49,9164.0,683,0.3409,2,0.125855,0
5590,2022,60,53,6310.0,587,0.3724,2,0.02887,0
5591,2021,36,32,2815.0,598,0.1815,4,0.00971,0
5592,2022,36,35,2228.0,698,0.3118,4,0.257512,0
5593,2022,12,30,3736.0,471,0.1199,3,0.001696,0
5594,2022,36,41,6718.0,584,0.5406,4,0.038224,1
5595,2022,36,49,4922.0,669,0.274,1,0.142872,0
5596,2021,36,22,2917.0,595,0.2765,3,0.037515,0
5597,2021,12,42,8726.0,630,0.0398,1,0.032258,0
5598,2021,12,35,11409.0,456,0.1585,2,0.001,0
5599,2021,60,39,4388.0,551,0.2095,1,0.010246,0
5600,2023,36,42,5191.0,674,0.1751,3,0.051891,0
5601,2023,24,36,2311.0,559,0.6211,1,0.115682,0
5602,2021,36,36,3995.0,515,0.3159,1,0.008751,0
5603,2022,36,35,6344.0,704,0.2189,2,0.126637,0
5604,2021,36,47,5869.0,661,0.2162,1,0.163074,1
5605,2022,12,42,3813.0,532,0.2456,2,0.014636,0
5606,2022,60,40,4285.0,631,0.1475,3,0.047935,0
5607,2021,36,25,3930.0,535,0.1231,2,0.004467,0
5608,2022,36,34,4276.0,607,0.1138,2,0.041051,0
5609,2023,36,46,6073.0,634,0.5684,4,0.040766,0
5610,2021,60,38,1838.0,555,0.1419,1,0.018742,0
5611,2022,24,44,4735.0,679,0.4281,3,0.163387,0
5612,2021,36,55,5855.0,691,0.1609,2,0.147312,0
5613,2022,12,48,3695.0,641,0.0543,3,0.044909,0
5614,2021,12,38,3867.0,653,0.4683,1,0.194539,0
5615,2023,36,32,3924.0,503,0.0974,2,0.007022,0
5616,2021,24,22,3868.0,728,0.1497,3,0.32112,0
5617,2022,24,36,4929.0,612,0.1634,2,0.03772,1
5618,2023,36,34,5242.0,545,0.5414,2,0.024082,0
5619,2023,36,41,1719.0,631,0.0882,2,0.085485,0
5620,2023,12,36,6812.0,679,0.0648,1,0.167694,0
5621,2022,60,34,4251.0,660,0.2154,3,0.05339,0
5622,2021,24,22,12919.0,533,0.1114,2,0.008642,0
5623,2022,24,28,2709.0,680,0.4275,2,0.206616,0
5624,2022,12,42,3185.0,615,0.236,2,0.045341,0
5625,2022,24,55,4441.0,660,0.2034,2,0.045764,0
5626,2023,36,37,6043.0,555,0.1577,3,0.007767,0
5627,2023,60,41,1853.0,703,0.5286,1,0.619443,0
5628,2023,24,47,3247.0,634,0.4483,1,0.13307,0
5629,2021,60,29,6606.0,715,0.149,4,0.141042,0
5630,2021,24,41,3059.0,497,0.0526,4,0.001428,0
5631,2021,36,30,9750.0,507,0.2295,1,0.007447,0
5632,2022,60,46,3917.0,600,0.4066,4,0.015285,0
5633,2022,24,39,3135.0,737,0.3807,2,0.400007,0
5634,2021,24,40,6668.0,777,0.3578,1,0.670626,1
5635,2022,24,30,10980.0,548,0.4645,1,0.016429,0
5636,2021,60,45,6052.0,624,0.7108,1,0.214339,0
5637,2021,60,58,9230.0,632,0.2585,3,0.017668,0
5638,2022,24,27,11365.0,677,0.1248,3,0.073998,0
5639,2021,48,34,3100.0,690,0.2884,3,0.124052,0
5640,2022,36,40,7857.0,530,0.5241,2,0.023588,0
5641,2021,12,45,2294.0,625,0.1366,2,0.053492,0
5642,2021,48,32,6078.0,459,0.2065,1,0.00261,0
5643,2022,24,22,4743.0,684,0.117,1,0.153437,0
5644,2023,36,51,9150.0,592,0.2361,2,0.013317,0
5645,2022,48,45,8832.0,523,0.445,3,0.010048,0
5646,2021,60,22,6535.0,646,0.5123,2,0.117336,0
5647,2021,48,31,5706.0,590,0.6067,2,0.061504,0
5648,2021,48,53,6337.0,720,0.0253,3,0.122308,0
5649,2021,24,52,5069.0,548,0.292,2,0.013262,0
5650,2021,24,47,4767.0,797,0.3481,1,0.801981,1
5651,2021,12,36,10110.0,688,0.1982,2,0.125136,0
5652,2022,36,38,10737.0,723,0.0459,3,0.084516,0
5653,2023,36,36,4579.0,537,0.3054,3,0.016534,0
5654,2023,36,49,5535.0,763,0.6139,2,0.760255,1
5655,2021,24,29,5120.0,522,0.0781,3,0.005988,0
5656,2021,36,29,2195.0,603,0.2519,4,0.036735,0
5657,2022,36,48,4154.0,724,0.1197,1,0.14329,0
5658,2022,12,37,10936.0,660,0.7455,3,0.107832,0
5659,2023,48,51,3378.0,520,0.1676,4,0.002387,0
5660,2022,24,31,14147.0,710,0.2139,2,0.099854,0
5661,2021,36,37,8831.0,647,0.1905,1,0.082791,0
5662,2021,36,28,6007.0,586,0.3543,2,0.036822,0
5663,2023,24,38,6506.0,496,0.3118,4,0.00189,0
5664,2021,36,23,3107.0,654,0.0267,3,0.029178,0
5665,2021,36,33,4304.0,606,0.2275,2,0.063641,1
5666,2021,36,23,10104.0,632,0.2094,4,0.031955,1
5667,2022,24,44,3615.0,493,0.0875,3,0.002736,0
5668,2022,36,45,8355.0,586,0.4155,1,0.044109,0
5669,2023,36,22,2469.0,658,0.1454,1,0.180584,1
5670,2022,24,51,2700.0,770,0.1125,2,0.272418,0
5671,2022,24,62,12717.0,603,0.0653,3,0.004653,0
5672,2023,24,38,4886.0,735,0.3588,2,0.493768,1
5673,2022,24,31,3755.0,682,0.3403,2,0.128772,1
5674,2022,24,66,9714.0,638,0.5722,1,0.133643,0
5675,2023,36,24,9163.0,539,0.4649,2,0.016769,0
5676,2022,60,38,7788.0,542,0.282,1,0.022089,0
5677,2022,12,39,3696.0,669,0.4654,1,0.221741,0
5678,2022,24,51,4258.0,577,0.1792,1,0.020133,0
5679,2022,36,41,5743.0,570,0.1878,1,0.025772,0
5680,2021,12,33,6955.0,605,0.305,1,0.046184,0
5681,2022,36,28,3811.0,606,0.171,4,0.013631,0
5682,2023,12,34,5353.0,692,0.5314,4,0.08204,0
5683,2023,36,27,5618.0,579,0.1306,1,0.024743,0
5684,2022,24,38,9352.0,684,0.4425,1,0.314576,0
5685,2021,24,32,7167.0,655,0.0769,2,0.064472,0
5686,2022,24,23,2314.0,486,0.6221,4,0.007355,0
5687,2023,24,50,4417.0,643,0.2427,3,0.051093,0
5688,2023,24,33,3089.0,406,0.5505,2,0.001931,0
5689,2023,48,25,6529.0,548,0.5016,2,0.012211,0
5690,2021,36,36,7798.0,657,0.2968,3,0.053614,0
5691,2023,36,38,5171.0,619,0.1006,2,0.028696,0
5692,2022,36,22,4298.0,478,0.5568,3,0.007786,0
5693,2023,12,41,5088.0,530,0.421,4,0.005733,0
5694,2022,36,27,5456.0,411,0.1382,3,0.001,0
5695,2022,12,55,3569.0,512,0.2414,1,0.008218,0
5696,2022,36,43,2672.0,666,0.2662,2,0.108256,1
5697,2022,36,34,1763.0,575,0.0573,3,0.011202,0
5698,2021,12,30,9261.0,633,0.3932,3,0.033508,0
5699,2021,12,36,6299.0,621,0.2755,1,0.091396,0
5700,2021,24,44,5891.0,622,0.3721,2,0.059754,1
5701,2023,48,37,9252.0,701,0.2631,4,0.115132,0
5702,2022,48,35,2624.0,603,0.3124,2,0.042495,0
5703,2021,36,38,2064.0,692,0.399,2,0.342405,0
5704,2021,12,31,5956.0,421,0.256,2,0.001044,0
5705,2022,36,34,5691.0,708,0.1545,2,0.218071,1
5706,2022,24,22,2068.0,516,0.677,1,0.036753,0
5707,2022,12,47,5883.0,534,0.3189,2,0.009999,0
5708,2023,36,40,4023.0,563,0.5649,3,0.032689,0
5709,2023,60,30,3283.0,706,0.3625,2,0.341232,1
5710,2022,24,56,4160.0,548,0.1164,2,0.008506,0
5711,2023,36,38,1450.0,567,0.2582,1,0.032564,0
5712,2022,36,27,3657.0,543,0.2671,1,0.015863,1
5713,2022,48,46,3456.0,640,0.27,1,0.098827,0
5714,2021,36,41,6493.0,679,0.5766,4,0.130261,0
5715,2021,24,41,4541.0,756,0.1671,4,0.239222,0
5716,2021,12,33,6764.0,811,0.4043,3,0.64804,1
5717,2022,36,42,1374.0,672,0.2754,1,0.291557,1
5718,2022,24,35,3231.0,649,0.384,2,0.083172,0
5719,2022,24,43,6490.0,522,0.3073,2,0.011103,0
5720,2022,60,22,4211.0,772,0.5622,4,0.592655,1
5721,2022,60,33,7501.0,637,0.3041,1,0.086444,0
5722,2023,36,55,1994.0,596,0.3304,3,0.039486,0
5723,2022,36,30,7084.0,651,0.0961,4,0.028823,0
5724,2022,24,31,3570.0,569,0.258,4,0.015152,0
5725,2021,12,33,3401.0,432,0.2685,1,0.001306,0
5726,2023,24,25,8067.0,665,0.454,1,0.235789,1
5727,2021,24,22,8786.0,727,0.0347,1,0.278246,0
5728,2022,60,35,8245.0,664,0.3651,1,0.117567,0
5729,2021,36,39,13620.0,619,0.188,1,0.029213,0
5730,2022,12,37,9259.0,621,0.4257,4,0.037285,0
5731,2022,24,36,3302.0,633,0.1843,4,0.031265,0
5732,2023,48,38,5275.0,631,0.5889,1,0.156679,0
5733,2022,24,48,4105.0,615,0.4438,1,0.085802,0
5734,2023,60,36,13555.0,622,0.4002,2,0.039531,0
5735,2023,36,32,8539.0,744,0.0848,3,0.182688,0
5736,2023,36,35,4472.0,657,0.3344,3,0.119357,1
5737,2023,48,43,7623.0,628,0.1861,1,0.052359,0
5738,2021,36,52,2654.0,672,0.4631,2,0.18274,1
5739,2023,36,31,5570.0,672,0.2578,3,0.100102,0
5740,2021,36,38,3075.0,695,0.2858,3,0.210777,0
5741,2023,24,41,2113.0,559,0.1726,2,0.016068,0
5742,2021,12,28,7276.0,581,0.3284,1,0.041033,0
5743,2023,24,38,7741.0,554,0.1119,1,0.009987,0
5744,2023,36,23,6177.0,681,0.3902,3,0.13132,0
5745,2022,12,22,4485.0,677,0.5451,2,0.28126,0
5746,2023,24,41,2609.0,518,0.3709,1,0.013595,0
5747,2021,24,34,2750.0,651,0.5323,3,0.124927,0
5748,2021,24,40,3027.0,729,0.4889,3,0.566162,1
5749,2021,24,37,4373.0,601,0.5997,2,0.119909,0
5750,2021,36,28,8418.0,645,0.1605,3,0.037519,0
5751,2021,24,37,8352.0,678,0.0374,1,0.121101,0
5752,2023,24,25,2155.0,514,0.211,4,0.004487,0
5753,2023,48,51,3475.0,632,0.3057,4,0.036428,0
5754,2022,36,24,3429.0,721,0.356,1,0.663885,1
5755,2022,36,36,1386.0,572,0.0668,3,0.016087,0
5756,2022,36,27,6523.0,686,0.6396,3,0.227465,0
5757,2022,24,43,4346.0,622,0.2479,3,0.043596,0
5758,2021,24,34,4644.0,566,0.0552,1,0.016472,0
5759,2022,36,32,9633.0,612,0.4052,4,0.024196,0
5760,2023,48,46,5137.0,577,0.367,3,0.023254,0
5761,2021,24,38,3963.0,548,0.0616,2,0.007427,0
5762,2021,60,43,6542.0,599,0.1236,3,0.009129,0
5763,2022,24,28,8345.0,625,0.6201,2,0.109534,1
5764,2023,60,23,5700.0,606,0.3858,1,0.074063,0
5765,2022,36,39,6937.0,598,0.3149,1,0.038605,0
5766,2023,24,34,4570.0,638,0.4535,4,0.058969,0
5767,2023,36,44,4718.0,662,0.3091,1,0.184525,0
5768,2022,24,37,5201.0,528,0.4243,2,0.01531,0
5769,2022,24,40,3373.0,599,0.1665,2,0.02415,0
5770,2023,36,22,3700.0,462,0.0941,1,0.00298,0
5771,2022,24,56,9788.0,607,0.0743,3,0.007873,0
5772,2021,60,36,13413.0,632,0.07,2,0.035944,0
5773,2022,24,44,10895.0,665,0.2424,1,0.067366,1
5774,2022,24,29,2536.0,632,0.2528,4,0.059677,0
5775,2021,24,41,2416.0,663,0.1826,4,0.070601,1
5776,2022,24,24,2710.0,625,0.2058,2,0.083195,0
5777,2023,36,42,5256.0,565,0.2661,3,0.01043,0
5778,2023,24,34,1207.0,530,0.2249,1,0.028067,0
5779,2021,36,38,3661.0,598,0.1724,2,0.025062,0
5780,2021,36,44,9932.0,558,0.0676,1,0.011415,0
5781,2022,36,25,8032.0,610,0.0594,3,0.010268,0
5782,2023,24,31,3810.0,580,0.0695,3,0.013471,0
5783,2023,12,42,3957.0,653,0.1755,1,0.155315,0
5784,2021,24,58,6526.0,623,0.2906,1,0.05602,0
5785,2022,48,36,7845.0,655,0.2258,3,0.142484,1
5786,2022,24,43,3765.0,655,0.4548,2,0.246912,0
5787,2022,36,36,4371.0,605,0.1941,3,0.015387,0
5788,2021,24,57,3703.0,610,0.1539,1,0.099718,0
5789,2022,36,22,2526.0,660,0.0732,1,0.155655,0
5790,2022,24,38,4403.0,815,0.3097,1,0.787125,1
5791,2023,24,22,4239.0,540,0.3421,1,0.012341,0
5792,2022,24,22,2617.0,623,0.3003,2,0.122958,0
5793,2021,60,40,6789.0,524,0.2259,3,0.007049,0
5794,2021,12,39,6258.0,618,0.391,1,0.060003,0
5795,2021,36,35,6959.0,566,0.4776,3,0.034359,0
5796,2021,36,36,3347.0,610,0.3268,2,0.03892,0
5797,2021,24,68,1823.0,632,0.2776,1,0.075098,0
5798,2022,48,35,6208.0,580,0.0208,1,0.024394,0
5799,2021,36,43,3526.0,477,0.3842,1,0.005222,0
5800,2021,24,31,3148.0,734,0.3703,3,0.318323,0
5801,2022,24,40,2621.0,687,0.0232,1,0.129012,0
5802,2022,36,35,4283.0,609,0.0566,2,0.02116,0
5803,2023,24,33,10815.0,548,0.2487,1,0.010401,0
5804,2023,48,56,3817.0,626,0.1435,1,0.045945,0
5805,2022,36,49,2850.0,648,0.2886,1,0.262559,0
5806,2022,12,39,6809.0,681,0.4777,2,0.189977,0
5807,2022,36,22,5358.0,688,0.3729,3,0.170193,0
5808,2022,60,34,1703.0,704,0.0517,1,0.182737,1
5809,2023,36,65,6844.0,480,0.4148,3,0.001849,0
5810,2023,36,35,14246.0,595,0.1355,3,0.009936,0
5811,2023,48,49,1339.0,699,0.317,1,0.40835,1
5812,2022,12,52,2650.0,546,0.1492,3,0.012744,0
5813,2021,36,40,1183.0,717,0.0702,3,0.25563,0
5814,2023,24,29,4733.0,764,0.5123,2,0.693981,1
5815,2023,36,22,8064.0,715,0.4359,3,0.406653,0
5816,2023,24,44,5181.0,672,0.0854,1,0.097771,1
5817,2022,36,29,9858.0,584,0.2063,1,0.033273,0
5818,2022,12,39,7445.0,642,0.107,1,0.04627,0
5819,2022,24,25,11511.0,512,0.3473,3,0.007285,0
5820,2021,36,35,8779.0,557,0.1541,3,0.006943,0
5821,2021,48,38,4018.0,563,0.2575,3,0.021642,0
5822,2023,48,40,5082.0,624,0.6552,1,0.254085,1
5823,2023,60,26,3183.0,588,0.0683,2,0.027673,0
5824,2021,12,49,4379.0,640,0.4083,1,0.125905,0
5825,2021,24,32,5069.0,690,0.1976,4,0.153307,0
5826,2021,12,22,4710.0,563,0.2056,2,0.026269,0
5827,2022,24,36,9615.0,631,0.2639,2,0.073017,0
5828,2021,36,38,4167.0,586,0.2209,2,0.03373,0
5829,2022,24,39,3084.0,635,0.2002,1,0.083995,0
5830,2022,48,51,3182.0,674,0.3163,1,0.272485,0
5831,2021,12,35,6820.0,693,0.4519,3,0.178523,1
5832,2023,36,36,2437.0,673,0.1984,1,0.132735,0
5833,2021,36,26,4444.0,653,0.4631,2,0.191417,0
5834,2022,12,46,9545.0,506,0.3278,3,0.00265,0
5835,2023,36,39,5689.0,533,0.1923,3,0.004824,0
5836,2023,12,33,4735.0,554,0.1516,1,0.012021,0
5837,2023,36,22,4827.0,648,0.1038,4,0.028148,0
5838,2022,36,52,2937.0,516,0.2013,3,0.001664,0
5839,2021,12,25,3202.0,647,0.1393,2,0.096705,0
5840,2022,24,32,4458.0,641,0.3921,1,0.167566,1
5841,2021,36,41,5629.0,465,0.5524,1,0.006695,0
5842,2022,60,26,7896.0,532,0.4113,3,0.007995,0
5843,2021,24,23,5148.0,703,0.1647,1,0.386587,0
5844,2022,36,22,9666.0,675,0.3939,4,0.071894,0
5845,2021,36,45,10966.0,551,0.1702,4,0.002613,0
5846,2021,48,32,7315.0,537,0.1222,1,0.011332,0
5847,2022,12,67,9068.0,423,0.1266,2,0.001,0
5848,2021,24,28,2995.0,737,0.5238,1,0.630853,0
5849,2022,48,28,2767.0,623,0.2248,2,0.068379,0
5850,2022,24,32,6368.0,770,0.2162,2,0.561139,1
5851,2023,36,40,2513.0,604,0.1691,3,0.055034,1
5852,2022,36,33,4251.0,642,0.5852,2,0.160075,0
5853,2023,24,44,7227.0,691,0.1332,3,0.117286,0
5854,2023,48,28,9964.0,751,0.7197,4,0.410111,1
5855,2022,24,24,4328.0,660,0.2829,2,0.139061,0
5856,2021,36,22,3551.0,620,0.2182,2,0.05619,0
5857,2022,24,22,5769.0,622,0.2321,2,0.036386,0
5858,2022,48,32,2873.0,536,0.0149,1,0.006774,0
5859,2021,24,34,4507.0,589,0.2777,1,0.029204,0
5860,2023,24,31,4895.0,624,0.2847,1,0.071671,0
5861,2021,24,50,4846.0,730,0.1369,2,0.211408,0
5862,2021,60,50,5137.0,585,0.7796,2,0.051132,0
5863,2022,48,34,3238.0,705,0.4396,1,0.477249,1
5864,2021,24,22,3417.0,613,0.1216,2,0.034039,0
5865,2023,36,32,3383.0,719,0.1676,4,0.216129,0
5866,2023,60,32,2186.0,674,0.4223,3,0.174328,0
5867,2021,36,31,5831.0,668,0.3922,1,0.246071,0
5868,2023,36,31,7687.0,698,0.1367,4,0.088393,0
5869,2023,36,31,7318.0,686,0.2184,1,0.203301,0
5870,2022,12,34,4310.0,705,0.2077,2,0.190757,1
5871,2022,24,31,3276.0,790,0.3883,2,0.743744,1
5872,2022,24,40,7131.0,749,0.0972,2,0.41265,0
5873,2022,60,41,6765.0,657,0.3084,3,0.05838,0
5874,2022,48,28,5479.0,584,0.5161,2,0.044709,0
5875,2023,24,50,11756.0,649,0.1899,1,0.029651,0
5876,2022,60,28,4850.0,465,0.2145,2,0.001907,0
5877,2021,60,22,4322.0,686,0.4286,4,0.126761,0
5878,2021,24,41,4024.0,535,0.3135,3,0.011618,0
5879,2021,24,29,2252.0,709,0.4064,1,0.437458,1
5880,2022,12,41,6841.0,778,0.0628,1,0.481877,0
5881,2022,24,22,4662.0,503,0.3631,2,0.009181,0
5882,2022,36,51,6342.0,615,0.3222,1,0.025584,0
5883,2021,36,44,12344.0,534,0.146,2,0.00278,0
5884,2022,12,22,4043.0,481,0.0404,1,0.004513,0
5885,2022,24,23,1527.0,611,0.3762,3,0.04316,0
5886,2021,60,54,6251.0,670,0.4577,1,0.180893,0
5887,2022,36,30,5342.0,680,0.3935,4,0.147019,0
5888,2022,36,29,3408.0,632,0.1319,1,0.079976,0
5889,2021,12,22,5995.0,486,0.3491,2,0.003255,0
5890,2023,12,34,7281.0,629,0.3262,2,0.053415,0
5891,2021,12,35,3062.0,500,0.1578,3,0.002575,0
5892,2021,36,45,4227.0,505,0.3952,1,0.007963,0
5893,2021,24,24,10284.0,540,0.1592,2,0.005398,0
5894,2023,60,22,3426.0,703,0.202,1,0.426797,0
5895,2021,24,42,5081.0,663,0.0743,2,0.050104,1
5896,2022,24,48,1323.0,645,0.5489,1,0.263373,0
5897,2023,36,22,2343.0,550,0.5909,4,0.0274,0
5898,2022,36,48,5318.0,588,0.2426,2,0.031062,0
5899,2022,48,38,9081.0,510,0.3752,2,0.006995,0
5900,2022,48,48,2487.0,729,0.1721,1,0.380943,0
5901,2021,48,37,5101.0,795,0.309,3,0.70135,0
5902,2022,24,22,4073.0,664,0.6058,1,0.321726,0
5903,2023,24,36,7915.0,678,0.4671,1,0.34624,0
5904,2023,24,48,2673.0,607,0.238,3,0.029711,1
5905,2021,24,29,6094.0,490,0.1372,2,0.003114,0
5906,2022,48,34,3545.0,552,0.2508,1,0.026545,0
5907,2021,36,36,5495.0,582,0.0681,1,0.020109,0
5908,2022,36,22,5087.0,589,0.187,1,0.031945,1
5909,2022,36,54,4333.0,570,0.4147,2,0.022294,0
5910,2022,36,28,6241.0,623,0.4848,4,0.05712,0
5911,2022,12,43,5023.0,551,0.122,1,0.014243,0
5912,2022,24,37,4599.0,793,0.2645,3,0.577509,0
5913,2022,36,50,4113.0,510,0.2615,1,0.012551,0
5914,2021,36,42,5109.0,690,0.3663,3,0.181107,0
5915,2022,24,35,5492.0,599,0.24,2,0.033509,0
5916,2021,36,29,2997.0,657,0.6495,3,0.230567,0
5917,2023,24,45,4127.0,660,0.0543,2,0.091883,0
5918,2021,12,22,2900.0,632,0.5746,3,0.311986,0
5919,2022,12,44,4818.0,529,0.2297,2,0.00867,0
5920,2023,24,27,3655.0,593,0.0633,2,0.016959,0
5921,2022,48,50,7226.0,633,0.2132,2,0.04771,0
5922,2023,36,39,6880.0,628,0.0362,1,0.029211,0
5923,2023,24,44,3098.0,538,0.095,3,0.005102,0
5924,2021,24,38,4909.0,723,0.354,2,0.334206,1
5925,2022,12,22,6763.0,420,0.3997,1,0.003173,0
5926,2021,48,29,4502.0,599,0.0594,4,0.011691,0
5927,2022,24,44,3415.0,546,0.4886,1,0.033778,0
5928,2021,24,39,2846.0,634,0.3392,3,0.067955,0
5929,2022,48,49,7534.0,701,0.5605,2,0.326724,0
5930,2023,24,42,7718.0,507,0.0653,1,0.001785,0
5931,2021,60,28,4429.0,808,0.0333,3,0.54548,1
5932,2021,24,30,7209.0,636,0.2156,3,0.04586,0
5933,2023,36,39,1116.0,650,0.2534,1,0.160227,0
5934,2021,12,22,9545.0,504,0.5702,3,0.008596,0
5935,2022,48,54,4544.0,616,0.1762,1,0.066819,0
5936,2021,48,42,5276.0,697,0.3604,1,0.239251,1
5937,2021,36,50,4187.0,636,0.4329,1,0.193668,0
5938,2021,12,22,9876.0,631,0.1123,4,0.020277,0
5939,2022,24,50,2892.0,615,0.2751,1,0.094257,0
5940,2023,48,60,10273.0,509,0.35,2,0.005138,0
5941,2022,24,24,5992.0,509,0.1794,3,0.003763,0
5942,2022,36,45,6710.0,713,0.4098,1,0.403168,0
5943,2022,12,38,4169.0,690,0.4239,4,0.181666,0
5944,2023,24,22,2555.0,702,0.0957,2,0.204755,0
5945,2021,36,42,7826.0,554,0.3873,3,0.007632,0
5946,2021,24,46,5743.0,607,0.4243,2,0.0598,0
5947,2021,24,31,9709.0,718,0.157,4,0.096799,0
5948,2021,36,49,4461.0,521,0.1709,3,0.004624,0
5949,2021,60,22,3985.0,710,0.2034,1,0.405227,0
5950,2021,60,23,9838.0,573,0.3654,1,0.031682,0
5951,2021,24,39,12784.0,551,0.656,1,0.027073,0
5952,2021,24,38,4938.0,617,0.4686,2,0.064256,1
5953,2021,48,30,3373.0,530,0.5683,1,0.037285,0
5954,2021,12,46,7371.0,468,0.335,2,0.004135,0
5955,2021,36,43,4329.0,626,0.3847,3,0.04596,0
5956,2023,48,46,6632.0,662,0.278,3,0.06888,1
5957,2023,36,36,4317.0,717,0.6257,4,0.495626,1
5958,2022,48,44,10743.0,668,0.4333,1,0.120564,0
5959,2021,24,33,3464.0,777,0.3127,3,0.7361,0
5960,2022,48,58,6250.0,728,0.066,1,0.127319,0
5961,2023,36,29,3849.0,679,0.3783,4,0.100082,0
5962,2021,48,59,4269.0,657,0.0964,1,0.077427,0
5963,2022,24,38,4000.0,718,0.2984,4,0.200312,0
5964,2021,24,24,7110.0,442,0.1435,2,0.001,0
5965,2022,60,51,7779.0,581,0.1578,3,0.006424,0
5966,2022,24,39,6496.0,471,0.1889,1,0.00252,0
5967,2022,12,46,4656.0,673,0.5018,1,0.226845,0
5968,2023,24,50,5272.0,560,0.7501,2,0.029188,0
5969,2022,36,41,7699.0,850,0.2088,2,0.839514,0
5970,2022,24,32,7822.0,578,0.1346,4,0.005483,0
5971,2022,12,47,1280.0,628,0.3413,2,0.101862,0
5972,2022,24,38,4289.0,587,0.0579,2,0.0148,0
5973,2021,36,44,4393.0,580,0.2819,2,0.021503,0
5974,2021,12,22,6868.0,520,0.7601,2,0.018346,0
5975,2022,24,42,4753.0,517,0.2544,3,0.007631,0
5976,2021,36,31,7042.0,445,0.4,3,0.001841,0
5977,2021,24,54,2866.0,663,0.4712,2,0.251293,1
5978,2023,24,44,5597.0,586,0.3653,1,0.040475,0
5979,2023,36,40,7709.0,774,0.1616,2,0.362548,0
5980,2022,36,42,2351.0,520,0.0632,2,0.002759,0
5981,2021,12,28,17272.0,738,0.3651,2,0.234425,0
5982,2023,36,54,8915.0,745,0.5826,1,0.373998,0
5983,2022,12,57,4918.0,722,0.0731,2,0.148118,0
5984,2023,48,41,3248.0,638,0.6231,3,0.139581,0
5985,2022,24,53,4503.0,592,0.3857,1,0.033295,0
5986,2022,36,32,5125.0,722,0.4149,4,0.311934,0
5987,2023,24,30,6126.0,556,0.0376,1,0.021834,0
5988,2022,24,38,10408.0,641,0.3853,2,0.095869,0
5989,2023,48,42,3874.0,616,0.1916,2,0.058637,0
5990,2021,36,34,6512.0,548,0.4897,3,0.013527,0
5991,2023,24,43,2575.0,642,0.5802,2,0.249592,0
5992,2021,36,41,3997.0,679,0.4335,3,0.249348,0
5993,2023,12,28,5933.0,545,0.4066,3,0.01009,0
5994,2022,36,43,6944.0,656,0.2309,1,0.133022,0
5995,2021,48,46,3372.0,441,0.2451,1,0.001823,0
5996,2021,36,39,3943.0,536,0.2997,1,0.025657,0
5997,2022,36,49,10201.0,583,0.0998,1,0.015278,0
5998,2022,48,25,8786.0,648,0.1165,1,0.062011,0
5999,2022,24,42,5455.0,689,0.3444,2,0.163599,0
6000,2022,36,26,1606.0,626,0.1577,3,0.06881,0
6001,2021,24,26,17250.0,665,0.1104,3,0.017344,0
6002,2023,24,31,4866.0,607,0.2587,1,0.060262,0
6003,2021,36,28,4204.0,652,0.4517,1,0.228199,0
6004,2022,24,32,3785.0,648,0.3409,2,0.127351,0
6005,2023,12,35,5932.0,579,0.1837,3,0.013842,0
6006,2023,24,46,5963.0,591,0.1846,3,0.013112,0
6007,2021,48,34,7905.0,668,0.3596,2,0.099282,0
6008,2021,24,22,3093.0,764,0.2658,1,0.706206,1
6009,2021,24,49,4204.0,716,0.2315,2,0.31214,0
6010,2022,36,29,13565.0,529,0.4975,1,0.013248,0
6011,2022,36,37,5499.0,529,0.4512,1,0.022729,0
6012,2022,60,42,4509.0,577,0.1879,1,0.022037,0
6013,2023,36,39,3069.0,627,0.5247,3,0.186642,1
6014,2022,48,48,6329.0,623,0.526,4,0.057983,0
6015,2023,12,42,8230.0,719,0.5906,1,0.52119,1
6016,2023,12,29,7611.0,723,0.2629,1,0.38415,0
6017,2022,24,59,4318.0,620,0.5218,1,0.079372,0
6018,2023,48,39,5888.0,601,0.2793,2,0.034252,0
6019,2023,36,36,11337.0,661,0.2495,1,0.108831,0
6020,2023,24,47,8395.0,705,0.5674,1,0.381733,1
6021,2022,24,40,3321.0,664,0.1401,1,0.085843,0
6022,2021,36,41,1376.0,585,0.287,1,0.047473,1
6023,2021,12,62,5701.0,571,0.1349,2,0.00975,0
6024,2023,36,35,7327.0,531,0.4607,2,0.018887,0
6025,2023,24,34,2851.0,635,0.3439,4,0.054891,0
6026,2022,24,39,4893.0,669,0.4689,2,0.183121,0
6027,2021,12,48,4308.0,678,0.6272,2,0.293903,0
6028,2022,24,22,5178.0,712,0.1312,3,0.177979,0
6029,2022,60,22,3743.0,738,0.2779,2,0.540645,0
6030,2021,12,32,9370.0,510,0.3136,2,0.005601,0
6031,2022,12,22,5292.0,652,0.1043,1,0.099383,0
6032,2021,36,33,3167.0,655,0.218,4,0.069175,0
6033,2021,24,43,7775.0,614,0.1522,1,0.03985,0
6034,2021,24,29,2612.0,553,0.5421,3,0.018752,0
6035,2021,36,23,9342.0,735,0.4598,1,0.495514,0
6036,2021,24,38,8067.0,572,0.1988,1,0.013662,0
6037,2021,24,46,9847.0,444,0.225,2,0.001299,0
6038,2022,60,22,4541.0,621,0.1498,1,0.095576,0
6039,2021,12,46,3835.0,600,0.4861,1,0.076346,0
6040,2021,60,46,5126.0,768,0.2369,1,0.522404,1
6041,2021,36,47,4712.0,659,0.3554,1,0.167143,0
6042,2022,24,50,3546.0,595,0.4305,1,0.069253,0
6043,2023,24,60,3726.0,604,0.4944,1,0.0691,0
6044,2021,24,34,4092.0,603,0.2004,4,0.019569,0
6045,2023,12,39,2738.0,797,0.2578,1,0.604575,1
6046,2023,24,33,6898.0,674,0.1709,2,0.094829,0
6047,2022,36,38,4788.0,507,0.2997,1,0.005831,0
6048,2023,12,53,4212.0,600,0.328,1,0.043336,0
6049,2021,12,24,2821.0,618,0.2536,3,0.063309,1
6050,2021,24,29,2751.0,531,0.2315,1,0.026515,0
6051,2023,60,51,12938.0,477,0.1232,1,0.002362,0
6052,2021,48,48,3592.0,667,0.244,1,0.132062,0
6053,2023,24,34,6669.0,555,0.2282,3,0.013956,0
6054,2023,24,46,5331.0,719,0.0239,2,0.165859,0
6055,2021,24,41,1227.0,620,0.4109,2,0.11298,1
6056,2023,24,53,12043.0,582,0.0633,1,0.012904,0
6057,2022,24,38,6919.0,426,0.4752,2,0.002303,0
6058,2021,36,48,3348.0,717,0.3705,1,0.42689,1
6059,2021,60,64,4846.0,643,0.4776,1,0.145033,0
6060,2023,36,43,2767.0,584,0.4833,2,0.044404,0
6061,2022,24,38,12248.0,548,0.1792,2,0.006021,0
6062,2023,36,45,3122.0,747,0.0772,1,0.405464,0
6063,2022,12,34,3784.0,534,0.366,2,0.01908,0
6064,2022,24,61,3413.0,590,0.4767,3,0.031995,0
6065,2022,60,39,5116.0,665,0.215,2,0.089025,0
6066,2023,36,35,9751.0,736,0.2569,3,0.20388,0
6067,2022,24,29,12024.0,602,0.2805,3,0.012868,0
6068,2023,24,48,4026.0,561,0.151,4,0.011527,0
6069,2023,60,46,5938.0,611,0.0695,2,0.014127,0
6070,2021,36,33,5120.0,692,0.423,1,0.213929,0
6071,2022,24,43,3008.0,710,0.2572,2,0.236913,0
6072,2021,36,22,16503.0,509,0.2453,3,0.001,0
6073,2023,48,39,9715.0,629,0.3421,3,0.04407,0
6074,2022,36,42,5402.0,505,0.231,1,0.003627,0
6075,2023,48,55,10839.0,690,0.0216,2,0.113361,1
6076,2021,36,30,9010.0,653,0.4746,3,0.105697,0
6077,2023,24,25,5120.0,546,0.0982,4,0.004615,1
6078,2023,36,29,5785.0,742,0.7489,1,0.697255,1
6079,2021,36,24,10468.0,646,0.5677,1,0.171769,0
6080,2023,60,51,3062.0,638,0.189,4,0.051102,0
6081,2022,36,53,11349.0,605,0.205,1,0.013866,0
6082,2021,24,41,4392.0,619,0.2026,1,0.075746,0
6083,2023,36,50,10534.0,589,0.1289,2,0.009542,0
6084,2023,36,39,4902.0,560,0.2875,1,0.031483,0
6085,2021,24,37,5819.0,718,0.196,4,0.11529,0
6086,2023,12,34,4831.0,580,0.3871,2,0.055517,0
6087,2022,24,34,3767.0,577,0.0496,1,0.017436,0
6088,2022,60,22,4294.0,609,0.2667,1,0.055281,0
6089,2022,24,40,9794.0,733,0.0491,1,0.162479,0
6090,2022,36,37,1545.0,710,0.3829,3,0.289122,0
6091,2022,36,45,2645.0,588,0.3676,2,0.026539,0
6092,2023,36,38,3420.0,718,0.2068,1,0.264965,0
6093,2022,24,36,2866.0,628,0.6414,3,0.190541,0
6094,2022,36,29,10457.0,552,0.1836,4,0.002488,0
6095,2022,36,38,9217.0,581,0.3245,2,0.029019,0
6096,2022,24,45,6608.0,729,0.1298,4,0.107167,0
6097,2022,36,26,3573.0,786,0.4604,2,0.766773,1
6098,2021,24,38,9581.0,645,0.2055,1,0.108962,0
6099,2023,24,40,2221.0,574,0.2965,4,0.020497,0
6100,2022,24,30,14343.0,610,0.2958,1,0.026835,0
6101,2022,60,32,3490.0,559,0.2612,3,0.022553,0
6102,2022,36,40,4311.0,570,0.3219,2,0.012651,0
6103,2023,12,26,3965.0,562,0.265,1,0.029898,0
6104,2022,60,41,2874.0,613,0.5253,1,0.168206,0
6105,2021,36,29,12869.0,629,0.1194,2,0.022717,0
6106,2022,12,48,7291.0,608,0.1143,3,0.010431,0
6107,2023,24,61,9025.0,602,0.3247,1,0.020521,0
6108,2021,36,29,2666.0,680,0.2458,4,0.129986,0
6109,2022,48,43,5380.0,601,0.3331,3,0.01791,0
6110,2021,36,30,6377.0,606,0.0751,2,0.0131,0
6111,2022,36,48,5627.0,605,0.238,2,0.023664,0
6112,2023,36,25,2751.0,743,0.4178,3,0.414373,0
6113,2023,24,42,8415.0,580,0.205,4,0.00862,0
6114,2021,24,29,5223.0,667,0.27,4,0.066117,0
6115,2021,24,35,3049.0,560,0.2162,3,0.010829,0
6116,2021,60,27,1944.0,647,0.4404,1,0.350993,0
6117,2021,24,46,6656.0,663,0.2794,4,0.075891,0
6118,2022,12,29,16735.0,706,0.0735,3,0.114927,0
6119,2021,48,43,2958.0,589,0.2537,2,0.027949,0
6120,2022,36,34,5352.0,530,0.2216,1,0.007297,0
6121,2022,24,36,8563.0,557,0.3522,1,0.016298,0
6122,2022,24,39,2605.0,697,0.2718,2,0.176003,0
6123,2022,36,30,3866.0,786,0.1844,3,0.538316,1
6124,2023,36,40,3197.0,686,0.3843,3,0.207518,0
6125,2023,36,53,8041.0,519,0.2122,2,0.003058,0
6126,2023,24,30,9535.0,684,0.0816,3,0.06198,0
6127,2023,12,49,5322.0,544,0.4189,2,0.01773,0
6128,2021,48,52,3226.0,592,0.217,2,0.020086,0
6129,2022,48,29,3939.0,634,0.1268,1,0.163751,0
6130,2021,24,23,3586.0,648,0.153,1,0.092444,1
6131,2023,48,41,3015.0,625,0.1054,3,0.023912,0
6132,2022,36,32,4670.0,571,0.2315,1,0.023994,0
6133,2021,24,56,6551.0,704,0.0717,3,0.055182,0
6134,2021,12,38,6280.0,577,0.0497,1,0.01265,0
6135,2021,12,29,4895.0,720,0.5074,2,0.408745,0
6136,2021,24,26,5057.0,511,0.1824,1,0.008778,0
6137,2022,36,48,4718.0,637,0.2327,1,0.086341,0
6138,2021,48,32,2569.0,521,0.4763,1,0.016436,0
6139,2022,24,38,5324.0,553,0.0966,3,0.007384,0
6140,2021,24,47,3671.0,578,0.2795,2,0.021684,0
6141,2023,24,33,2506.0,741,0.3707,3,0.52035,0
6142,2022,36,37,5916.0,724,0.3896,3,0.405786,0
6143,2023,12,37,3620.0,689,0.2926,1,0.318076,1
6144,2022,60,44,5508.0,622,0.3132,1,0.090334,0
6145,2022,24,43,7509.0,635,0.0341,4,0.012286,0
6146,2021,36,35,3056.0,721,0.4467,1,0.52206,1
6147,2021,36,38,5146.0,676,0.2475,1,0.08267,0
6148,2021,24,34,1988.0,621,0.3317,4,0.037852,0
6149,2021,24,23,10575.0,738,0.1065,2,0.24635,0
6150,2023,24,40,2491.0,685,0.2117,4,0.129217,1
6151,2023,60,56,3799.0,639,0.2315,3,0.049666,0
6152,2023,36,29,9597.0,583,0.1991,4,0.007731,0
6153,2021,48,30,4371.0,576,0.1006,3,0.009896,0
6154,2021,24,29,2701.0,593,0.2038,1,0.034554,0
6155,2023,12,45,7020.0,656,0.1964,3,0.03602,0
6156,2022,36,42,6941.0,686,0.137,1,0.143397,0
6157,2021,60,36,3581.0,504,0.2303,1,0.011492,0
6158,2021,48,28,3780.0,464,0.2035,1,0.002741,0
6159,2022,36,38,3953.0,543,0.5773,1,0.028074,0
6160,2022,24,22,4431.0,587,0.4062,1,0.040344,1
6161,2021,36,39,1907.0,715,0.2002,2,0.183562,0
6162,2023,36,46,4489.0,597,0.0819,4,0.011521,0
6163,2021,36,25,11992.0,640,0.1923,1,0.044996,0
6164,2022,12,22,3140.0,653,0.4135,4,0.095027,0
6165,2021,12,53,3671.0,538,0.2457,2,0.011639,0
6166,2022,24,31,2719.0,736,0.3806,3,0.317263,0
6167,2023,36,49,6675.0,566,0.1617,1,0.010991,0
6168,2023,36,36,8970.0,744,0.1424,3,0.290254,1
6169,2022,24,36,8868.0,609,0.17,2,0.021352,0
6170,2021,60,42,2633.0,592,0.3462,1,0.035393,0
6171,2021,36,29,6310.0,531,0.1273,2,0.007688,0
6172,2021,12,39,10066.0,635,0.4474,2,0.096536,0
6173,2022,36,34,6341.0,800,0.5634,2,0.784844,1
6174,2021,36,24,6243.0,653,0.2319,1,0.102798,0
6175,2022,60,41,3882.0,641,0.4166,1,0.106561,0
6176,2023,60,35,5487.0,566,0.3271,2,0.016213,0
6177,2021,48,36,9119.0,667,0.1785,2,0.092822,0
6178,2021,24,25,5791.0,632,0.3165,3,0.068948,0
6179,2023,36,53,2633.0,614,0.5332,4,0.047816,0
6180,2022,36,46,3913.0,659,0.3772,1,0.228834,0
6181,2022,36,47,8997.0,474,0.4553,2,0.005294,0
6182,2021,36,34,5781.0,611,0.2822,2,0.028153,0
6183,2021,12,22,5216.0,524,0.1222,2,0.004186,0
6184,2022,24,57,3726.0,622,0.1881,3,0.025959,0
6185,2021,60,37,8904.0,562,0.3307,2,0.016037,0
6186,2023,36,30,11285.0,567,0.6051,1,0.038275,0
6187,2023,12,42,9243.0,513,0.4075,2,0.004877,0
6188,2021,24,49,10110.0,709,0.2724,3,0.113453,0
6189,2021,60,37,4108.0,565,0.2152,4,0.00414,0
6190,2023,12,50,3827.0,570,0.3263,1,0.043007,0
6191,2022,36,48,4545.0,742,0.2192,2,0.269737,0
6192,2021,48,27,5010.0,665,0.2424,1,0.122032,0
6193,2021,60,31,10052.0,457,0.0221,1,0.001,0
6194,2021,24,47,8804.0,730,0.3012,2,0.220845,0
6195,2022,24,22,6433.0,751,0.208,1,0.547914,1
6196,2021,24,36,2403.0,744,0.4622,1,0.704819,1
6197,2021,24,23,2113.0,673,0.2745,3,0.121248,0
6198,2021,36,33,5543.0,531,0.1596,2,0.003949,0
6199,2023,12,35,7632.0,616,0.1972,4,0.025498,0
6200,2022,24,34,4723.0,504,0.6518,1,0.016285,0
6201,2022,24,32,12803.0,550,0.4069,1,0.021288,0
6202,2022,60,27,2861.0,531,0.2428,1,0.011132,0
6203,2021,48,60,2686.0,569,0.3642,2,0.022175,0
6204,2021,36,56,3526.0,633,0.2969,3,0.071552,0
6205,2022,60,26,3459.0,584,0.4066,2,0.058992,0
6206,2023,36,53,6394.0,580,0.1902,3,0.017558,0
6207,2021,24,34,3980.0,596,0.4764,2,0.079188,0
6208,2022,12,39,2267.0,739,0.5895,1,0.585125,0
6209,2022,36,37,7676.0,793,0.2599,3,0.501913,0
6210,2023,48,31,2039.0,583,0.1318,1,0.049353,0
6211,2022,24,47,2877.0,646,0.496,2,0.098431,0
6212,2021,60,39,2183.0,552,0.2284,1,0.023401,0
6213,2022,36,33,5451.0,681,0.2872,1,0.226486,1
6214,2021,36,24,5394.0,581,0.2597,2,0.029074,0
6215,2022,24,29,12813.0,563,0.2889,4,0.007593,0
6216,2022,12,22,7761.0,780,0.4361,2,0.66067,1
6217,2022,24,38,10105.0,511,0.648,2,0.014909,0
6218,2021,36,26,5678.0,423,0.3447,3,0.001,0
6219,2021,24,35,3016.0,678,0.2229,2,0.146251,1
6220,2022,60,51,5240.0,590,0.6012,1,0.050555,0
6221,2021,12,49,6609.0,568,0.1805,1,0.024136,0
6222,2022,24,37,6988.0,838,0.1981,1,0.999,1
6223,2023,24,37,3881.0,678,0.583,3,0.178436,0
6224,2022,36,56,6275.0,615,0.0879,3,0.020587,0
6225,2021,60,43,3082.0,563,0.3116,2,0.029177,0
6226,2022,24,34,2917.0,655,0.1216,1,0.156663,0
6227,2021,24,23,2813.0,481,0.1415,1,0.005662,0
6228,2022,48,41,4976.0,578,0.5442,2,0.04718,1
6229,2023,48,46,2727.0,617,0.2793,1,0.074806,0
6230,2023,12,31,3974.0,637,0.6495,2,0.159713,0
6231,2022,36,40,7719.0,608,0.3354,2,0.028428,0
6232,2023,36,34,2938.0,564,0.2267,1,0.021112,0
6233,2021,60,36,3819.0,693,0.0433,4,0.077924,0
6234,2021,24,22,5094.0,487,0.2974,1,0.009629,0
6235,2021,36,35,5561.0,597,0.1247,2,0.032113,0
6236,2021,60,47,3829.0,578,0.3811,3,0.01845,0
6237,2022,36,31,7284.0,700,0.2277,1,0.171978,0
6238,2022,36,38,6603.0,583,0.203,2,0.016017,0
6239,2022,48,30,8690.0,655,0.3431,2,0.106153,0
6240,2021,36,41,4718.0,646,0.2068,4,0.033309,0
6241,2022,24,35,3803.0,473,0.1396,3,0.002158,0
6242,2021,36,28,3494.0,614,0.2774,4,0.024068,0
6243,2021,36,51,5730.0,480,0.0839,2,0.002488,0
6244,2023,24,47,4070.0,648,0.236,1,0.124255,1
6245,2021,24,31,3698.0,561,0.1807,1,0.015598,0
6246,2021,60,42,3928.0,714,0.379,3,0.251433,0
6247,2023,48,43,3492.0,605,0.0874,2,0.021039,0
6248,2023,36,44,5429.0,558,0.2665,1,0.016758,0
6249,2022,36,22,2425.0,715,0.362,2,0.508892,0
6250,2023,36,48,5719.0,550,0.1993,3,0.007372,0
6251,2021,24,32,6893.0,691,0.2403,4,0.077432,0
6252,2022,24,34,3676.0,657,0.4514,1,0.295276,0
6253,2021,36,64,12849.0,590,0.2513,1,0.016181,0
6254,2022,12,41,4958.0,513,0.6113,2,0.011389,0
6255,2023,48,34,2251.0,719,0.575,1,0.666601,1
6256,2023,36,22,4270.0,660,0.2673,1,0.277897,0
6257,2022,12,51,5071.0,558,0.1043,1,0.008627,0
6258,2023,60,24,6152.0,639,0.4398,1,0.132331,1
6259,2023,24,27,4321.0,700,0.5659,3,0.312787,0
6260,2022,36,34,2964.0,628,0.2963,3,0.067216,0
6261,2023,48,52,2843.0,639,0.4247,1,0.100328,0
6262,2023,24,45,3545.0,702,0.247,2,0.232754,0
6263,2021,48,36,3719.0,742,0.3786,2,0.442679,1
6264,2023,60,41,2786.0,610,0.1696,4,0.028443,0
6265,2023,48,31,3407.0,513,0.103,1,0.008381,0
6266,2021,60,39,6834.0,515,0.7066,1,0.030359,0
6267,2021,24,38,11206.0,564,0.6178,4,0.016008,0
6268,2022,36,47,7171.0,545,0.2822,2,0.013406,0
6269,2021,36,47,9442.0,485,0.2989,3,0.002491,0
6270,2022,60,42,7999.0,767,0.17,1,0.458484,0
6271,2023,36,34,7454.0,662,0.3337,1,0.173428,1
6272,2021,36,45,4151.0,578,0.023,3,0.009906,0
6273,2021,48,37,5274.0,617,0.4312,2,0.050951,0
6274,2021,24,27,3983.0,477,0.1428,3,0.002319,0
6275,2023,12,33,4405.0,712,0.2244,1,0.271123,0
6276,2021,24,38,5085.0,464,0.1335,1,0.002776,0
6277,2021,36,47,7022.0,660,0.1647,1,0.052942,0
6278,2021,12,36,6073.0,472,0.1537,3,0.001329,0
6279,2023,12,25,4533.0,586,0.3193,1,0.03453,0
6280,2022,60,38,5053.0,719,0.279,2,0.283516,1
6281,2021,36,39,6104.0,489,0.418,1,0.004201,0
6282,2021,12,39,6862.0,608,0.5115,2,0.103595,0
6283,2021,24,47,2300.0,670,0.3715,2,0.122507,0
6284,2022,24,48,2868.0,657,0.1261,1,0.091373,0
6285,2021,24,32,8550.0,625,0.1134,2,0.043461,0
6286,2021,36,31,4767.0,659,0.1213,2,0.103555,0
6287,2022,24,27,3976.0,571,0.3618,3,0.027944,0
6288,2022,48,44,4308.0,774,0.6189,3,0.521971,1
6289,2021,60,52,4308.0,491,0.3493,1,0.005735,0
6290,2021,48,34,6496.0,712,0.2559,1,0.240011,1
6291,2023,36,35,2824.0,635,0.3186,2,0.10875,0
6292,2021,36,52,4976.0,669,0.1576,2,0.108802,0
6293,2022,36,43,5558.0,683,0.2284,4,0.124007,0
6294,2022,12,42,5992.0,664,0.3833,1,0.153643,1
6295,2022,12,26,5494.0,555,0.2752,2,0.013698,0
6296,2022,60,44,6361.0,597,0.1688,1,0.019933,0
6297,2021,36,28,3691.0,503,0.2078,1,0.00697,0
6298,2023,12,26,3069.0,596,0.4999,2,0.070483,0
6299,2022,36,34,16789.0,645,0.1162,2,0.033303,0
6300,2022,36,32,4228.0,668,0.3348,1,0.25682,1
6301,2021,36,35,4482.0,651,0.1298,1,0.067852,0
6302,2022,12,23,6898.0,479,0.1351,1,0.003064,0
6303,2022,12,47,10917.0,575,0.1658,1,0.013982,0
6304,2021,48,49,3743.0,567,0.2564,1,0.010907,0
6305,2022,36,22,2983.0,515,0.1178,3,0.005164,0
6306,2022,12,47,2641.0,553,0.1813,2,0.010553,0
6307,2022,24,29,10900.0,620,0.3946,3,0.049619,0
6308,2023,48,46,2925.0,733,0.3866,3,0.264156,1
6309,2022,48,37,4848.0,543,0.1926,1,0.00988,0
6310,2021,48,38,3015.0,529,0.2131,1,0.009751,0
6311,2021,36,36,2382.0,572,0.4469,1,0.051663,0
6312,2021,60,50,4246.0,646,0.4413,3,0.073699,0
6313,2022,60,25,3075.0,717,0.3413,3,0.407164,0
6314,2021,36,44,3478.0,613,0.3542,1,0.058788,0
6315,2021,24,49,13401.0,504,0.1182,1,0.002474,0
6316,2022,36,45,6078.0,521,0.2741,2,0.015328,0
6317,2022,36,61,7830.0,635,0.2098,2,0.040843,0
6318,2022,36,32,7423.0,699,0.2938,3,0.22991,0
6319,2021,24,47,4673.0,765,0.2876,1,0.409302,1
6320,2021,12,36,3945.0,525,0.0566,4,0.004176,0
6321,2022,24,50,5566.0,631,0.0354,3,0.021431,0
6322,2022,24,37,5347.0,537,0.4393,2,0.019047,0
6323,2022,36,34,3698.0,548,0.4231,1,0.031059,0
6324,2021,36,51,5244.0,541,0.32,2,0.007217,0
6325,2023,48,33,3452.0,593,0.4117,2,0.05685,0
6326,2022,12,23,4511.0,549,0.4939,1,0.033988,0
6327,2023,12,32,4156.0,818,0.4881,4,0.684511,1
6328,2023,36,44,2606.0,583,0.2703,2,0.017378,0
6329,2022,24,51,1517.0,699,0.4676,2,0.488396,1
6330,2022,36,39,3073.0,567,0.2525,2,0.035686,0
6331,2022,48,51,12113.0,798,0.4075,2,0.32453,1
6332,2021,36,24,4210.0,647,0.2036,1,0.114435,0
6333,2021,36,33,7244.0,686,0.2168,3,0.101557,0
6334,2021,24,35,1699.0,572,0.4759,1,0.100394,0
6335,2021,36,36,2969.0,698,0.1633,3,0.148011,0
6336,2021,12,38,2497.0,646,0.1887,1,0.147093,1
6337,2022,12,44,4442.0,589,0.1031,1,0.021159,0
6338,2022,36,33,16498.0,533,0.2512,1,0.005418,0
6339,2023,36,39,6186.0,600,0.279,2,0.036893,0
6340,2022,36,37,11474.0,594,0.0518,2,0.012239,0
6341,2022,12,28,4328.0,689,0.3817,2,0.22686,1
6342,2021,36,36,9725.0,601,0.3974,2,0.041039,0
6343,2023,60,36,13858.0,466,0.1043,3,0.001,0
6344,2022,24,36,4653.0,671,0.3307,1,0.192926,0
6345,2021,12,38,3753.0,723,0.3498,1,0.447909,0
6346,2022,24,38,2543.0,486,0.3374,1,0.010947,0
6347,2021,36,33,4211.0,764,0.3827,1,0.61876,1
6348,2022,36,50,5120.0,731,0.1158,1,0.248943,0
6349,2021,48,26,13568.0,569,0.2101,3,0.008094,0
6350,2022,48,30,2572.0,530,0.5763,2,0.032472,1
6351,2021,24,65,5064.0,704,0.3653,2,0.279236,0
6352,2023,60,27,1984.0,510,0.8924,3,0.036937,0
6353,2022,48,24,3970.0,566,0.2791,1,0.042028,0
6354,2021,12,45,5743.0,514,0.162,3,0.003662,0
6355,2021,12,22,6351.0,620,0.1672,2,0.031087,0
6356,2023,48,35,6598.0,737,0.2584,2,0.244823,0
6357,2023,36,59,5995.0,649,0.0703,1,0.04759,0
6358,2021,60,22,6570.0,701,0.3933,2,0.35544,0
6359,2022,60,22,5028.0,591,0.1469,1,0.04168,0
6360,2022,12,23,2910.0,627,0.1896,1,0.109268,0
6361,2023,60,46,1947.0,521,0.3067,1,0.015511,0
6362,2021,24,49,3739.0,612,0.2887,3,0.04738,0
6363,2021,36,32,4595.0,560,0.2624,3,0.012551,0
6364,2021,48,44,9200.0,607,0.039,2,0.022003,0
6365,2023,36,51,4674.0,601,0.4556,4,0.065154,0
6366,2021,24,55,4455.0,594,0.2377,4,0.012796,0
6367,2023,24,35,5960.0,788,0.2353,2,0.557075,1
6368,2022,24,22,4294.0,761,0.1117,1,0.403526,1
6369,2022,12,29,7371.0,733,0.398,1,0.484,1
6370,2023,36,33,13222.0,763,0.3417,2,0.403632,0
6371,2021,24,35,14697.0,733,0.3575,2,0.246002,0
6372,2022,36,36,5159.0,618,0.4848,1,0.114182,0
6373,2021,36,49,5816.0,610,0.3528,4,0.014699,0
6374,2023,36,50,10823.0,638,0.1023,1,0.050587,0
6375,2021,36,36,4560.0,603,0.0715,3,0.020003,0
6376,2023,36,48,6902.0,536,0.3697,2,0.011019,0
6377,2021,48,41,2786.0,643,0.4627,2,0.113486,0
6378,2022,60,38,4207.0,494,0.1325,2,0.001859,0
6379,2023,24,47,8761.0,631,0.3191,2,0.049994,0
6380,2022,60,38,3432.0,540,0.4345,2,0.021734,0
6381,2023,24,58,4610.0,613,0.1504,2,0.03132,0
6382,2023,60,23,2237.0,635,0.3698,2,0.1719,1
6383,2022,36,32,13398.0,591,0.2691,4,0.006287,0
6384,2022,12,36,9242.0,488,0.0972,1,0.001721,0
6385,2023,60,42,5399.0,524,0.4161,1,0.010391,0
6386,2021,12,50,6334.0,656,0.0784,1,0.053688,0
6387,2022,48,37,5991.0,575,0.1391,4,0.007394,0
6388,2023,60,23,9820.0,664,0.4012,2,0.110404,0
6389,2021,24,46,3792.0,620,0.1334,4,0.026159,0
6390,2021,12,45,7088.0,604,0.4018,3,0.040111,0
6391,2023,24,22,8423.0,647,0.325,1,0.120682,0
6392,2021,60,37,9024.0,566,0.4803,2,0.014194,0
6393,2021,36,22,1588.0,652,0.4365,1,0.289889,0
6394,2022,48,31,3642.0,586,0.3825,2,0.028508,0
6395,2023,24,28,2953.0,822,0.3088,1,0.555929,0
6396,2022,12,46,5296.0,529,0.1133,2,0.007166,0
6397,2022,36,39,1794.0,591,0.034,2,0.030673,0
6398,2022,12,25,1767.0,594,0.2118,1,0.088617,0
6399,2022,60,46,14546.0,511,0.4835,3,0.00362,0
6400,2021,48,23,6693.0,678,0.0854,2,0.119846,0
6401,2023,48,41,5221.0,585,0.295,3,0.013067,0
6402,2023,60,29,5895.0,429,0.1319,1,0.001,0
6403,2022,24,34,5288.0,675,0.242,3,0.145416,0
6404,2021,48,43,8092.0,569,0.1432,1,0.015755,0
6405,2022,36,43,3582.0,611,0.2312,2,0.041383,0
6406,2021,36,51,5395.0,674,0.3965,3,0.149217,0
6407,2022,36,37,5507.0,590,0.1829,3,0.021783,0
6408,2022,24,41,2912.0,590,0.3566,2,0.062731,1
6409,2021,36,33,9307.0,817,0.2736,2,0.732293,1
6410,2021,48,39,3933.0,447,0.4868,3,0.002611,0
6411,2021,48,42,8174.0,517,0.3273,2,0.00354,0
6412,2022,12,37,5205.0,532,0.3748,3,0.008871,0
6413,2023,24,22,11123.0,763,0.2759,2,0.438741,1
6414,2021,36,41,2920.0,568,0.2724,1,0.030014,0
6415,2022,12,41,2857.0,639,0.4134,3,0.076172,0
6416,2021,36,31,3125.0,582,0.2112,1,0.049118,0
6417,2023,48,25,5253.0,668,0.243,3,0.094853,0
6418,2021,12,52,10623.0,618,0.1489,1,0.03066,0
6419,2022,60,42,10900.0,640,0.3131,1,0.045907,0
6420,2021,60,35,1548.0,722,0.0737,1,0.353302,0
6421,2023,36,26,5568.0,655,0.6194,1,0.264723,1
6422,2023,24,29,986.0,561,0.4297,2,0.048056,0
6423,2022,24,51,7314.0,644,0.1777,3,0.015924,0
6424,2022,24,39,8596.0,813,0.0738,2,0.426786,0
6425,2021,60,32,4817.0,665,0.5764,3,0.243356,1
6426,2022,24,43,5126.0,632,0.0963,1,0.061935,0
6427,2022,24,29,5099.0,510,0.5135,3,0.017264,0
6428,2022,12,53,3320.0,677,0.1975,2,0.119211,0
6429,2021,24,51,6099.0,689,0.0971,4,0.091828,0
6430,2021,24,33,4378.0,645,0.1923,3,0.073853,0
6431,2021,36,31,7826.0,629,0.1594,1,0.043325,0
6432,2023,36,22,4643.0,846,0.2255,3,0.830295,1
6433,2021,36,23,3195.0,688,0.4843,3,0.297012,0
6434,2022,24,24,2280.0,719,0.1106,3,0.198714,0
6435,2021,48,39,1935.0,625,0.1894,2,0.038594,0
6436,2021,12,34,9474.0,609,0.5263,3,0.063077,0
6437,2022,36,24,3909.0,670,0.5541,1,0.40034,1
6438,2023,36,35,5821.0,609,0.2542,1,0.029809,0
6439,2021,24,43,11987.0,615,0.213,2,0.020182,0
6440,2022,60,43,3709.0,657,0.0779,1,0.111838,0
6441,2023,48,22,3591.0,578,0.4211,2,0.042576,0
6442,2021,60,36,4600.0,637,0.3994,1,0.110876,0
6443,2021,36,24,4988.0,626,0.4044,3,0.082683,0
6444,2021,48,47,12629.0,697,0.1971,2,0.075535,0
6445,2023,48,45,10753.0,571,0.2026,3,0.009211,0
6446,2021,24,29,6704.0,460,0.2553,1,0.002095,0
6447,2021,60,30,10145.0,595,0.1321,1,0.033572,0
6448,2022,24,33,4496.0,651,0.2077,1,0.149847,1
6449,2022,24,22,5708.0,697,0.4967,1,0.398116,0
6450,2022,12,41,4227.0,564,0.0454,1,0.01147,0
6451,2021,48,35,2578.0,663,0.2666,2,0.102212,0
6452,2022,36,47,8973.0,710,0.0716,3,0.103276,0
6453,2023,48,27,6412.0,680,0.4895,1,0.393073,0
6454,2022,48,31,4959.0,556,0.3356,1,0.035988,0
6455,2022,24,22,4909.0,565,0.3557,4,0.014721,0
6456,2023,48,27,2314.0,654,0.1811,1,0.19449,0
6457,2021,24,26,3015.0,750,0.3697,1,0.722135,1
6458,2021,36,47,5814.0,621,0.147,3,0.037645,0
6459,2022,36,31,3772.0,606,0.1358,1,0.05039,0
6460,2022,36,39,4408.0,510,0.3137,2,0.007119,0
6461,2022,24,34,4664.0,590,0.162,2,0.024312,0
6462,2022,36,25,3494.0,562,0.2249,2,0.016284,0
6463,2022,48,36,3029.0,622,0.1021,1,0.057836,0
6464,2022,36,43,2195.0,498,0.5718,1,0.009043,0
6465,2021,36,25,4568.0,593,0.05,2,0.023393,0
6466,2022,36,46,6696.0,539,0.3521,1,0.015176,0
6467,2022,24,29,2161.0,695,0.4897,1,0.360978,0
6468,2021,36,33,4856.0,551,0.3166,2,0.010991,0
6469,2023,36,43,5657.0,574,0.223,4,0.00667,0
6470,2023,36,31,2997.0,642,0.2064,4,0.035921,0
6471,2021,48,38,10007.0,583,0.2793,3,0.012604,0
6472,2021,24,34,4053.0,808,0.3622,1,0.797723,1
6473,2022,12,39,4672.0,694,0.1561,2,0.130245,0
6474,2021,36,22,4534.0,621,0.23,4,0.030915,0
6475,2023,24,22,2028.0,649,0.5624,2,0.193202,1
6476,2021,36,44,8139.0,431,0.2336,2,0.001,0
6477,2021,48,48,3048.0,718,0.146,1,0.191591,0
6478,2022,12,28,4367.0,660,0.102,3,0.104592,0
6479,2022,48,35,6626.0,614,0.506,3,0.059261,0
6480,2022,36,40,10203.0,665,0.3494,1,0.182841,0
6481,2022,12,44,2864.0,675,0.4796,1,0.263525,1
6482,2023,48,22,3931.0,586,0.2908,2,0.045327,0
6483,2023,48,29,9811.0,650,0.1986,1,0.111918,0
6484,2021,24,34,6197.0,703,0.2754,4,0.131634,0
6485,2022,24,45,6875.0,656,0.0879,1,0.05666,0
6486,2022,60,62,2906.0,599,0.0489,4,0.015467,0
6487,2022,60,35,4066.0,643,0.2199,1,0.105266,0
6488,2022,36,23,4519.0,730,0.4521,2,0.468251,1
6489,2022,12,42,3200.0,682,0.3927,4,0.111095,0
6490,2022,24,51,2128.0,526,0.4617,1,0.013259,0
6491,2021,12,39,3808.0,666,0.1576,3,0.106094,0
6492,2021,36,28,9673.0,656,0.3449,2,0.107337,0
6493,2021,60,47,5062.0,713,0.181,2,0.196953,0
6494,2022,24,44,9771.0,622,0.419,2,0.079581,0
6495,2022,60,27,5375.0,590,0.4759,2,0.075484,0
6496,2021,24,41,3353.0,510,0.324,3,0.005322,0
6497,2022,24,47,9310.0,564,0.3302,1,0.024173,0
6498,2021,60,49,5465.0,716,0.3665,4,0.203397,0
6499,2021,48,37,7950.0,635,0.439,4,0.058309,0
6500,2021,48,34,2881.0,612,0.1005,2,0.033842,0
6501,2022,24,50,8262.0,723,0.4419,2,0.455738,1
6502,2022,48,25,8387.0,707,0.1156,3,0.081328,0
6503,2022,60,42,5681.0,561,0.3435,1,0.025946,0
6504,2023,36,24,3283.0,716,0.2187,2,0.224562,1
6505,2021,48,48,4803.0,487,0.4543,1,0.005996,0
6506,2022,24,35,6672.0,656,0.2228,2,0.118782,0
6507,2022,36,50,5526.0,647,0.3305,3,0.06441,0
6508,2021,36,42,6638.0,711,0.252,2,0.196102,0
6509,2021,24,25,8153.0,650,0.268,3,0.051556,0
6510,2022,60,52,3554.0,600,0.3086,1,0.054261,0
6511,2023,36,53,2759.0,606,0.3558,2,0.080576,0
6512,2022,60,46,4823.0,835,0.1699,3,0.716808,1
6513,2022,36,30,4168.0,626,0.2551,1,0.118502,0
6514,2023,36,34,7280.0,667,0.1653,2,0.103164,0
6515,2023,48,39,2872.0,458,0.1283,4,0.001,0
6516,2021,48,30,8186.0,553,0.5299,4,0.012476,1
6517,2023,12,54,9670.0,661,0.1284,3,0.04359,0
6518,2022,48,39,4916.0,490,0.1014,2,0.002956,0
6519,2021,24,22,5066.0,663,0.1733,1,0.14372,0
6520,2021,24,41,3348.0,561,0.5341,4,0.021577,0
6521,2022,60,34,3747.0,537,0.3161,1,0.024257,0
6522,2023,24,37,4007.0,561,0.3595,2,0.035767,1
6523,2022,24,34,10112.0,742,0.5951,1,0.724239,0
6524,2022,60,46,4741.0,646,0.1145,4,0.035012,0
6525,2021,36,49,2537.0,547,0.4872,2,0.028239,0
6526,2022,36,40,5584.0,682,0.2496,3,0.14731,0
6527,2022,24,34,7429.0,686,0.0807,2,0.07451,0
6528,2022,24,37,4853.0,589,0.0543,3,0.005763,0
6529,2021,24,38,10246.0,696,0.3729,3,0.074276,0
6530,2022,36,29,7250.0,700,0.1265,3,0.125056,1
6531,2022,24,43,2909.0,688,0.181,1,0.228888,0
6532,2022,36,42,3730.0,566,0.263,2,0.013339,0
6533,2023,36,53,5503.0,525,0.0252,3,0.003488,0
6534,2022,48,50,2136.0,484,0.2447,4,0.002253,0
6535,2023,36,31,5815.0,567,0.0479,3,0.007264,0
6536,2022,12,46,2037.0,590,0.0791,2,0.028253,0
6537,2021,60,28,8199.0,597,0.152,2,0.01443,0
6538,2022,48,44,7736.0,616,0.1157,1,0.035033,0
6539,2022,24,32,6326.0,758,0.0322,1,0.548455,1
6540,2022,24,27,3505.0,592,0.126,4,0.014098,0
6541,2021,24,40,5351.0,616,0.4306,1,0.130968,0
6542,2021,24,22,3802.0,474,0.2961,3,0.004078,0
6543,2021,36,22,2935.0,798,0.2885,3,0.69705,0
6544,2022,48,36,4149.0,514,0.4023,3,0.005022,0
6545,2022,24,38,6968.0,563,0.5521,1,0.030095,0
6546,2023,48,34,5024.0,675,0.3096,3,0.116489,0
6547,2023,24,22,10151.0,639,0.5637,2,0.151997,0
6548,2023,36,29,7208.0,751,0.3752,1,0.394756,0
6549,2022,24,41,6832.0,677,0.158,1,0.11882,0
6550,2022,24,43,2199.0,613,0.4767,1,0.095343,0
6551,2021,36,37,4262.0,703,0.2354,2,0.161114,0
6552,2022,24,49,2887.0,712,0.158,3,0.248028,0
6553,2021,60,41,4485.0,567,0.1198,2,0.013388,0
6554,2021,24,30,3475.0,697,0.6224,1,0.446434,0
6555,2022,60,35,4069.0,602,0.3907,4,0.020465,0
6556,2022,12,23,8355.0,611,0.3323,2,0.04943,0
6557,2021,24,36,6233.0,631,0.1999,1,0.057015,0
6558,2023,36,49,8132.0,589,0.2295,1,0.02827,0
6559,2021,36,44,2208.0,585,0.3491,2,0.067659,0
6560,2021,60,52,5059.0,698,0.4626,2,0.317447,0
6561,2022,48,34,7969.0,497,0.2747,2,0.004035,0
6562,2023,24,51,10437.0,535,0.3483,1,0.007853,0
6563,2021,48,36,2266.0,673,0.1621,1,0.167391,0
6564,2022,36,52,4123.0,614,0.1529,1,0.046222,0
6565,2021,12,37,8243.0,699,0.2215,4,0.094572,0
6566,2021,48,45,4464.0,648,0.246,2,0.101838,1
6567,2023,12,52,3118.0,513,0.5236,1,0.014867,0
6568,2022,24,36,2264.0,625,0.1634,1,0.095883,0
6569,2022,24,40,3058.0,662,0.2344,4,0.067085,0
6570,2021,48,50,2112.0,638,0.6457,1,0.267039,0
6571,2021,24,36,5061.0,582,0.1141,1,0.022084,0
6572,2023,24,24,7694.0,598,0.3746,4,0.016682,0
6573,2022,48,59,2616.0,575,0.0658,1,0.026798,0
6574,2022,12,33,5591.0,513,0.4085,3,0.005829,0
6575,2022,24,39,7500.0,502,0.3114,3,0.005581,0
6576,2021,24,49,4908.0,651,0.2267,1,0.105105,0
6577,2022,24,31,2197.0,550,0.4722,4,0.01694,0
6578,2023,48,27,5962.0,666,0.098,4,0.063012,0
6579,2022,60,40,4782.0,572,0.3085,1,0.028057,0
6580,2022,36,22,4545.0,514,0.496,1,0.017276,0
6581,2023,36,35,3739.0,587,0.1098,1,0.029823,0
6582,2023,60,40,5133.0,787,0.3982,4,0.393216,1
6583,2021,60,35,6342.0,612,0.371,3,0.06433,0
6584,2021,48,22,16241.0,671,0.4484,2,0.098642,0
6585,2022,24,53,5199.0,633,0.2004,4,0.022284,0
6586,2022,24,39,10463.0,507,0.4497,1,0.008923,0
6587,2022,48,52,5877.0,735,0.1806,1,0.325112,0
6588,2021,24,35,4676.0,600,0.159,3,0.015647,0
6589,2021,36,29,5294.0,515,0.3582,4,0.005717,0
6590,2021,60,40,2668.0,579,0.2161,1,0.039247,0
6591,2021,36,35,5727.0,603,0.2459,1,0.033669,0
6592,2021,36,26,1815.0,679,0.6011,4,0.186901,0
6593,2022,36,52,3193.0,565,0.4455,3,0.018811,0
6594,2022,36,31,5192.0,829,0.0066,1,0.488323,0
6595,2021,36,22,8928.0,545,0.2466,2,0.020493,0
6596,2023,36,51,10050.0,668,0.3731,2,0.068658,0
6597,2023,24,32,4367.0,462,0.0507,3,0.001,0
6598,2023,24,31,5313.0,610,0.3403,2,0.064299,0
6599,2022,36,22,8040.0,649,0.333,2,0.103426,0
6600,2023,24,55,2528.0,530,0.1948,3,0.007001,0
6601,2022,36,25,6017.0,739,0.2022,3,0.278702,0
6602,2021,12,38,3249.0,654,0.2916,3,0.127883,0
6603,2022,12,47,4510.0,594,0.2017,1,0.033249,0
6604,2022,24,42,3907.0,653,0.4123,2,0.206765,1
6605,2021,12,37,6110.0,572,0.4429,2,0.023373,0
6606,2023,36,22,6471.0,720,0.2568,1,0.253272,0
6607,2022,36,29,7674.0,701,0.3869,4,0.154485,0
6608,2023,36,39,5849.0,649,0.0867,2,0.071259,0
6609,2022,24,30,5355.0,668,0.1219,1,0.177891,0
6610,2023,48,40,12419.0,501,0.2451,3,0.002427,0
6611,2022,36,44,2293.0,737,0.0825,1,0.316778,0
6612,2022,24,47,11474.0,612,0.1147,3,0.00975,0
6613,2023,60,25,4252.0,702,0.4866,4,0.201682,0
6614,2021,12,59,6538.0,679,0.0536,3,0.044811,0
6615,2021,36,45,4176.0,700,0.1334,2,0.200337,0
6616,2022,12,37,3459.0,536,0.1832,1,0.012954,0
6617,2022,36,48,6262.0,546,0.2661,3,0.005151,0
6618,2022,48,61,8276.0,799,0.3522,3,0.596888,0
6619,2021,24,23,6226.0,498,0.2289,2,0.00361,0
6620,2022,24,35,3748.0,532,0.1023,3,0.006344,0
6621,2022,36,22,20000.0,623,0.1833,2,0.015579,0
6622,2022,12,39,8949.0,623,0.1366,3,0.021906,0
6623,2023,48,41,7837.0,576,0.3299,1,0.029158,0
6624,2021,36,37,4120.0,669,0.2069,1,0.192713,0
6625,2021,60,31,3595.0,692,0.2469,4,0.270207,0
6626,2023,48,22,4273.0,618,0.3904,1,0.126975,0
6627,2022,36,41,8440.0,598,0.2344,3,0.016866,0
6628,2021,24,52,2995.0,618,0.226,1,0.042121,0
6629,2023,48,32,2881.0,580,0.2079,2,0.017339,0
6630,2021,24,42,6437.0,484,0.136,1,0.003022,0
6631,2021,12,22,5765.0,644,0.5091,2,0.230661,1
6632,2022,24,42,3344.0,681,0.3622,1,0.262333,1
6633,2022,24,34,2848.0,607,0.4312,2,0.104862,0
6634,2022,36,30,10086.0,438,0.0424,1,0.001,0
6635,2022,36,30,5875.0,574,0.2195,2,0.023378,0
6636,2021,36,34,2486.0,692,0.3762,1,0.225922,1
6637,2022,36,41,2574.0,504,0.1681,1,0.004872,0
6638,2023,24,24,4102.0,675,0.4286,3,0.222347,0
6639,2023,12,34,7090.0,584,0.4936,3,0.029841,0
6640,2021,36,37,6618.0,618,0.2985,2,0.038252,1
6641,2021,12,27,8655.0,565,0.3107,4,0.008739,0
6642,2022,36,55,2333.0,529,0.1568,2,0.006956,0
6643,2023,36,29,5497.0,734,0.1535,1,0.360243,1
6644,2023,48,31,10026.0,685,0.0692,2,0.068972,0
6645,2022,48,28,9570.0,671,0.0885,1,0.141506,1
6646,2022,12,55,5881.0,692,0.2676,2,0.171396,1
6647,2021,12,43,15899.0,660,0.1853,2,0.044266,0
6648,2021,24,28,6665.0,695,0.3317,2,0.40573,0
6649,2022,36,49,8278.0,566,0.4472,4,0.013984,0
6650,2021,60,40,5025.0,730,0.4309,1,0.605809,1
6651,2022,24,40,3326.0,723,0.2877,2,0.494819,1
6652,2021,48,34,3173.0,650,0.1116,3,0.102754,0
6653,2021,24,30,5382.0,596,0.2295,2,0.031353,0
6654,2023,48,41,4422.0,522,0.1561,2,0.007992,0
6655,2022,36,32,2030.0,638,0.1094,2,0.089223,1
6656,2022,36,56,2943.0,754,0.5404,4,0.370839,0
6657,2023,36,25,4191.0,527,0.4153,4,0.008139,0
6658,2021,12,53,7070.0,701,0.3875,1,0.29404,0
6659,2021,36,36,4875.0,582,0.0436,4,0.011485,1
6660,2021,36,40,4741.0,589,0.3403,2,0.040204,0
6661,2021,24,46,3001.0,525,0.385,2,0.014548,0
6662,2023,48,31,4972.0,559,0.4718,4,0.015693,0
6663,2022,36,46,9505.0,671,0.3103,3,0.090744,1
6664,2021,24,22,5312.0,681,0.1164,2,0.099605,1
6665,2023,36,30,2313.0,638,0.235,3,0.067391,0
6666,2021,48,28,2629.0,579,0.2417,2,0.041987,1
6667,2021,24,25,6597.0,531,0.3996,1,0.017939,0
6668,2023,24,35,4393.0,624,0.4846,2,0.068762,0
6669,2023,36,41,4735.0,590,0.5084,4,0.028574,0
6670,2022,48,45,3618.0,636,0.2043,2,0.097318,0
6671,2021,36,40,6321.0,594,0.2777,2,0.020049,0
6672,2022,48,31,4228.0,596,0.3123,1,0.028845,0
6673,2021,24,41,4477.0,632,0.3989,2,0.113709,0
6674,2021,24,39,3211.0,648,0.3344,4,0.060004,0
6675,2021,48,47,7792.0,717,0.0524,1,0.208529,0
6676,2021,36,45,4400.0,593,0.2592,4,0.021413,0
6677,2022,48,38,6660.0,663,0.3791,3,0.0739,0
6678,2021,36,29,2706.0,764,0.0477,1,0.551803,1
6679,2023,24,31,11695.0,665,0.0644,3,0.019612,0
6680,2022,12,32,9309.0,713,0.2675,2,0.242973,1
6681,2021,36,34,1891.0,570,0.1909,2,0.025732,0
6682,2023,36,40,3291.0,562,0.2868,3,0.016141,0
6683,2022,24,45,6241.0,607,0.3611,1,0.043575,0
6684,2023,24,37,2541.0,615,0.1337,2,0.044819,0
6685,2021,48,38,4602.0,705,0.0722,2,0.246615,0
6686,2023,36,39,6083.0,561,0.5131,2,0.027182,0
6687,2022,60,32,4481.0,612,0.339,1,0.063181,0
6688,2023,12,28,6434.0,705,0.407,1,0.364565,0
6689,2023,36,22,3475.0,637,0.2214,2,0.113527,0
6690,2022,36,31,1600.0,619,0.3621,2,0.112788,0
6691,2021,36,42,8031.0,639,0.4394,1,0.067433,0
6692,2021,36,30,8006.0,529,0.3333,2,0.013417,0
6693,2022,24,35,17185.0,528,0.3754,2,0.00692,0
6694,2021,36,42,1630.0,492,0.2666,1,0.004941,0
6695,2022,12,43,7154.0,636,0.3231,2,0.06726,0
6696,2021,60,27,1837.0,693,0.2418,3,0.174506,0
6697,2022,24,47,11828.0,681,0.2585,1,0.123824,0
6698,2021,36,49,6273.0,711,0.5703,2,0.407823,1
6699,2023,24,26,3053.0,736,0.3017,1,0.472421,1
6700,2022,48,29,7260.0,631,0.1832,2,0.045871,0
6701,2022,36,49,3727.0,614,0.0491,1,0.032522,0
6702,2021,24,36,5711.0,738,0.2565,1,0.423208,0
6703,2023,24,22,5448.0,563,0.1728,2,0.014632,0
6704,2023,36,24,11756.0,525,0.0546,2,0.002644,0
6705,2021,12,35,12179.0,592,0.7197,3,0.026905,0
6706,2021,48,26,3646.0,583,0.2083,3,0.010726,0
6707,2021,36,33,8342.0,623,0.0921,2,0.045213,0
6708,2021,36,38,5869.0,551,0.032,1,0.015552,0
6709,2021,36,52,2425.0,649,0.1647,2,0.082796,0
6710,2021,24,35,3470.0,574,0.4237,3,0.021883,0
6711,2022,36,48,15805.0,718,0.0866,1,0.131025,0
6712,2023,12,52,5878.0,524,0.29,1,0.00506,0
6713,2021,48,52,8102.0,608,0.621,1,0.124649,0
6714,2023,12,40,4420.0,593,0.22,3,0.019049,0
6715,2021,48,22,3752.0,638,0.1842,2,0.052239,0
6716,2022,12,42,4982.0,694,0.2642,4,0.14556,0
6717,2022,36,48,4302.0,641,0.1819,3,0.05294,0
6718,2021,24,37,2329.0,609,0.4417,1,0.093799,0
6719,2023,36,55,2976.0,675,0.0583,4,0.04246,0
6720,2022,12,46,7002.0,687,0.1303,2,0.081804,1
6721,2023,36,43,4063.0,641,0.1004,3,0.047331,0
6722,2022,60,48,4978.0,651,0.2116,2,0.081823,1
6723,2021,60,41,5527.0,671,0.5106,4,0.118728,0
6724,2021,36,22,5748.0,488,0.237,3,0.001403,0
6725,2022,48,33,8719.0,591,0.3952,2,0.036527,0
6726,2022,12,49,2837.0,650,0.1413,2,0.052493,0
6727,2022,36,29,6536.0,596,0.215,1,0.049024,0
6728,2022,24,35,7169.0,596,0.3108,3,0.02156,0
6729,2022,60,27,8046.0,649,0.3114,1,0.220673,0
6730,2023,36,55,2425.0,651,0.2572,2,0.077036,0
6731,2022,36,54,5583.0,657,0.4067,4,0.040571,0
6732,2022,12,29,11592.0,556,0.0862,1,0.006641,0
6733,2021,36,39,4677.0,506,0.4401,1,0.01022,0
6734,2022,12,31,6259.0,684,0.1228,2,0.088737,1
6735,2023,36,44,7260.0,560,0.1839,2,0.005443,0
6736,2021,36,43,2943.0,555,0.5744,3,0.026005,0
6737,2021,48,46,12295.0,547,0.1876,1,0.014599,0
6738,2021,48,41,6309.0,712,0.1471,2,0.206007,0
6739,2021,24,67,6373.0,636,0.0344,4,0.014793,0
6740,2022,36,27,2141.0,647,0.0153,2,0.056411,0
6741,2022,24,22,7312.0,675,0.1784,2,0.119815,0
6742,2022,48,34,6331.0,616,0.1182,3,0.029368,0
6743,2023,24,22,11071.0,701,0.0679,3,0.058632,0
6744,2021,36,23,4206.0,524,0.3014,3,0.00792,0
6745,2022,24,27,2999.0,533,0.5028,4,0.020308,0
6746,2022,36,28,3494.0,528,0.197,3,0.007141,0
6747,2022,12,28,3818.0,653,0.7952,1,0.56498,1
6748,2022,12,43,2809.0,660,0.1622,3,0.078253,0
6749,2023,36,32,9368.0,582,0.314,2,0.02055,0
6750,2021,36,36,9546.0,601,0.5837,4,0.028944,0
6751,2023,36,46,4456.0,721,0.2644,1,0.283704,1
6752,2023,24,30,4038.0,564,0.1523,2,0.017109,0
6753,2023,24,35,1983.0,643,0.2812,1,0.162878,0
6754,2023,24,41,6960.0,565,0.3693,1,0.015441,0
6755,2023,36,22,11234.0,707,0.2189,1,0.258099,0
6756,2021,24,22,3574.0,670,0.1541,3,0.098045,0
6757,2023,36,41,4636.0,508,0.1373,2,0.003608,0
6758,2021,12,42,6107.0,599,0.484,2,0.075806,0
6759,2022,60,58,11640.0,453,0.3163,1,0.001,0
6760,2022,36,39,5431.0,692,0.5576,3,0.27801,0
6761,2022,24,46,5419.0,783,0.2214,4,0.38714,0
6762,2022,36,36,5376.0,445,0.2933,4,0.001129,0
6763,2021,12,40,2410.0,505,0.4846,2,0.008996,0
6764,2022,24,54,2384.0,633,0.073,1,0.135293,0
6765,2022,24,22,3281.0,618,0.374,1,0.161706,0
6766,2021,36,42,8155.0,587,0.1637,3,0.009132,0
6767,2021,12,59,4156.0,480,0.1958,2,0.001934,0
6768,2023,12,40,3771.0,645,0.1218,1,0.051664,0
6769,2022,48,54,3738.0,691,0.3703,2,0.200716,1
6770,2023,36,31,4588.0,847,0.3447,2,0.914745,1
6771,2021,48,37,11511.0,724,0.5591,3,0.228945,0
6772,2022,36,38,4557.0,516,0.3697,2,0.008934,0
6773,2023,48,22,3317.0,619,0.6415,2,0.135848,0
6774,2022,36,26,4977.0,667,0.4428,2,0.218925,1
6775,2021,36,27,11820.0,564,0.184,1,0.012903,0
6776,2023,12,46,3822.0,682,0.0873,1,0.148766,0
6777,2022,48,46,2723.0,676,0.0773,2,0.065852,0
6778,2022,36,41,3826.0,718,0.191,1,0.283484,0
6779,2023,60,46,5242.0,684,0.3688,4,0.096201,0
6780,2021,48,36,6934.0,642,0.1499,2,0.057847,0
6781,2023,60,50,8131.0,568,0.4535,1,0.037655,0
6782,2022,36,38,2914.0,516,0.3654,4,0.009849,0
6783,2023,48,38,3055.0,637,0.3636,3,0.087575,0
6784,2021,24,35,4181.0,587,0.2348,1,0.027871,1
6785,2022,60,44,6921.0,595,0.3767,1,0.044489,0
6786,2023,12,33,2618.0,709,0.2084,2,0.272209,0
6787,2022,60,47,3628.0,729,0.0676,2,0.281174,0
6788,2023,12,26,3654.0,521,0.0282,1,0.004389,0
6789,2023,60,27,7870.0,603,0.2599,3,0.024362,0
6790,2023,36,44,6400.0,585,0.0975,2,0.020905,0
6791,2021,36,37,7722.0,645,0.5162,1,0.123154,0
6792,2021,24,33,9598.0,438,0.3164,1,0.001848,0
6793,2021,36,46,4218.0,503,0.117,1,0.003415,0
6794,2022,36,31,2714.0,610,0.153,2,0.026035,0
6795,2021,36,35,2723.0,682,0.4916,2,0.263147,0
6796,2023,24,51,1960.0,626,0.2717,1,0.096094,0
6797,2022,36,53,3907.0,673,0.7213,3,0.169192,0
6798,2023,24,53,4056.0,635,0.5864,2,0.073149,0
6799,2022,24,35,7286.0,722,0.1494,2,0.285946,1
6800,2022,60,50,4957.0,738,0.5658,3,0.481407,1
6801,2022,24,28,3846.0,559,0.3645,1,0.034152,0
6802,2021,36,28,4638.0,690,0.2661,2,0.212718,0
6803,2021,24,22,2923.0,660,0.1345,2,0.07231,0
6804,2021,12,54,8207.0,820,0.2734,1,0.770389,1
6805,2022,36,29,3318.0,556,0.3939,1,0.028161,0
6806,2022,48,36,2780.0,610,0.1094,4,0.014562,0
6807,2021,36,28,7398.0,537,0.416,3,0.008795,0
6808,2022,48,44,6549.0,542,0.1732,1,0.013901,0
6809,2022,24,34,2076.0,650,0.0427,2,0.038364,0
6810,2021,12,24,7536.0,636,0.2619,1,0.092552,0
6811,2022,48,42,3392.0,663,0.6577,1,0.272843,0
6812,2021,60,23,4076.0,661,0.0703,1,0.103638,0
6813,2022,24,29,5397.0,601,0.2775,4,0.02126,0
6814,2021,12,22,6590.0,600,0.1552,4,0.015862,0
6815,2021,36,23,6141.0,542,0.0369,1,0.009088,0
6816,2023,24,39,4794.0,563,0.4267,1,0.037027,0
6817,2022,60,22,3975.0,615,0.3288,3,0.058577,0
6818,2022,36,23,6040.0,635,0.2203,2,0.045652,0
6819,2022,48,37,4632.0,676,0.1509,1,0.154653,1
6820,2022,36,32,12121.0,668,0.5929,1,0.166541,1
6821,2022,36,57,6589.0,744,0.4271,1,0.322703,0
6822,2023,48,56,3097.0,542,0.178,2,0.007208,0
6823,2023,48,29,3871.0,601,0.4098,3,0.05497,0
6824,2021,12,43,5035.0,549,0.2036,1,0.015062,0
6825,2022,48,45,9412.0,722,0.2765,1,0.34529,0
6826,2021,36,32,9952.0,579,0.3874,1,0.034471,0
6827,2021,12,23,4032.0,712,0.0654,2,0.15162,1
6828,2021,60,37,3082.0,736,0.2891,1,0.528032,0
6829,2023,24,36,2891.0,653,0.2998,2,0.088561,0
6830,2021,60,33,5576.0,643,0.388,2,0.122044,0
6831,2022,24,42,15551.0,623,0.2468,1,0.029085,0
6832,2021,48,30,6435.0,594,0.0874,1,0.018528,0
6833,2021,12,26,2215.0,585,0.3345,4,0.027,0
6834,2021,24,39,3419.0,608,0.5739,1,0.089321,0
6835,2021,12,41,3598.0,765,0.2052,2,0.60541,1
6836,2023,12,26,3258.0,536,0.154,1,0.014844,0
6837,2023,36,47,4048.0,636,0.1572,1,0.029403,0
6838,2021,36,22,5912.0,676,0.4406,1,0.517404,0
6839,2023,60,32,6912.0,597,0.1352,1,0.021703,0
6840,2023,36,35,8484.0,653,0.0766,1,0.088376,0
6841,2021,12,31,6388.0,499,0.506,2,0.007614,0
6842,2022,48,32,1850.0,726,0.1613,2,0.367387,1
6843,2021,12,56,2897.0,710,0.169,2,0.138696,1
6844,2023,36,29,4541.0,612,0.3583,1,0.135496,1
6845,2021,24,62,5290.0,549,0.2688,3,0.004984,0
6846,2022,36,42,7561.0,683,0.1167,3,0.092992,0
6847,2021,24,38,5022.0,528,0.4354,1,0.010175,0
6848,2021,60,42,5041.0,539,0.2363,4,0.00545,0
6849,2021,24,63,5535.0,615,0.2961,1,0.035852,0
6850,2021,36,28,4326.0,741,0.5121,1,0.620734,0
6851,2023,36,26,5133.0,671,0.2016,3,0.10307,0
6852,2023,48,30,8629.0,568,0.3362,3,0.014286,0
6853,2023,48,38,4713.0,485,0.4755,1,0.008309,0
6854,2023,60,22,4841.0,623,0.4696,2,0.100391,0
6855,2022,48,38,4833.0,640,0.1684,1,0.073432,0
6856,2022,48,54,9404.0,614,0.2776,2,0.017379,0
6857,2022,36,39,2824.0,764,0.3754,4,0.525768,1
6858,2021,12,35,11943.0,609,0.1303,1,0.020043,0
6859,2023,12,31,2729.0,437,0.1921,1,0.0019,0
6860,2022,24,46,3544.0,587,0.2111,3,0.01941,0
6861,2023,24,29,7132.0,656,0.1254,4,0.03122,0
6862,2021,60,56,8227.0,650,0.3976,1,0.095433,0
6863,2022,24,57,2436.0,605,0.271,3,0.013426,0
6864,2023,36,40,2846.0,592,0.0562,2,0.023622,0
6865,2021,48,37,5647.0,460,0.2909,3,0.001214,0
6866,2022,12,48,15870.0,626,0.367,1,0.045536,0
6867,2022,36,48,9165.0,592,0.4464,4,0.028044,0
6868,2023,24,29,4341.0,639,0.2931,1,0.172669,0
6869,2022,24,32,1466.0,659,0.3189,3,0.10556,0
6870,2023,60,24,5120.0,719,0.3405,1,0.293633,0
6871,2022,36,42,5891.0,543,0.5684,1,0.030195,0
6872,2022,24,44,4059.0,516,0.1811,1,0.006702,0
6873,2021,48,24,3212.0,574,0.2275,3,0.014927,0
6874,2021,24,33,5322.0,561,0.4617,1,0.043329,0
6875,2022,24,24,3068.0,553,0.4167,2,0.031156,0
6876,2021,48,29,12534.0,735,0.0481,3,0.131108,0
6877,2022,24,43,10492.0,631,0.1662,1,0.038583,0
6878,2021,24,30,6829.0,777,0.0625,2,0.34189,1
6879,2021,24,34,5140.0,619,0.6185,1,0.120735,0
6880,2023,36,22,3533.0,526,0.5908,1,0.023747,0
6881,2022,36,39,4864.0,555,0.1886,1,0.020021,0
6882,2022,24,37,11155.0,701,0.2999,3,0.094677,0
6883,2022,24,30,7588.0,529,0.3924,3,0.00622,0
6884,2023,12,36,5442.0,664,0.2438,2,0.143376,0
6885,2022,24,39,7801.0,591,0.1116,2,0.017243,0
6886,2021,24,29,6456.0,545,0.5337,1,0.046549,0
6887,2023,60,23,5992.0,730,0.0384,2,0.372099,0
6888,2021,36,56,8025.0,572,0.1729,1,0.023417,0
6889,2023,24,31,6365.0,553,0.3562,1,0.02712,0
6890,2022,36,37,7550.0,613,0.7962,2,0.134972,0
6891,2021,60,48,5328.0,579,0.1238,2,0.009668,0
6892,2021,24,70,4328.0,797,0.5711,2,0.979547,1
6893,2023,36,25,3737.0,704,0.3183,1,0.475696,0
6894,2022,60,42,3520.0,572,0.0511,2,0.016646,0
6895,2023,24,30,2203.0,581,0.4264,1,0.06666,0
6896,2021,60,32,3115.0,458,0.0582,3,0.001364,0
6897,2021,12,30,3070.0,630,0.1416,1,0.084696,0
6898,2023,36,26,3814.0,560,0.1742,2,0.010422,0
6899,2022,60,37,10733.0,627,0.2921,3,0.029278,0
6900,2021,36,23,4542.0,462,0.4469,1,0.011417,0
6901,2022,36,47,5546.0,617,0.0347,2,0.019613,0
6902,2023,24,38,5634.0,755,0.3943,1,0.539191,1
6903,2021,24,42,10870.0,624,0.197,1,0.023391,0
6904,2021,24,33,3686.0,558,0.1123,1,0.02243,0
6905,2023,36,34,4397.0,618,0.1584,1,0.058543,0
6906,2022,24,40,4661.0,614,0.3658,3,0.051933,0
6907,2021,12,26,8676.0,795,0.4429,1,0.687954,1
6908,2021,24,34,9624.0,593,0.5288,4,0.021238,0
6909,2022,24,29,6231.0,523,0.2147,1,0.009361,0
6910,2023,36,29,9104.0,621,0.0999,3,0.025797,0
6911,2021,48,22,5371.0,635,0.1869,1,0.072649,0
6912,2021,36,51,4508.0,664,0.2885,3,0.080194,0
6913,2022,12,31,8861.0,680,0.3673,2,0.093788,0
6914,2023,36,49,6272.0,776,0.3135,2,0.541977,1
6915,2023,36,48,3402.0,572,0.0842,1,0.01784,0
6916,2021,12,25,8093.0,565,0.294,3,0.00941,0
6917,2022,24,27,4428.0,471,0.1296,2,0.002796,0
6918,2021,12,63,4165.0,672,0.4728,4,0.127343,0
6919,2021,36,55,7681.0,549,0.1525,1,0.00855,0
6920,2021,12,37,4701.0,691,0.2598,3,0.082732,0
6921,2022,12,40,5970.0,580,0.2393,3,0.018031,0
6922,2022,48,31,6843.0,758,0.0766,1,0.359301,0
6923,2021,48,42,3323.0,505,0.3593,2,0.003994,0
6924,2022,24,30,5958.0,701,0.0578,2,0.143058,0
6925,2021,36,22,9650.0,692,0.2837,1,0.220735,0
6926,2021,60,24,3047.0,662,0.5075,1,0.30529,0
6927,2022,24,38,6155.0,530,0.1966,3,0.004919,0
6928,2023,36,26,3246.0,662,0.4287,2,0.224735,0
6929,2023,36,37,8190.0,630,0.4173,1,0.112938,0
6930,2022,60,27,8151.0,473,0.3753,1,0.002399,0
6931,2023,48,30,4117.0,744,0.4075,3,0.495755,1
6932,2022,36,46,14836.0,592,0.0908,1,0.010091,0
6933,2021,36,40,8547.0,738,0.1232,1,0.240906,0
6934,2022,36,37,6999.0,614,0.1153,3,0.013667,0
6935,2022,24,46,6804.0,698,0.3942,2,0.298604,1
6936,2021,24,42,8038.0,551,0.1206,1,0.014441,0
6937,2022,36,52,2987.0,637,0.4321,1,0.108239,1
6938,2022,48,33,5417.0,631,0.1495,1,0.056383,0
6939,2021,48,33,5953.0,594,0.0884,1,0.018996,0
6940,2021,12,24,4024.0,550,0.2479,1,0.014607,0
6941,2022,24,33,6201.0,374,0.2106,3,0.001,0
6942,2022,48,47,9098.0,552,0.6053,2,0.026014,0
6943,2022,36,50,3980.0,676,0.426,3,0.159291,0
6944,2021,24,47,4783.0,508,0.3886,4,0.004287,0
6945,2023,48,22,3261.0,524,0.0993,2,0.015191,0
6946,2022,12,48,2011.0,505,0.3113,4,0.002773,0
6947,2022,24,22,7255.0,636,0.1464,1,0.058692,0
6948,2022,36,46,4852.0,548,0.2588,3,0.008033,0
6949,2022,60,34,5033.0,717,0.524,2,0.40376,0
6950,2023,36,45,3001.0,678,0.2759,2,0.159176,0
6951,2022,12,24,4479.0,636,0.5961,1,0.250466,0
6952,2022,60,49,8504.0,644,0.1288,1,0.044811,0
6953,2022,12,23,4917.0,558,0.5177,4,0.028249,0
6954,2022,36,31,4987.0,558,0.2174,2,0.009898,0
6955,2022,24,28,5452.0,676,0.3698,4,0.084412,0
6956,2021,36,22,2649.0,693,0.2861,1,0.372425,0
6957,2023,36,38,6717.0,676,0.3227,2,0.201607,0
6958,2023,36,56,2624.0,582,0.0635,1,0.021204,0
6959,2023,24,64,3072.0,588,0.2299,4,0.020161,0
6960,2021,36,38,2908.0,545,0.0545,3,0.004419,0
6961,2021,24,49,4502.0,681,0.2837,4,0.04852,0
6962,2021,48,40,4121.0,463,0.1449,1,0.003075,0
6963,2022,36,42,4912.0,443,0.1399,1,0.001,0
6964,2022,24,34,3126.0,459,0.2599,4,0.00154,0
6965,2023,24,39,8125.0,448,0.0936,1,0.002357,0
6966,2023,12,43,7458.0,728,0.105,2,0.176858,0
6967,2022,24,32,4506.0,682,0.3077,4,0.083675,0
6968,2021,36,37,3869.0,524,0.3998,1,0.012801,0
6969,2022,36,37,3679.0,611,0.1568,2,0.028857,0
6970,2023,36,46,4209.0,737,0.2928,2,0.297935,0
6971,2022,12,27,2440.0,660,0.1848,3,0.058791,0
6972,2021,36,37,3042.0,789,0.2914,3,0.677072,1
6973,2021,36,57,7556.0,610,0.1323,2,0.011964,0
6974,2022,24,49,5715.0,567,0.4749,3,0.025133,0
6975,2022,48,51,11127.0,533,0.0105,1,0.002023,0
6976,2023,60,38,4232.0,621,0.5015,2,0.097492,0
6977,2022,36,41,4102.0,694,0.3383,2,0.32984,1
6978,2022,24,48,4008.0,627,0.1101,3,0.033471,0
6979,2023,24,53,4190.0,591,0.0331,1,0.014888,0
6980,2021,24,22,3533.0,720,0.4613,1,0.466008,1
6981,2023,12,24,5628.0,662,0.3667,2,0.126249,0
6982,2021,12,51,4987.0,610,0.2855,1,0.054382,0
6983,2023,36,35,3809.0,558,0.1735,1,0.01351,0
6984,2022,12,31,9187.0,599,0.5598,2,0.058611,0
6985,2021,24,25,12686.0,657,0.1004,1,0.061539,0
6986,2022,36,32,8807.0,557,0.5244,2,0.027977,0
6987,2021,36,23,6497.0,521,0.4797,4,0.009754,0
6988,2023,60,58,7193.0,581,0.2353,4,0.01045,0
6989,2022,24,37,12434.0,616,0.0716,1,0.020942,1
6990,2022,36,37,7188.0,729,0.1753,1,0.263394,1
6991,2023,36,43,3668.0,527,0.4093,4,0.004895,0
6992,2021,36,47,5980.0,638,0.3694,1,0.106017,0
6993,2021,60,47,6722.0,597,0.4977,3,0.040311,0
6994,2021,36,48,2989.0,601,0.4691,4,0.043173,0
6995,2021,24,31,4262.0,743,0.2851,4,0.26881,1
6996,2022,12,35,8520.0,626,0.3532,2,0.034278,0
6997,2021,48,45,1975.0,546,0.3319,2,0.017824,0
6998,2021,24,32,2630.0,691,0.1537,2,0.192341,0
6999,2021,48,37,4500.0,685,0.2881,1,0.338354,0
7000,2022,36,41,5865.0,539,0.176,1,0.010709,0
7001,2021,36,45,2493.0,524,0.2257,1,0.00944,0
7002,2022,24,22,4613.0,652,0.5624,1,0.292311,0
7003,2023,60,45,8751.0,617,0.4618,1,0.114662,0
7004,2022,36,35,5086.0,582,0.4058,1,0.072351,0
7005,2023,24,45,7860.0,704,0.2778,2,0.165924,0
7006,2021,24,45,3655.0,572,0.4544,4,0.019317,0
7007,2022,36,54,3278.0,653,0.0865,2,0.131046,1
7008,2022,60,51,7513.0,713,0.0901,1,0.230679,0
7009,2021,60,51,5911.0,592,0.3047,4,0.01533,0
7010,2023,24,52,2717.0,473,0.3266,1,0.006852,0
7011,2023,60,40,3293.0,587,0.0295,2,0.009786,0
7012,2021,36,38,10746.0,635,0.1063,2,0.024095,0
7013,2021,24,46,3096.0,700,0.5895,1,0.383918,1
7014,2022,24,45,7841.0,578,0.1812,3,0.006968,0
7015,2021,60,34,3870.0,757,0.2399,1,0.550268,0
7016,2022,36,42,4907.0,516,0.0478,2,0.002247,0
7017,2022,36,37,5695.0,633,0.1086,1,0.042715,0
7018,2022,24,29,1719.0,600,0.66,1,0.086712,0
7019,2021,36,50,2365.0,727,0.3033,2,0.402227,1
7020,2023,36,38,5132.0,502,0.0826,1,0.003167,0
7021,2021,24,58,3422.0,654,0.1013,1,0.112518,0
7022,2022,24,22,8089.0,600,0.2695,1,0.046799,0
7023,2021,36,32,2202.0,742,0.1216,1,0.550247,1
7024,2023,24,38,6520.0,553,0.4416,2,0.01922,0
7025,2022,48,49,2470.0,653,0.5383,2,0.217261,0
7026,2023,24,41,4121.0,552,0.5106,2,0.027568,0
7027,2022,24,41,2887.0,635,0.3982,1,0.186559,0
7028,2021,48,26,12724.0,590,0.1269,1,0.023187,0
7029,2022,48,26,2516.0,589,0.0436,3,0.019152,0
7030,2021,12,41,4624.0,461,0.2908,3,0.002269,0
7031,2023,12,24,2073.0,653,0.2419,1,0.180984,0
7032,2021,12,32,10936.0,533,0.4321,2,0.006088,0
7033,2022,36,43,6007.0,530,0.3263,2,0.01193,0
7034,2021,12,28,5263.0,495,0.6649,2,0.020452,0
7035,2023,60,54,10272.0,535,0.3698,1,0.009165,0
7036,2022,36,50,5291.0,660,0.2196,2,0.053014,0
7037,2022,36,22,5485.0,656,0.0648,2,0.089971,0
7038,2021,24,28,5249.0,673,0.1302,3,0.049586,0
7039,2023,12,22,6515.0,537,0.2108,3,0.004491,0
7040,2021,24,30,3842.0,637,0.096,1,0.097931,0
7041,2022,24,45,4415.0,570,0.1083,4,0.008344,0
7042,2021,24,33,7370.0,696,0.3932,1,0.241985,1
7043,2021,36,42,5646.0,654,0.1183,2,0.077763,0
7044,2021,24,22,4642.0,567,0.2925,1,0.03668,0
7045,2021,48,45,2440.0,703,0.3547,2,0.429614,0
7046,2021,36,32,10394.0,660,0.2952,3,0.137367,1
7047,2022,36,38,3531.0,509,0.154,3,0.002819,0
7048,2023,60,37,8052.0,486,0.1083,1,0.00232,0
7049,2021,48,25,5366.0,512,0.2355,2,0.004328,0
7050,2022,36,26,2574.0,751,0.2455,1,0.640455,1
7051,2022,36,47,9192.0,538,0.5992,1,0.01979,0
7052,2022,36,41,5582.0,770,0.2842,3,0.376963,0
7053,2023,12,48,9582.0,534,0.2578,1,0.007238,0
7054,2021,24,41,4486.0,526,0.2505,2,0.006834,0
7055,2022,48,39,6989.0,690,0.4908,2,0.214258,0
7056,2023,36,22,2036.0,694,0.0613,2,0.146635,0
7057,2021,24,35,3827.0,664,0.2454,3,0.12864,1
7058,2021,36,37,2601.0,674,0.2375,2,0.211271,0
7059,2023,24,57,4075.0,555,0.3765,3,0.012992,0
7060,2022,24,44,6222.0,686,0.1632,4,0.095524,0
7061,2022,24,53,3633.0,639,0.5862,1,0.220666,0
7062,2021,48,43,7570.0,590,0.5068,1,0.040924,0
7063,2021,12,30,3203.0,627,0.0758,1,0.076976,0
7064,2023,48,39,7651.0,704,0.0735,1,0.204879,0
7065,2021,36,40,9460.0,651,0.0436,2,0.034614,0
7066,2022,36,28,8158.0,447,0.166,4,0.001,0
7067,2023,48,34,4138.0,691,0.2828,3,0.099524,0
7068,2022,60,35,1698.0,685,0.4239,4,0.149404,0
7069,2022,12,54,6575.0,589,0.1358,2,0.008699,0
7070,2021,36,22,4616.0,629,0.5286,1,0.15329,0
7071,2022,36,50,3013.0,629,0.1396,1,0.069347,0
7072,2021,24,28,3721.0,461,0.2639,3,0.00308,0
7073,2022,60,24,10069.0,587,0.6648,2,0.050903,0
7074,2022,12,49,2783.0,590,0.197,2,0.023219,0
7075,2021,12,45,6211.0,607,0.5643,2,0.097351,0
7076,2022,36,50,5481.0,577,0.2953,4,0.007692,0
7077,2021,36,46,4111.0,673,0.494,2,0.223595,0
7078,2023,36,58,6784.0,555,0.0702,3,0.003082,0
7079,2023,24,43,11116.0,692,0.4851,1,0.195021,1
7080,2021,36,36,4239.0,669,0.2061,2,0.096646,0
7081,2021,24,41,4352.0,728,0.4747,3,0.299727,1
7082,2022,12,50,6708.0,758,0.083,3,0.226311,0
7083,2021,24,30,7779.0,759,0.3269,2,0.575896,0
7084,2023,36,31,4611.0,525,0.3238,3,0.006355,0
7085,2021,48,34,4219.0,647,0.045,1,0.052477,0
7086,2021,36,22,1622.0,562,0.2104,3,0.009988,0
7087,2021,48,39,3331.0,850,0.1139,3,0.772666,1
7088,2021,36,22,2780.0,669,0.3289,3,0.194201,1
7089,2022,24,38,6921.0,733,0.4666,2,0.385002,1
7090,2021,60,46,4351.0,654,0.3239,1,0.075823,0
7091,2022,36,33,4266.0,409,0.3464,3,0.001,0
7092,2022,48,54,4893.0,557,0.253,1,0.012897,0
7093,2022,48,23,3181.0,565,0.2484,4,0.009854,0
7094,2021,48,49,10685.0,588,0.2596,2,0.026522,0
7095,2021,36,44,9406.0,648,0.1241,1,0.06543,0
7096,2022,48,22,11037.0,660,0.2478,1,0.113714,0
7097,2021,24,65,6917.0,409,0.5919,2,0.001672,0
7098,2022,36,37,4843.0,601,0.1627,4,0.015327,0
7099,2022,24,29,11019.0,581,0.4952,1,0.032352,0
7100,2022,24,23,3496.0,730,0.3137,1,0.495771,1
7101,2021,24,35,3179.0,667,0.3136,2,0.126408,0
7102,2023,36,36,3638.0,605,0.2929,2,0.045832,0
7103,2021,36,39,6383.0,637,0.2958,3,0.05879,0
7104,2023,36,35,3357.0,485,0.1778,3,0.002672,0
7105,2021,24,44,4547.0,672,0.3459,2,0.089631,0
7106,2021,60,34,2206.0,588,0.2217,1,0.038871,0
7107,2022,36,22,6251.0,555,0.1842,2,0.019107,0
7108,2023,36,36,2302.0,725,0.197,1,0.471126,0
7109,2021,24,22,3084.0,641,0.3363,1,0.123681,0
7110,2022,36,41,9032.0,566,0.3342,2,0.027229,0
7111,2023,36,28,8868.0,571,0.473,2,0.026591,0
7112,2022,48,39,5926.0,649,0.2878,3,0.067695,0
7113,2022,12,51,5641.0,643,0.1687,1,0.042018,0
7114,2021,24,28,3769.0,622,0.3072,4,0.041353,0
7115,2021,24,48,3339.0,523,0.1199,2,0.008355,0
7116,2023,48,33,4101.0,535,0.4825,3,0.014707,0
7117,2022,24,55,2306.0,560,0.145,2,0.014039,0
7118,2022,60,34,5576.0,604,0.211,1,0.047764,0
7119,2021,12,29,5036.0,616,0.2694,1,0.083285,0
7120,2021,12,44,3082.0,607,0.2799,3,0.034002,0
7121,2023,48,33,10768.0,610,0.4204,3,0.046658,1
7122,2022,24,29,6657.0,770,0.3046,1,0.889514,1
7123,2022,12,33,6946.0,687,0.2046,1,0.189103,1
7124,2023,60,37,3852.0,715,0.1605,1,0.347205,0
7125,2023,36,51,4912.0,657,0.4778,2,0.15728,0
7126,2021,36,22,6726.0,625,0.2628,1,0.061638,0
7127,2022,12,38,5305.0,652,0.3792,1,0.212869,0
7128,2022,12,44,10948.0,638,0.4311,3,0.068376,0
7129,2023,24,39,4439.0,684,0.1586,2,0.127137,0
7130,2022,24,51,3819.0,541,0.1143,3,0.005247,0
7131,2022,24,37,6749.0,677,0.5437,2,0.237845,1
7132,2022,36,36,2611.0,633,0.038,2,0.02808,0
7133,2023,12,43,7802.0,475,0.4566,1,0.003147,0
7134,2022,48,38,2565.0,626,0.4545,2,0.107095,0
7135,2022,36,34,6763.0,515,0.2342,2,0.00725,0
7136,2023,48,43,3554.0,577,0.2925,4,0.013964,0
7137,2023,48,31,6237.0,607,0.2547,2,0.026223,0
7138,2021,48,31,7736.0,499,0.033,2,0.003049,0
7139,2023,36,32,5307.0,615,0.265,4,0.026248,0
7140,2022,12,51,2698.0,625,0.1733,2,0.037575,0
7141,2022,36,22,3139.0,680,0.1994,1,0.165026,0
7142,2023,60,41,3414.0,583,0.446,1,0.099257,0
7143,2023,48,38,1905.0,641,0.5742,1,0.148481,0
7144,2023,24,22,8636.0,612,0.4982,2,0.054498,0
7145,2022,60,41,5193.0,586,0.3784,3,0.034313,0
7146,2023,48,42,2786.0,486,0.2607,1,0.004244,0
7147,2021,24,43,10177.0,611,0.2236,2,0.019426,0
7148,2021,60,22,3461.0,679,0.1894,2,0.135228,0
7149,2023,24,51,5571.0,545,0.0802,1,0.008826,0
7150,2023,24,30,3253.0,602,0.161,2,0.041376,0
7151,2021,24,44,1792.0,614,0.2067,3,0.02814,0
7152,2021,12,45,2484.0,708,0.0848,3,0.199977,0
7153,2022,60,29,3927.0,622,0.1677,1,0.049717,0
7154,2022,60,44,7701.0,643,0.4604,2,0.108177,0
7155,2022,24,34,5845.0,619,0.0975,3,0.018366,0
7156,2021,36,22,5272.0,580,0.2527,4,0.01575,0
7157,2023,60,49,1799.0,529,0.6714,3,0.022785,0
7158,2022,24,30,9275.0,597,0.3228,2,0.027526,0
7159,2023,12,29,5496.0,651,0.4143,1,0.193632,0
7160,2021,24,33,4630.0,629,0.0962,2,0.054917,0
7161,2023,24,40,8658.0,738,0.3167,1,0.333174,0
7162,2023,36,37,9171.0,695,0.2337,2,0.203501,0
7163,2022,36,43,8754.0,719,0.5691,1,0.406714,1
7164,2023,12,24,4344.0,457,0.6331,1,0.013284,0
7165,2022,24,30,2976.0,746,0.2669,3,0.392146,0
7166,2022,12,36,8058.0,641,0.2606,1,0.063068,0
7167,2022,36,56,2484.0,652,0.1288,1,0.092541,0
7168,2023,48,36,13012.0,691,0.3752,1,0.17192,0
7169,2022,60,48,4984.0,621,0.3031,1,0.058252,0
7170,2022,48,38,2892.0,534,0.5354,1,0.040148,0
7171,2022,36,33,2655.0,735,0.2169,4,0.321973,0
7172,2021,24,35,2595.0,558,0.0384,2,0.006161,0
7173,2022,36,36,5272.0,541,0.2651,3,0.008811,0
7174,2022,24,44,4899.0,601,0.313,1,0.056992,0
7175,2021,24,51,2649.0,589,0.1616,1,0.027178,0
7176,2022,24,41,4112.0,620,0.2591,1,0.068389,0
7177,2023,60,49,2480.0,612,0.1687,2,0.054081,0
7178,2022,36,28,6599.0,727,0.1167,2,0.1566,0
7179,2021,36,33,4782.0,656,0.459,1,0.184468,0
7180,2022,36,30,4068.0,551,0.1505,1,0.014733,0
7181,2021,24,41,2581.0,562,0.1678,2,0.016283,0
7182,2023,36,34,4230.0,588,0.1103,1,0.027527,0
7183,2022,60,45,3994.0,589,0.348,1,0.054304,0
7184,2022,48,28,5761.0,578,0.4016,1,0.048705,0
7185,2022,12,38,5343.0,531,0.228,3,0.005154,0
7186,2022,12,44,7303.0,643,0.3423,3,0.072709,0
7187,2022,12,22,3857.0,583,0.3801,1,0.050542,0
7188,2021,48,59,1939.0,543,0.2519,1,0.022326,0
7189,2022,12,35,8067.0,658,0.1669,1,0.061104,0
7190,2022,12,22,3078.0,687,0.2235,2,0.153536,0
7191,2021,36,39,2826.0,600,0.2467,1,0.026845,0
7192,2022,24,38,4810.0,762,0.1348,2,0.400512,1
7193,2023,48,37,5717.0,797,0.3435,1,0.804934,1
7194,2023,48,47,3769.0,659,0.3272,2,0.094987,0
7195,2021,24,45,3754.0,582,0.2002,1,0.02228,0
7196,2022,24,40,4042.0,641,0.4655,2,0.182963,0
7197,2021,36,42,9979.0,522,0.4458,4,0.005156,0
7198,2023,36,36,4908.0,550,0.4161,4,0.010112,0
7199,2023,24,55,3029.0,485,0.4987,2,0.004964,0
7200,2023,36,23,3045.0,569,0.0556,1,0.018431,0
7201,2021,36,39,4335.0,521,0.348,4,0.006388,0
7202,2022,24,38,5535.0,669,0.1676,2,0.10429,0
7203,2023,24,46,6260.0,560,0.1254,1,0.015681,0
7204,2022,60,29,5230.0,642,0.5494,1,0.185913,1
7205,2021,36,22,3226.0,679,0.2868,4,0.108422,0
7206,2021,24,39,3976.0,713,0.0783,4,0.110974,0
7207,2021,36,40,7094.0,591,0.1114,4,0.009911,0
7208,2023,48,52,2771.0,644,0.1086,2,0.046738,0
7209,2021,36,25,3894.0,647,0.2619,3,0.066354,0
7210,2021,12,49,6626.0,721,0.396,3,0.207504,0
7211,2023,12,61,7613.0,682,0.5487,2,0.141458,0
7212,2022,24,34,4463.0,724,0.0381,3,0.115103,0
7213,2023,24,25,4001.0,486,0.2006,2,0.002859,0
7214,2022,36,33,2538.0,566,0.1719,3,0.011522,0
7215,2023,36,38,6392.0,702,0.3684,4,0.121358,0
7216,2022,36,43,9503.0,666,0.2657,2,0.12787,0
7217,2021,12,32,17722.0,609,0.4867,4,0.011098,0
7218,2022,12,53,5962.0,582,0.365,2,0.023318,0
7219,2022,24,26,4791.0,683,0.3044,1,0.27083,0
7220,2023,48,22,3103.0,461,0.1923,2,0.002167,0
7221,2022,60,49,1921.0,683,0.1745,2,0.118625,0
7222,2023,60,22,5369.0,627,0.2593,1,0.041893,0
7223,2021,24,35,15917.0,580,0.1699,2,0.010799,0
7224,2022,36,69,9278.0,660,0.1684,1,0.078352,0
7225,2023,24,37,8589.0,589,0.1514,2,0.038464,0
7226,2023,36,26,5557.0,622,0.4427,1,0.112038,0
7227,2023,36,37,5883.0,616,0.3252,4,0.041473,0
7228,2021,12,37,1463.0,679,0.3074,1,0.320684,0
7229,2023,24,39,7196.0,632,0.4964,4,0.05142,0
7230,2023,36,44,3679.0,467,0.7212,4,0.002543,0
7231,2023,60,27,3460.0,508,0.4984,1,0.030126,0
7232,2023,12,54,4181.0,533,0.3313,1,0.014325,0
7233,2021,36,40,4111.0,656,0.3605,3,0.082643,0
7234,2022,36,45,3433.0,664,0.3029,1,0.177433,0
7235,2021,24,31,4949.0,753,0.2307,2,0.528885,1
7236,2021,12,50,3718.0,538,0.1246,1,0.012849,0
7237,2023,24,35,5168.0,724,0.2551,1,0.418249,0
7238,2022,12,40,2337.0,464,0.0945,1,0.002209,0
7239,2022,12,28,4416.0,621,0.0802,2,0.055006,0
7240,2022,36,28,2841.0,639,0.3965,3,0.098581,0
7241,2021,36,44,3566.0,639,0.1076,3,0.02653,0
7242,2022,24,33,5280.0,595,0.6188,2,0.080134,0
7243,2021,12,29,2204.0,629,0.7456,1,0.263381,0
7244,2022,12,31,3258.0,521,0.6137,2,0.01713,0
7245,2023,24,44,6532.0,689,0.2973,2,0.128228,0
7246,2023,36,31,2425.0,639,0.3376,2,0.077097,0
7247,2022,48,36,11955.0,648,0.252,1,0.093321,1
7248,2023,60,38,8975.0,597,0.2825,2,0.024414,0
7249,2023,24,22,3838.0,593,0.1165,2,0.035102,0
7250,2023,12,23,3316.0,661,0.5977,2,0.296517,0
7251,2023,36,41,5437.0,747,0.1218,2,0.385462,0
7252,2022,48,30,2383.0,508,0.238,2,0.008863,0
7253,2022,36,48,1806.0,504,0.1644,1,0.006825,0
7254,2023,60,47,3906.0,641,0.4816,1,0.084215,0
7255,2023,12,45,4596.0,593,0.2269,3,0.01309,0
7256,2021,48,56,5152.0,629,0.1362,2,0.028055,1
7257,2021,12,37,3614.0,618,0.2438,3,0.030837,0
7258,2022,36,44,9293.0,669,0.216,1,0.088268,0
7259,2023,24,32,2327.0,597,0.3392,4,0.026824,0
7260,2021,36,62,2782.0,523,0.0308,2,0.004142,0
7261,2022,60,57,6269.0,556,0.1178,4,0.002843,0
7262,2021,24,38,2750.0,607,0.4324,2,0.090421,0
7263,2022,24,41,2697.0,519,0.3224,1,0.013731,0
7264,2021,24,51,5227.0,617,0.3537,1,0.064787,0
7265,2021,36,36,2902.0,624,0.509,2,0.124214,1
7266,2022,36,31,4598.0,591,0.2177,2,0.045643,0
7267,2022,24,46,3464.0,636,0.1165,2,0.043212,0
7268,2022,36,38,3194.0,490,0.1351,4,0.00194,0
7269,2022,24,39,1718.0,543,0.387,2,0.012399,0
7270,2022,36,29,5270.0,528,0.3317,1,0.015929,0
7271,2023,36,22,2634.0,690,0.1207,1,0.204612,0
7272,2021,24,40,4518.0,804,0.5001,3,0.678614,1
7273,2022,36,47,3805.0,549,0.1958,1,0.013222,0
7274,2023,12,35,4433.0,601,0.0128,4,0.012045,0
7275,2021,60,52,4560.0,564,0.6927,3,0.034349,0
7276,2021,24,30,5414.0,637,0.2363,1,0.097803,0
7277,2022,24,27,3416.0,571,0.4068,4,0.009412,0
7278,2022,24,37,9149.0,642,0.2755,1,0.088138,0
7279,2021,12,37,1951.0,673,0.2494,2,0.193653,0
7280,2021,60,45,4388.0,522,0.3292,1,0.007161,0
7281,2022,36,30,7466.0,641,0.4906,4,0.085744,0
7282,2023,24,51,6238.0,476,0.5337,1,0.009177,0
7283,2022,48,57,3019.0,599,0.2689,3,0.025367,0
7284,2022,12,37,3281.0,594,0.2181,3,0.021802,0
7285,2022,12,50,2971.0,601,0.0154,1,0.026924,0
7286,2023,60,27,6632.0,595,0.3663,3,0.025505,0
7287,2023,48,48,3395.0,580,0.3796,1,0.039117,0
7288,2022,24,48,5583.0,598,0.2414,1,0.048515,0
7289,2023,48,46,5609.0,639,0.5073,4,0.091884,1
7290,2021,12,37,16062.0,641,0.3494,1,0.064762,0
7291,2021,12,22,5748.0,629,0.2011,1,0.044868,0
7292,2022,24,31,3276.0,574,0.1237,3,0.009334,0
7293,2023,48,31,2368.0,706,0.3154,1,0.332745,1
7294,2021,36,28,4282.0,742,0.2513,2,0.416358,1
7295,2021,48,39,4631.0,516,0.062,1,0.006466,0
7296,2021,24,33,1627.0,633,0.3664,3,0.183473,0
7297,2022,12,29,3439.0,582,0.2719,4,0.01826,0
7298,2023,36,27,5703.0,694,0.3805,1,0.312548,0
7299,2021,12,30,3766.0,618,0.2135,3,0.046413,0
7300,2021,36,49,7977.0,624,0.354,2,0.048382,0
7301,2021,36,31,2255.0,659,0.1522,2,0.151165,0
7302,2021,24,32,6894.0,596,0.2674,2,0.028759,0
7303,2022,36,33,7762.0,754,0.3129,3,0.245759,0
7304,2021,36,41,7929.0,660,0.417,3,0.102007,0
7305,2023,12,42,2246.0,694,0.4086,2,0.379235,0
7306,2023,36,22,5752.0,602,0.1575,1,0.047072,0
7307,2022,24,48,3518.0,610,0.2886,2,0.03987,0
7308,2022,60,52,2433.0,684,0.4434,3,0.35156,0
7309,2022,24,27,3996.0,676,0.0931,2,0.080487,0
7310,2023,24,28,3126.0,520,0.1903,1,0.010404,0
7311,2021,60,33,7788.0,630,0.2311,1,0.078166,0
7312,2023,36,30,6352.0,657,0.6668,4,0.14841,0
7313,2022,48,40,2762.0,609,0.1655,1,0.053606,0
7314,2022,60,22,3422.0,650,0.0702,2,0.06261,0
7315,2022,12,26,4063.0,612,0.1777,2,0.048619,0
7316,2023,12,53,4740.0,440,0.1585,1,0.001507,0
7317,2023,48,28,8129.0,515,0.524,1,0.014912,0
7318,2021,48,50,6942.0,697,0.1782,4,0.067083,0
7319,2021,12,41,5043.0,600,0.039,4,0.014217,0
7320,2023,60,22,4314.0,635,0.1232,1,0.054653,0
7321,2022,36,44,2025.0,619,0.3932,2,0.101624,0
7322,2022,12,36,9377.0,553,0.1364,2,0.01625,0
7323,2021,36,33,3930.0,582,0.154,1,0.03009,0
7324,2023,36,40,10694.0,646,0.0658,4,0.013701,0
7325,2021,36,42,5421.0,654,0.2926,1,0.143336,0
7326,2022,12,45,13530.0,795,0.3707,2,0.475788,1
7327,2021,12,49,6655.0,581,0.3229,3,0.02477,0
7328,2021,48,42,2402.0,753,0.0957,3,0.344763,0
7329,2023,48,24,3615.0,551,0.1715,1,0.021234,0
7330,2022,36,33,4516.0,659,0.1716,1,0.095582,0
7331,2022,24,67,3175.0,634,0.4533,1,0.12234,0
7332,2021,12,45,4070.0,609,0.1704,1,0.047013,0
7333,2022,36,61,2481.0,619,0.2663,2,0.051288,0
7334,2021,24,51,4929.0,570,0.595,2,0.051397,0
7335,2021,36,40,5534.0,692,0.0579,1,0.22515,0
7336,2023,24,41,2975.0,552,0.2213,1,0.016478,0
7337,2021,60,37,12967.0,645,0.2205,2,0.027966,0
7338,2021,12,22,5073.0,680,0.4171,1,0.242925,0
7339,2022,48,38,3267.0,730,0.2167,2,0.26659,0
7340,2023,36,50,2176.0,697,0.5235,1,0.531138,0
7341,2021,36,32,5064.0,665,0.1795,2,0.061458,0
7342,2023,36,42,4315.0,568,0.2483,1,0.029762,0
7343,2021,12,46,7270.0,557,0.1415,1,0.00778,0
7344,2022,48,28,4575.0,528,0.1298,1,0.009742,0
7345,2021,12,33,2706.0,521,0.1082,2,0.00568,0
7346,2021,24,27,11332.0,619,0.0285,2,0.012347,0
7347,2021,36,29,6111.0,561,0.6093,3,0.039107,0
7348,2023,36,25,4328.0,715,0.5313,3,0.275987,0
7349,2021,12,28,5336.0,573,0.3841,1,0.039025,0
7350,2023,60,52,6229.0,627,0.1578,2,0.063058,0
7351,2022,24,28,2406.0,598,0.1525,1,0.041729,0
7352,2021,36,39,5318.0,507,0.2881,2,0.007028,0
7353,2022,36,32,3924.0,707,0.2984,3,0.192355,0
7354,2022,48,49,6334.0,675,0.3752,3,0.066267,0
7355,2021,24,51,3394.0,684,0.6928,1,0.554893,1
7356,2021,48,46,3632.0,667,0.3703,2,0.15899,0
7357,2021,48,41,11287.0,559,0.0251,3,0.003698,0
7358,2021,24,35,9095.0,560,0.5953,1,0.024786,0
7359,2023,24,26,946.0,656,0.2541,1,0.187363,1
7360,2021,60,57,8764.0,743,0.1942,1,0.29751,1
7361,2021,36,30,4737.0,650,0.5161,1,0.193412,0
7362,2023,60,44,3449.0,698,0.1508,1,0.264875,0
7363,2023,36,48,2970.0,577,0.0945,1,0.0227,0
7364,2023,24,32,3058.0,707,0.1219,1,0.274886,0
7365,2023,36,48,3498.0,586,0.2011,3,0.014871,0
7366,2022,36,45,2797.0,639,0.3878,1,0.144592,1
7367,2022,12,55,2497.0,590,0.1125,4,0.011119,0
7368,2023,48,33,2921.0,691,0.0565,1,0.159673,1
7369,2021,60,25,5777.0,692,0.1308,3,0.095426,0
7370,2022,60,32,5039.0,501,0.1031,1,0.006992,0
7371,2023,36,40,6489.0,726,0.3395,1,0.325208,0
7372,2021,24,38,4754.0,810,0.1297,4,0.391743,1
7373,2021,36,34,2557.0,591,0.1873,2,0.035754,0
7374,2023,48,22,6293.0,609,0.073,1,0.032548,0
7375,2022,12,42,2974.0,719,0.2021,2,0.259724,1
7376,2022,48,57,6791.0,625,0.2183,3,0.017173,0
7377,2021,36,42,2744.0,619,0.2728,4,0.034457,0
7378,2023,36,44,3485.0,771,0.3764,4,0.537931,0
7379,2021,36,43,4102.0,511,0.4416,2,0.007141,0
7380,2021,36,41,6886.0,556,0.4506,1,0.021636,0
7381,2022,60,47,5367.0,653,0.1897,1,0.085635,0
7382,2021,48,41,4964.0,490,0.2963,1,0.009365,0
7383,2022,36,34,12617.0,590,0.4161,1,0.029087,0
7384,2022,48,30,1962.0,589,0.179,1,0.077685,0
7385,2022,24,35,2924.0,696,0.3683,1,0.348793,1
7386,2022,24,41,2862.0,675,0.354,1,0.158152,0
7387,2022,24,34,2028.0,485,0.4642,2,0.009906,0
7388,2021,36,41,3430.0,564,0.3989,1,0.043962,0
7389,2021,60,42,6932.0,564,0.4488,3,0.02643,0
7390,2022,24,46,3656.0,602,0.2726,4,0.021611,0
7391,2023,36,50,4161.0,532,0.3246,2,0.01312,1
7392,2022,24,38,2077.0,656,0.475,1,0.276248,0
7393,2021,24,24,3300.0,564,0.4243,4,0.015204,0
7394,2022,48,34,3902.0,667,0.1808,2,0.077531,0
7395,2021,36,38,6776.0,619,0.1587,2,0.016958,0
7396,2023,48,22,2127.0,542,0.055,2,0.013554,1
7397,2021,36,51,3915.0,731,0.5152,1,0.467423,1
7398,2021,36,39,8463.0,733,0.321,3,0.393977,0
7399,2022,24,41,3934.0,643,0.4272,2,0.155356,0
7400,2022,24,51,1707.0,600,0.3159,1,0.104447,0
7401,2023,36,31,9317.0,535,0.5088,1,0.021118,0
7402,2023,48,43,7097.0,705,0.0749,1,0.184779,0
7403,2021,36,36,7591.0,685,0.2194,4,0.079768,0
7404,2023,12,36,2055.0,554,0.2063,2,0.010045,0
7405,2021,48,30,10470.0,565,0.0846,4,0.002635,0
7406,2022,12,54,3339.0,656,0.1961,1,0.078341,0
7407,2021,24,34,3810.0,525,0.0648,4,0.003013,0
7408,2023,24,44,3459.0,569,0.2949,4,0.012914,0
7409,2023,60,22,7891.0,536,0.2093,3,0.005748,0
7410,2021,48,49,4492.0,539,0.1032,3,0.007957,0
7411,2021,60,48,6253.0,562,0.1794,1,0.013936,0
7412,2022,60,38,5105.0,692,0.1683,1,0.16694,1
7413,2023,24,35,4687.0,479,0.3184,1,0.006142,0
7414,2022,24,42,3061.0,654,0.2274,4,0.062981,0
7415,2022,36,60,12162.0,640,0.2207,2,0.04076,0
7416,2021,12,22,2364.0,697,0.1152,2,0.174996,0
7417,2023,36,45,6040.0,640,0.1829,1,0.049177,0
7418,2023,36,28,5933.0,589,0.2091,1,0.045025,0
7419,2021,60,37,8753.0,554,0.0922,2,0.006744,0
7420,2021,36,35,9838.0,699,0.4438,1,0.313571,0
7421,2021,48,33,4588.0,659,0.2163,3,0.131393,0
7422,2022,12,37,6407.0,580,0.4628,2,0.024113,0
7423,2022,36,26,11878.0,692,0.129,2,0.07064,0
7424,2021,48,48,4757.0,584,0.158,2,0.017994,0
7425,2022,12,22,2884.0,619,0.2023,4,0.03506,0
7426,2022,12,43,4055.0,571,0.3096,1,0.021963,0
7427,2022,48,34,2560.0,662,0.377,3,0.101271,0
7428,2022,12,26,5919.0,540,0.3872,1,0.018745,0
7429,2022,24,40,8368.0,596,0.1855,2,0.026181,0
7430,2022,36,22,4626.0,567,0.1843,4,0.009794,0
7431,2022,24,38,2185.0,641,0.3021,1,0.109611,1
7432,2022,36,23,8191.0,651,0.2009,4,0.051376,0
7433,2023,24,42,2022.0,531,0.3331,1,0.011751,0
7434,2021,60,28,2269.0,652,0.2049,4,0.08102,0
7435,2023,12,33,4495.0,501,0.1244,1,0.005563,0
7436,2023,24,40,5574.0,795,0.0666,1,0.693309,1
7437,2022,24,30,6070.0,579,0.5021,2,0.042201,0
7438,2022,24,37,4755.0,703,0.4154,3,0.145256,0
7439,2021,36,22,11849.0,636,0.2245,1,0.040838,0
7440,2022,36,44,5078.0,639,0.1325,4,0.032012,0
7441,2023,24,55,8245.0,526,0.1859,1,0.003746,0
7442,2023,36,65,7284.0,687,0.1017,3,0.060835,0
7443,2021,24,38,2575.0,623,0.2926,3,0.046165,0
7444,2021,48,45,4515.0,657,0.353,3,0.102171,0
7445,2021,24,22,14209.0,612,0.3378,3,0.018413,0
7446,2021,12,53,3819.0,630,0.0885,1,0.064994,0
7447,2023,48,45,3508.0,549,0.291,4,0.007142,0
7448,2022,24,33,5352.0,607,0.3407,2,0.050725,0
7449,2023,24,50,3888.0,586,0.3493,1,0.042414,0
7450,2021,36,35,3305.0,563,0.4082,1,0.025633,0
7451,2022,12,33,3860.0,630,0.0305,2,0.045321,0
7452,2023,36,42,10057.0,649,0.269,1,0.075984,0
7453,2021,36,27,4590.0,640,0.1336,1,0.086621,0
7454,2022,24,48,2530.0,611,0.1339,2,0.028641,0
7455,2022,36,27,2308.0,652,0.1458,1,0.097376,0
7456,2021,24,27,14815.0,639,0.2995,3,0.035075,0
7457,2021,24,28,4395.0,627,0.3429,1,0.122779,0
7458,2022,12,45,6108.0,633,0.045,2,0.023395,0
7459,2022,24,31,3342.0,714,0.0623,2,0.242411,0
7460,2021,24,24,5770.0,523,0.4122,2,0.012058,0
7461,2022,48,31,10195.0,594,0.0129,1,0.00965,0
7462,2023,12,37,3547.0,647,0.1079,3,0.028482,0
7463,2023,36,26,6181.0,493,0.2342,2,0.005403,0
7464,2022,48,26,2434.0,730,0.3627,3,0.337659,0
7465,2023,24,59,13513.0,640,0.2706,3,0.025275,0
7466,2021,24,29,5621.0,696,0.2967,3,0.176878,0
7467,2021,36,34,3998.0,709,0.2629,3,0.196439,1
7468,2023,24,34,4235.0,652,0.4552,3,0.181753,0
7469,2022,24,33,3808.0,441,0.2742,1,0.001662,0
7470,2021,36,44,3907.0,631,0.3393,1,0.073858,0
7471,2022,36,47,1446.0,636,0.3105,3,0.080776,1
7472,2022,12,34,4680.0,533,0.5191,1,0.028336,0
7473,2021,60,25,4583.0,476,0.2255,2,0.003391,0
7474,2021,36,50,6275.0,656,0.2382,1,0.100899,0
7475,2022,48,37,3784.0,520,0.5592,1,0.023444,0
7476,2022,24,55,3343.0,784,0.1665,2,0.48116,0
7477,2021,24,22,4896.0,641,0.1482,1,0.131726,0
7478,2021,60,39,2195.0,728,0.4272,3,0.32052,1
7479,2022,36,57,5280.0,622,0.3803,1,0.041013,0
7480,2021,48,34,1937.0,680,0.4039,3,0.217208,0
7481,2021,48,35,8608.0,624,0.4146,2,0.071679,0
7482,2022,48,40,6920.0,700,0.3157,1,0.1546,0
7483,2022,36,32,3093.0,456,0.1677,1,0.001957,0
7484,2022,24,34,6840.0,691,0.1737,2,0.174207,1
7485,2021,60,34,5197.0,673,0.1672,1,0.100633,1
7486,2022,60,31,2968.0,607,0.1442,3,0.031316,0
7487,2022,48,50,1787.0,587,0.3095,1,0.0436,0
7488,2022,12,42,5757.0,596,0.456,2,0.047014,0
7489,2022,24,40,3304.0,642,0.5194,1,0.224713,1
7490,2021,24,46,8497.0,717,0.228,1,0.212943,0
7491,2021,12,35,4949.0,577,0.0761,1,0.028307,0
7492,2022,12,30,3464.0,483,0.3729,4,0.00237,0
7493,2022,48,31,12075.0,818,0.3547,3,0.688946,0
7494,2021,12,38,6557.0,673,0.1967,1,0.124597,0
7495,2023,12,27,790.0,588,0.3221,2,0.05701,0
7496,2023,48,32,3854.0,715,0.3571,1,0.301739,0
7497,2023,36,32,2460.0,694,0.3146,3,0.314418,1
7498,2023,36,59,3295.0,659,0.4702,1,0.220502,0
7499,2022,48,22,4572.0,581,0.5546,3,0.044045,0
7500,2023,36,36,5867.0,673,0.2778,1,0.138961,0
7501,2021,60,55,5601.0,707,0.5368,1,0.426081,1
7502,2022,60,39,8425.0,482,0.4651,3,0.001814,0
7503,2021,24,45,6757.0,637,0.1764,1,0.068939,0
7504,2023,36,38,6551.0,643,0.2699,4,0.025748,0
7505,2021,24,31,5436.0,641,0.1692,1,0.06254,0
7506,2022,36,22,9353.0,623,0.4984,2,0.078702,0
7507,2023,24,40,4196.0,714,0.4452,1,0.172163,0
7508,2023,12,30,4251.0,603,0.2572,1,0.055747,0
7509,2022,12,29,1895.0,619,0.2372,3,0.094523,0
7510,2021,60,33,8334.0,645,0.1342,2,0.041497,0
7511,2022,36,55,4729.0,605,0.0703,1,0.02444,0
7512,2021,48,62,20000.0,509,0.1514,4,0.001,0
7513,2022,48,40,4013.0,637,0.3256,2,0.060508,0
7514,2022,24,33,5137.0,638,0.4623,3,0.121122,0
7515,2021,36,26,6459.0,590,0.45,4,0.031174,0
7516,2022,36,42,2833.0,609,0.2942,2,0.06048,0
7517,2023,60,55,5880.0,365,0.3028,2,0.001,0
7518,2021,36,35,5001.0,716,0.0892,2,0.168456,0
7519,2022,36,22,4222.0,692,0.4107,2,0.23705,0
7520,2023,12,44,8833.0,512,0.5083,1,0.011093,0
7521,2021,48,47,3128.0,565,0.5086,1,0.056569,0
7522,2021,48,22,5639.0,735,0.3122,1,0.421959,0
7523,2022,12,39,10171.0,527,0.3302,2,0.006366,0
7524,2022,36,42,3452.0,658,0.2015,2,0.120508,0
7525,2023,12,37,4237.0,580,0.4225,1,0.090922,0
7526,2022,24,30,15877.0,652,0.224,1,0.036906,0
7527,2023,24,48,6230.0,624,0.3653,2,0.068873,0
7528,2023,24,33,3816.0,597,0.1508,1,0.043929,0
7529,2022,36,23,7342.0,651,0.127,1,0.108065,0
7530,2021,24,22,3700.0,580,0.5967,1,0.08186,0
7531,2023,60,50,2247.0,477,0.2274,1,0.003226,0
7532,2022,48,44,9761.0,545,0.253,1,0.009941,0
7533,2021,12,38,2831.0,536,0.3688,1,0.018514,0
7534,2022,36,33,16745.0,491,0.2512,3,0.001331,0
7535,2021,24,32,3848.0,649,0.7629,3,0.251213,0
7536,2023,24,27,14280.0,606,0.2591,3,0.007821,0
7537,2021,36,33,2479.0,648,0.1024,4,0.047499,0
7538,2023,24,22,8207.0,661,0.1646,2,0.095267,0
7539,2023,24,30,6310.0,680,0.1302,1,0.202012,0
7540,2023,24,34,7472.0,652,0.3329,3,0.084933,0
7541,2021,24,44,7975.0,541,0.2135,2,0.007223,0
7542,2022,60,37,3832.0,666,0.3043,4,0.138012,0
7543,2022,36,45,2554.0,637,0.0934,1,0.066432,0
7544,2023,36,51,4791.0,795,0.1838,3,0.328404,0
7545,2023,36,48,5495.0,620,0.0496,3,0.025223,1
7546,2021,60,42,3882.0,650,0.3455,4,0.104591,0
7547,2023,60,38,5646.0,612,0.2308,4,0.018234,0
7548,2023,60,28,5795.0,623,0.6895,4,0.064191,0
7549,2021,24,45,3118.0,618,0.1274,4,0.028937,0
7550,2023,12,54,5988.0,585,0.2193,1,0.029572,0
7551,2023,48,41,4300.0,634,0.1113,2,0.05112,0
7552,2022,48,57,3463.0,669,0.6244,4,0.192568,0
7553,2022,24,22,7286.0,586,0.1831,1,0.020682,0
7554,2022,24,26,3333.0,686,0.2966,4,0.136123,0
7555,2021,12,46,3911.0,677,0.5719,3,0.138954,1
7556,2022,36,40,5095.0,549,0.2641,3,0.00666,0
7557,2021,36,51,9771.0,542,0.4438,3,0.006394,0
7558,2021,24,37,5412.0,655,0.2281,1,0.118353,0
7559,2022,36,29,6401.0,572,0.3293,1,0.023429,0
7560,2021,36,35,4235.0,536,0.4518,3,0.019079,0
7561,2023,12,22,4726.0,757,0.3662,1,0.644611,1
7562,2021,24,26,4796.0,542,0.0681,1,0.008689,0
7563,2022,36,47,5691.0,498,0.1947,1,0.004657,0
7564,2022,12,46,4239.0,557,0.5423,1,0.047055,0
7565,2022,48,41,9605.0,638,0.2037,1,0.05396,0
7566,2022,24,22,4078.0,625,0.1493,3,0.035318,0
7567,2022,24,34,2093.0,770,0.2854,3,0.549083,1
7568,2023,12,25,19368.0,558,0.066,2,0.002628,0
7569,2022,24,49,4173.0,638,0.1084,3,0.05725,0
7570,2021,36,32,9477.0,710,0.1969,2,0.137829,0
7571,2023,24,27,9921.0,567,0.4399,1,0.020145,0
7572,2021,24,38,7884.0,676,0.2336,4,0.041305,0
7573,2021,36,31,4451.0,473,0.1856,1,0.004625,0
7574,2023,24,52,5672.0,760,0.0658,1,0.315387,0
7575,2021,48,30,2599.0,699,0.6082,1,0.527961,0
7576,2021,24,24,13294.0,565,0.2463,3,0.005185,0
7577,2021,48,22,3210.0,686,0.3326,2,0.202384,1
7578,2022,24,37,4329.0,725,0.2005,1,0.391718,0
7579,2022,36,32,5164.0,516,0.2868,1,0.013539,0
7580,2021,24,23,4658.0,572,0.048,4,0.009373,0
7581,2021,12,49,3539.0,727,0.3617,3,0.250183,1
7582,2023,48,44,9869.0,625,0.1885,1,0.022865,0
7583,2023,60,37,7904.0,654,0.3529,1,0.107112,0
7584,2022,48,51,5773.0,625,0.5424,1,0.188504,0
7585,2022,24,44,4025.0,691,0.2672,1,0.235812,1
7586,2023,24,29,8368.0,661,0.2636,1,0.089816,0
7587,2021,24,27,3896.0,628,0.3973,3,0.046754,0
7588,2022,60,46,10777.0,451,0.4395,2,0.001243,0
7589,2023,60,41,5196.0,671,0.1322,1,0.10316,0
7590,2021,24,39,9090.0,678,0.0553,1,0.142593,0
7591,2023,12,29,4643.0,520,0.5063,1,0.010544,0
7592,2022,36,44,5094.0,526,0.1935,3,0.005627,0
7593,2021,12,30,9070.0,661,0.2865,3,0.057832,0
7594,2023,36,36,14720.0,635,0.6621,3,0.090222,0
7595,2021,12,52,10723.0,462,0.29,1,0.001645,0
7596,2023,24,31,7620.0,554,0.4665,3,0.022664,0
7597,2021,48,22,6599.0,645,0.4268,1,0.17465,0
7598,2022,48,27,3814.0,674,0.1979,1,0.315882,0
7599,2021,24,47,5697.0,573,0.1644,2,0.010547,0
7600,2021,36,40,3113.0,608,0.0524,3,0.019287,0
7601,2022,36,36,5931.0,549,0.2197,4,0.003196,0
7602,2023,36,32,6124.0,725,0.1715,4,0.165836,1
7603,2021,48,42,1844.0,633,0.1777,1,0.083755,0
7604,2021,36,29,5011.0,566,0.3178,2,0.028953,0
7605,2023,24,41,6048.0,527,0.6349,2,0.020229,0
7606,2022,24,30,4713.0,518,0.1532,3,0.00671,0
7607,2022,36,29,5878.0,764,0.4112,2,0.529232,0
7608,2021,48,31,2513.0,606,0.2639,1,0.076014,0
7609,2022,48,34,3334.0,588,0.2419,3,0.036661,0
7610,2022,36,37,8246.0,602,0.2168,3,0.036462,0
7611,2021,24,40,4916.0,569,0.2105,3,0.013721,0
7612,2022,36,22,5825.0,611,0.1015,3,0.027278,0
7613,2021,36,29,3740.0,622,0.1411,3,0.047632,0
7614,2021,24,34,4963.0,621,0.1291,2,0.063928,0
7615,2022,24,53,1555.0,518,0.4175,1,0.016856,0
7616,2022,36,27,7503.0,691,0.3608,1,0.25955,0
7617,2021,48,39,12136.0,575,0.2096,3,0.006516,0
7618,2021,48,52,2886.0,567,0.2674,3,0.012132,0
7619,2023,36,24,3071.0,563,0.3359,2,0.033178,0
7620,2021,36,41,6127.0,535,0.2421,2,0.005496,0
7621,2022,36,29,10270.0,641,0.514,2,0.117732,0
7622,2021,24,32,4910.0,691,0.3743,1,0.330464,1
7623,2022,36,29,2658.0,562,0.1528,1,0.018445,0
7624,2023,24,30,4428.0,472,0.1292,1,0.002039,0
7625,2022,36,65,2937.0,537,0.3586,2,0.02596,0
7626,2021,48,46,3518.0,584,0.1795,1,0.043177,0
7627,2021,36,49,4222.0,521,0.2431,1,0.006289,0
7628,2023,60,42,3088.0,572,0.6706,3,0.07268,0
7629,2022,36,22,3331.0,575,0.3434,1,0.057238,1
7630,2022,60,41,5101.0,618,0.2536,2,0.035096,0
7631,2021,48,48,5473.0,503,0.4082,1,0.0083,1
7632,2022,36,29,2412.0,666,0.4882,1,0.456709,0
7633,2022,60,47,5992.0,752,0.6197,1,0.71043,1
7634,2023,36,45,4060.0,734,0.328,1,0.450677,1
7635,2022,24,56,7045.0,573,0.4177,1,0.035954,0
7636,2021,24,33,7261.0,673,0.0551,2,0.074005,0
7637,2023,12,27,3743.0,664,0.1795,3,0.115639,0
7638,2022,24,34,6681.0,616,0.1679,4,0.014196,0
7639,2021,36,52,3234.0,634,0.0868,1,0.051345,0
7640,2022,24,22,9527.0,674,0.4877,3,0.141809,0
7641,2021,36,22,3296.0,690,0.5875,1,0.436614,0
7642,2022,24,38,5863.0,555,0.347,3,0.013252,0
7643,2022,36,33,4475.0,679,0.5337,2,0.254864,1
7644,2021,12,38,2956.0,753,0.3613,1,0.529004,0
7645,2021,12,47,7711.0,690,0.3487,1,0.255408,0
7646,2023,36,32,3615.0,742,0.592,1,0.666367,1
7647,2023,36,22,2101.0,413,0.1058,1,0.001317,0
7648,2021,36,58,1163.0,667,0.3845,3,0.07538,0
7649,2023,36,28,3173.0,641,0.5166,2,0.165169,0
7650,2023,24,27,9779.0,702,0.0794,3,0.085509,0
7651,2023,36,49,9218.0,529,0.0551,2,0.003357,0
7652,2021,24,34,3431.0,579,0.2372,2,0.029033,0
7653,2021,60,37,4076.0,692,0.4562,1,0.298815,0
7654,2021,12,42,3895.0,535,0.1323,2,0.013257,0
7655,2022,24,48,2523.0,639,0.2812,1,0.138512,0
7656,2021,36,34,3058.0,618,0.1683,2,0.081588,0
7657,2023,24,53,8027.0,604,0.3574,3,0.024433,0
7658,2021,36,22,6323.0,665,0.5338,2,0.185464,0
7659,2022,24,45,5634.0,530,0.3954,1,0.00822,0
7660,2022,24,29,2521.0,557,0.2614,4,0.011253,0
7661,2021,36,51,5169.0,608,0.0823,1,0.035791,0
7662,2022,60,39,1553.0,523,0.3383,2,0.009636,0
7663,2023,12,31,7491.0,718,0.2666,2,0.274365,0
7664,2021,36,44,5593.0,556,0.5532,2,0.018329,0
7665,2022,60,46,2508.0,682,0.4229,3,0.235539,0
7666,2022,48,44,11028.0,549,0.1988,1,0.010511,0
7667,2021,24,27,2002.0,676,0.3328,1,0.197369,0
7668,2022,24,33,6407.0,491,0.34,1,0.003536,0
7669,2021,48,37,6487.0,732,0.1209,3,0.115141,0
7670,2023,48,37,2644.0,710,0.1298,2,0.222409,0
7671,2021,60,45,4823.0,575,0.1833,1,0.022516,0
7672,2022,36,22,2168.0,553,0.3235,2,0.030215,0
7673,2022,48,41,1184.0,656,0.211,2,0.07713,0
7674,2022,60,35,2881.0,497,0.5495,2,0.011669,0
7675,2022,60,29,3611.0,622,0.076,3,0.024918,0
7676,2021,12,30,6783.0,555,0.1851,3,0.005622,0
7677,2021,24,35,5083.0,599,0.1658,1,0.026118,0
7678,2023,36,22,5150.0,568,0.1902,2,0.013673,0
7679,2022,48,30,2960.0,556,0.3219,3,0.019258,0
7680,2021,36,29,3771.0,756,0.5934,1,0.882439,0
7681,2021,12,43,3087.0,682,0.3263,1,0.343758,1
7682,2021,60,29,2664.0,501,0.4468,1,0.012777,0
7683,2021,24,35,3652.0,549,0.1853,1,0.017268,0
7684,2023,36,53,5101.0,688,0.3903,1,0.30704,0
7685,2021,48,47,3691.0,697,0.0776,2,0.161562,0
7686,2022,48,47,4181.0,509,0.2249,4,0.002336,0
7687,2023,12,33,6957.0,675,0.1611,3,0.081682,0
7688,2021,36,43,3826.0,641,0.0991,2,0.057123,0
7689,2022,24,35,2523.0,464,0.1147,2,0.001496,0
7690,2022,12,36,6514.0,587,0.4719,3,0.030553,0
7691,2023,36,42,5613.0,609,0.2318,1,0.044516,0
7692,2021,36,32,5793.0,623,0.1186,2,0.042417,0
7693,2022,48,52,6721.0,514,0.2056,2,0.003058,0
7694,2021,48,36,6175.0,558,0.6144,1,0.078936,0
7695,2021,12,44,4986.0,570,0.2947,2,0.012311,0
7696,2021,12,52,16248.0,577,0.4442,3,0.015381,0
7697,2022,24,48,2585.0,578,0.3402,1,0.034676,0
7698,2022,36,23,3666.0,609,0.0826,4,0.023336,0
7699,2023,12,42,7972.0,644,0.4702,3,0.052553,0
7700,2022,36,46,5278.0,761,0.2034,4,0.248223,0
7701,2021,36,46,7179.0,689,0.6505,1,0.310979,0
7702,2022,24,26,5350.0,725,0.2086,2,0.251513,0
7703,2022,12,31,9770.0,581,0.439,1,0.02402,0
7704,2021,12,47,2970.0,539,0.4541,1,0.047239,0
7705,2021,60,30,9616.0,684,0.3733,2,0.207583,0
7706,2022,36,35,8826.0,618,0.2009,4,0.013724,0
7707,2022,24,53,2683.0,678,0.1718,1,0.218452,0
7708,2023,24,37,6737.0,549,0.1525,1,0.022455,0
7709,2022,24,30,4810.0,671,0.3676,2,0.244586,0
7710,2021,60,29,3629.0,605,0.2037,3,0.04577,0
7711,2021,12,41,1912.0,583,0.3268,1,0.073312,0
7712,2021,24,24,2965.0,590,0.5299,2,0.104824,0
7713,2023,48,35,7003.0,659,0.532,1,0.295989,0
7714,2021,48,41,7383.0,681,0.4475,3,0.108483,0
7715,2023,36,50,4423.0,590,0.401,1,0.072809,0
7716,2021,36,44,7395.0,647,0.125,3,0.040037,0
7717,2022,36,30,7884.0,647,0.2159,3,0.073856,0
7718,2021,48,49,5310.0,679,0.4257,4,0.066419,0
7719,2021,12,35,3425.0,698,0.1822,2,0.162674,0
7720,2021,48,25,6127.0,764,0.4562,1,0.808887,1
7721,2021,24,36,6270.0,582,0.1403,3,0.019101,0
7722,2022,24,52,6884.0,736,0.4022,3,0.396448,0
7723,2023,48,39,7576.0,629,0.1806,3,0.02381,0
7724,2021,24,38,2487.0,532,0.1557,2,0.010396,0
7725,2022,36,54,3809.0,567,0.2622,2,0.016577,0
7726,2022,36,23,1902.0,657,0.2562,4,0.110741,0
7727,2022,60,25,7140.0,677,0.2906,1,0.162753,0
7728,2021,36,22,4420.0,538,0.2391,2,0.010299,0
7729,2022,24,41,6096.0,558,0.2938,2,0.010919,0
7730,2023,12,39,2350.0,577,0.8159,2,0.05831,0
7731,2021,36,53,9902.0,550,0.3634,1,0.010416,0
7732,2022,24,40,2705.0,469,0.4094,3,0.002685,0
7733,2023,12,33,7239.0,442,0.5759,1,0.002525,0
7734,2022,24,38,5213.0,589,0.4288,1,0.048266,0
7735,2022,12,39,4471.0,640,0.4124,1,0.246536,0
7736,2021,24,22,4294.0,672,0.4118,1,0.220495,0
7737,2021,60,65,3572.0,511,0.1523,1,0.00691,0
7738,2021,12,43,9392.0,512,0.1569,2,0.002931,0
7739,2022,36,40,4946.0,577,0.4901,1,0.056197,0
7740,2023,24,44,2606.0,620,0.2412,1,0.117082,0
7741,2021,12,45,4056.0,700,0.2268,4,0.059749,0
7742,2021,24,36,5240.0,677,0.7441,2,0.39993,0
7743,2021,24,31,7699.0,590,0.3032,2,0.018081,0
7744,2021,12,43,3633.0,648,0.2782,3,0.100024,0
7745,2021,36,41,3756.0,552,0.2605,2,0.01523,0
7746,2022,24,29,4973.0,625,0.103,1,0.040586,0
7747,2021,24,52,7606.0,615,0.6407,1,0.152044,0
7748,2021,24,40,2479.0,732,0.2996,3,0.399884,1
7749,2021,12,45,6328.0,659,0.0971,1,0.088932,0
7750,2022,36,51,3897.0,558,0.4159,1,0.05663,0
7751,2022,24,38,4179.0,559,0.2457,3,0.007785,0
7752,2023,12,41,13370.0,593,0.6398,3,0.023153,0
7753,2023,24,46,4455.0,494,0.1951,3,0.003917,0
7754,2022,36,30,7168.0,601,0.3035,2,0.048099,0
7755,2023,36,38,7041.0,608,0.0939,2,0.025653,0
7756,2022,36,39,2724.0,657,0.1464,2,0.085828,0
7757,2023,24,28,1953.0,668,0.2123,1,0.233839,1
7758,2021,48,61,7409.0,627,0.1131,2,0.062373,0
7759,2022,48,23,2859.0,489,0.3316,1,0.010795,0
7760,2021,24,25,2139.0,522,0.1038,4,0.004905,0
7761,2021,36,51,8210.0,571,0.2394,1,0.051325,0
7762,2021,48,45,2952.0,672,0.426,3,0.197585,1
7763,2022,24,27,3340.0,669,0.4293,4,0.154611,0
7764,2021,36,44,13190.0,600,0.4235,1,0.030246,0
7765,2022,36,52,2143.0,808,0.7171,2,0.785894,1
7766,2021,36,37,2622.0,744,0.0888,3,0.177007,1
7767,2023,24,63,3906.0,719,0.3047,2,0.290896,0
7768,2022,24,22,4358.0,676,0.5234,1,0.282171,0
7769,2023,24,44,3144.0,656,0.4997,1,0.215962,0
7770,2021,48,49,2754.0,650,0.123,1,0.102155,0
7771,2022,36,46,10457.0,475,0.4707,3,0.00224,0
7772,2022,36,35,5605.0,535,0.3315,2,0.014386,0
7773,2022,24,35,6585.0,602,0.1027,1,0.035992,0
7774,2021,36,42,4589.0,630,0.4485,3,0.052229,0
7775,2022,24,46,5680.0,610,0.0516,2,0.033728,0
7776,2022,36,44,7836.0,641,0.3213,3,0.05617,0
7777,2023,48,48,2986.0,451,0.2114,3,0.001,0
7778,2023,60,27,5611.0,660,0.3309,2,0.08585,0
7779,2022,12,35,6961.0,624,0.2618,1,0.063916,0
7780,2021,36,28,10640.0,605,0.474,2,0.06929,0
7781,2021,24,34,13016.0,694,0.1964,2,0.120239,1
7782,2022,48,48,5089.0,536,0.128,3,0.004786,0
7783,2022,24,39,8685.0,601,0.3662,1,0.043746,1
7784,2022,12,64,1293.0,642,0.0798,2,0.054863,0
7785,2022,36,39,10680.0,551,0.3513,3,0.008844,0
7786,2023,24,38,3419.0,459,0.0795,1,0.0019,0
7787,2022,24,39,4357.0,527,0.4649,2,0.008956,0
7788,2021,12,31,6128.0,614,0.2572,3,0.025444,0
7789,2022,36,37,4552.0,600,0.2635,2,0.03077,0
7790,2022,36,49,5422.0,618,0.0618,1,0.066619,0
7791,2023,36,39,10871.0,567,0.042,3,0.004973,0
7792,2023,24,30,4056.0,515,0.1373,1,0.006596,0
7793,2021,60,28,2854.0,630,0.243,2,0.048921,0
7794,2022,36,33,12170.0,606,0.573,1,0.09389,0
7795,2022,36,38,6396.0,671,0.1785,2,0.116349,0
7796,2021,36,49,12850.0,560,0.2599,3,0.00587,0
7797,2021,60,24,7569.0,458,0.2625,4,0.001072,0
7798,2023,12,34,2536.0,411,0.1458,1,0.001,0
7799,2021,48,39,6787.0,587,0.2275,2,0.021253,0
7800,2022,48,22,3005.0,630,0.2468,1,0.093682,0
7801,2023,36,29,4933.0,601,0.4853,2,0.077664,0
7802,2021,48,31,4732.0,574,0.4891,3,0.041302,0
7803,2023,36,30,2189.0,492,0.0646,2,0.001849,0
7804,2021,12,39,3273.0,468,0.0402,2,0.001611,0
7805,2022,36,36,14803.0,649,0.2969,2,0.061762,0
7806,2021,24,32,5537.0,601,0.1816,1,0.060864,1
7807,2022,48,42,4502.0,590,0.1887,2,0.018432,0
7808,2023,24,55,12167.0,496,0.6247,3,0.004159,0
7809,2022,48,54,4031.0,542,0.4294,1,0.024316,0
7810,2022,24,22,4695.0,623,0.2973,2,0.077624,0
7811,2023,48,43,8066.0,642,0.2768,1,0.057408,0
7812,2021,36,36,4022.0,606,0.3111,3,0.025905,0
7813,2021,36,39,3384.0,730,0.2861,1,0.301505,0
7814,2023,36,34,1593.0,573,0.5957,3,0.050717,0
7815,2021,24,39,3077.0,722,0.5503,1,0.594302,1
7816,2021,48,39,3062.0,637,0.0692,2,0.027809,0
7817,2022,24,32,5320.0,628,0.4612,3,0.071755,0
7818,2021,12,29,3622.0,694,0.2753,1,0.258278,0
7819,2022,36,33,14458.0,570,0.3249,2,0.014693,0
7820,2021,12,40,2896.0,593,0.1369,3,0.022209,0
7821,2022,60,43,9900.0,522,0.0037,2,0.002605,0
7822,2021,36,46,5486.0,694,0.1551,2,0.12158,0
7823,2021,24,33,7357.0,646,0.4941,2,0.133724,1
7824,2022,48,40,7137.0,707,0.481,3,0.226617,0
7825,2021,12,47,1621.0,636,0.1552,1,0.102375,1
7826,2022,12,49,4886.0,708,0.2541,2,0.256353,1
7827,2023,24,37,4311.0,560,0.2686,3,0.013065,0
7828,2021,24,35,2789.0,698,0.1745,1,0.172488,0
7829,2021,12,39,6185.0,588,0.0741,2,0.024188,0
7830,2023,24,26,11594.0,620,0.2304,1,0.031403,0
7831,2022,48,36,1291.0,678,0.5182,1,0.407929,0
7832,2022,36,45,3762.0,806,0.0823,1,0.879785,1
7833,2023,36,44,2636.0,685,0.1092,3,0.111122,1
7834,2023,24,35,5094.0,693,0.1085,2,0.130565,0
7835,2021,36,40,4176.0,576,0.2372,1,0.029794,0
7836,2023,24,29,3631.0,632,0.4955,1,0.134568,0
7837,2022,24,45,6938.0,612,0.2792,3,0.014422,0
7838,2022,24,37,11138.0,732,0.5184,3,0.215741,0
7839,2022,36,35,18595.0,608,0.0978,2,0.013082,0
7840,2022,36,34,3395.0,726,0.2252,1,0.296499,1
7841,2021,24,37,1977.0,515,0.2125,4,0.003346,0
7842,2023,48,33,6500.0,731,0.3075,1,0.444475,1
7843,2022,36,44,10996.0,551,0.1708,4,0.003821,0
7844,2022,36,34,7382.0,688,0.3173,1,0.231571,0
7845,2022,24,53,10973.0,550,0.4486,3,0.006642,0
7846,2021,24,52,4391.0,669,0.2932,2,0.143534,0
7847,2021,24,29,3624.0,542,0.1171,4,0.004597,0
7848,2022,24,38,5207.0,702,0.0406,1,0.228796,0
7849,2023,60,31,4166.0,687,0.2582,4,0.074375,0
7850,2022,36,34,6847.0,571,0.2442,1,0.02867,0
7851,2022,60,58,7982.0,666,0.2669,1,0.112389,0
7852,2022,36,34,8300.0,695,0.1591,2,0.110655,0
7853,2023,12,41,6344.0,546,0.6423,2,0.034459,1
7854,2021,24,43,5558.0,537,0.2532,1,0.00783,0
7855,2023,36,27,7312.0,534,0.6152,2,0.017675,0
7856,2021,60,29,1842.0,522,0.0179,4,0.003881,0
7857,2022,48,25,5460.0,533,0.4201,3,0.007515,0
7858,2021,36,29,5045.0,693,0.4081,3,0.269744,1
7859,2021,12,22,5467.0,664,0.1421,3,0.055382,1
7860,2023,60,43,4704.0,484,0.728,1,0.018323,0
7861,2023,24,58,6099.0,579,0.68,3,0.021217,0
7862,2021,48,39,3687.0,527,0.1866,3,0.005413,0
7863,2022,24,23,8645.0,688,0.1395,1,0.184245,0
7864,2021,36,31,6228.0,584,0.3629,2,0.051342,0
7865,2021,12,33,5299.0,496,0.1704,2,0.003227,0
7866,2022,36,27,3468.0,633,0.349,1,0.090572,0
7867,2021,24,46,7388.0,668,0.2142,2,0.059574,0
7868,2021,12,46,5450.0,543,0.0896,1,0.011373,0
7869,2022,24,26,3369.0,598,0.5764,2,0.180954,0
7870,2021,36,45,4777.0,547,0.1661,1,0.009903,0
7871,2021,36,53,6731.0,719,0.3137,2,0.306316,0
7872,2022,36,57,6476.0,585,0.1124,2,0.011345,0
7873,2022,24,66,6270.0,562,0.2978,2,0.014976,0
7874,2022,36,28,5147.0,615,0.0605,1,0.033777,0
7875,2022,36,66,8208.0,603,0.3548,2,0.019569,0
7876,2022,60,34,9126.0,675,0.349,2,0.177309,1
7877,2022,36,32,7106.0,717,0.3381,2,0.239201,0
7878,2023,36,41,3664.0,717,0.3939,2,0.362253,0
7879,2021,48,32,2896.0,589,0.1806,1,0.039071,0
7880,2022,12,41,3744.0,644,0.4427,4,0.078447,0
7881,2022,60,24,13054.0,739,0.6095,1,0.59808,1
7882,2021,36,35,5658.0,742,0.3034,3,0.317997,1
7883,2021,24,50,14232.0,549,0.1801,1,0.005424,0
7884,2021,36,37,4628.0,667,0.1976,4,0.068468,0
7885,2022,24,39,4318.0,653,0.2913,2,0.099695,0
7886,2023,60,42,4736.0,694,0.1686,3,0.15941,0
7887,2021,24,49,4693.0,719,0.355,1,0.421773,1
7888,2021,24,22,3338.0,536,0.1576,3,0.010452,0
7889,2021,12,43,2767.0,564,0.2582,4,0.016301,0
7890,2023,48,35,6315.0,692,0.15,2,0.129711,0
7891,2021,36,39,8329.0,631,0.1112,3,0.016118,0
7892,2023,36,48,16689.0,441,0.1946,2,0.001,0
7893,2023,36,26,3957.0,486,0.0519,1,0.003792,0
7894,2022,60,27,4120.0,673,0.2097,4,0.151124,0
7895,2021,60,22,3342.0,687,0.2986,3,0.11578,0
7896,2023,36,32,8629.0,512,0.3576,3,0.008253,0
7897,2023,48,51,7387.0,707,0.2195,1,0.252867,1
7898,2021,60,36,3170.0,604,0.2934,2,0.035322,0
7899,2021,12,24,3130.0,538,0.2,1,0.014446,0
7900,2021,36,33,7913.0,575,0.4259,1,0.027417,0
7901,2023,12,23,5953.0,522,0.3967,1,0.021694,0
7902,2022,48,26,7181.0,570,0.34,3,0.02092,0
7903,2021,24,41,3161.0,470,0.0215,1,0.001809,0
7904,2021,24,26,1922.0,614,0.3206,3,0.053148,0
7905,2021,36,49,3173.0,666,0.124,2,0.10929,0
7906,2023,60,37,6932.0,512,0.2427,2,0.004534,0
7907,2021,12,38,14123.0,621,0.1257,2,0.018143,0
7908,2021,48,35,3965.0,555,0.1362,2,0.011728,0
7909,2023,36,45,15336.0,673,0.3149,3,0.056573,0
7910,2021,12,45,7442.0,434,0.5051,1,0.001677,0
7911,2021,24,41,2449.0,676,0.1616,3,0.086276,0
7912,2022,36,43,5470.0,474,0.0502,1,0.002026,0
7913,2022,24,35,7570.0,603,0.3876,4,0.02142,0
7914,2022,24,43,1462.0,563,0.3457,1,0.044108,0
7915,2022,24,34,6783.0,591,0.222,1,0.033523,1
7916,2023,24,38,8834.0,497,0.5517,2,0.009501,0
7917,2021,36,35,6000.0,752,0.2198,4,0.174885,0
7918,2022,36,33,4765.0,517,0.3515,2,0.008447,0
7919,2021,24,31,4508.0,523,0.2153,1,0.011582,0
7920,2023,36,42,4378.0,763,0.4484,1,0.732135,1
7921,2021,48,51,2730.0,645,0.0372,2,0.078639,0
7922,2021,60,49,3485.0,519,0.1639,1,0.00988,0
7923,2021,12,25,3991.0,609,0.2834,2,0.029432,0
7924,2023,12,50,5202.0,601,0.1999,4,0.014572,0
7925,2023,12,34,3720.0,484,0.4555,4,0.004253,0
7926,2022,36,44,3183.0,559,0.0915,4,0.003664,0
7927,2022,12,28,7186.0,617,0.3145,1,0.081095,0
7928,2021,24,39,5915.0,721,0.3295,4,0.300724,0
7929,2022,48,41,3753.0,604,0.1422,1,0.038994,0
7930,2021,12,23,6331.0,610,0.2228,2,0.03456,0
7931,2023,60,44,3918.0,554,0.3737,3,0.017776,0
7932,2022,36,51,5072.0,707,0.0666,2,0.199801,1
7933,2023,36,36,8003.0,692,0.3939,4,0.189653,0
7934,2021,60,51,3634.0,683,0.0237,1,0.095544,0
7935,2022,24,36,2735.0,628,0.3683,1,0.14319,1
7936,2021,60,46,4571.0,492,0.0896,1,0.003116,0
7937,2023,48,22,2486.0,706,0.2018,1,0.306989,0
7938,2022,48,62,4278.0,624,0.1417,4,0.021259,0
7939,2022,12,52,4271.0,595,0.3421,2,0.077049,0
7940,2022,36,35,1434.0,655,0.3168,2,0.109867,0
7941,2021,48,22,6408.0,637,0.3445,1,0.094417,0
7942,2021,24,40,4486.0,534,0.5465,1,0.019184,0
7943,2023,60,23,8875.0,594,0.1351,3,0.022086,0
7944,2022,24,42,5474.0,467,0.1479,2,0.003534,0
7945,2021,48,42,7100.0,626,0.2933,1,0.045424,0
7946,2021,36,28,8911.0,726,0.4712,3,0.26084,1
7947,2023,36,49,4602.0,476,0.1696,1,0.001567,0
7948,2022,48,46,4913.0,630,0.4602,1,0.15103,0
7949,2023,24,47,2238.0,673,0.1942,1,0.132886,0
7950,2021,24,38,9134.0,685,0.2246,3,0.06039,0
7951,2021,24,23,4569.0,560,0.2125,2,0.014352,0
7952,2022,36,47,2972.0,531,0.3911,3,0.005312,0
7953,2021,36,35,7114.0,573,0.1892,4,0.01074,0
7954,2022,12,24,1653.0,715,0.3122,1,0.536192,1
7955,2022,24,51,3965.0,483,0.3343,2,0.007261,0
7956,2022,12,58,7740.0,522,0.417,3,0.004956,0
7957,2022,36,37,3949.0,583,0.3788,1,0.051354,0
7958,2021,24,59,3432.0,541,0.1186,1,0.008475,0
7959,2023,36,38,3992.0,616,0.2236,4,0.032516,0
7960,2023,12,34,1799.0,733,0.3035,3,0.349422,0
7961,2023,36,31,7029.0,523,0.1531,2,0.00543,0
7962,2021,36,54,4622.0,608,0.0801,1,0.037319,0
7963,2023,48,30,4289.0,619,0.0526,1,0.046904,0
7964,2021,48,45,4297.0,593,0.2778,2,0.046812,0
7965,2022,60,32,4949.0,493,0.1523,1,0.006629,0
7966,2023,24,33,6814.0,568,0.3757,2,0.031614,0
7967,2022,48,48,4788.0,569,0.4214,1,0.02814,0
7968,2022,48,34,2488.0,670,0.1925,2,0.141266,1
7969,2021,12,33,6554.0,653,0.3815,1,0.190929,0
7970,2023,36,49,6306.0,495,0.1707,1,0.008743,0
7971,2022,24,53,5447.0,589,0.4276,2,0.032464,0
7972,2021,36,44,8414.0,579,0.1454,2,0.014682,0
7973,2022,60,31,4990.0,776,0.465,4,0.518867,1
7974,2022,24,32,8567.0,643,0.3047,4,0.046209,0
7975,2023,24,38,9933.0,533,0.2474,1,0.005622,0
7976,2021,36,41,6576.0,557,0.5494,1,0.041543,0
7977,2021,24,28,3381.0,589,0.2159,3,0.018636,0
7978,2021,36,45,4604.0,648,0.4048,2,0.077238,0
7979,2023,24,38,9131.0,658,0.4918,1,0.20048,1
7980,2022,48,22,2324.0,636,0.3483,1,0.239403,0
7981,2022,36,28,4040.0,603,0.3104,2,0.051397,0
7982,2021,36,32,4140.0,609,0.4432,2,0.061212,0
7983,2022,36,37,3189.0,609,0.1256,2,0.02836,1
7984,2022,48,56,7604.0,477,0.2444,2,0.002114,0
7985,2021,12,40,5934.0,615,0.4652,2,0.058735,0
7986,2023,36,29,3444.0,573,0.7878,3,0.052494,0
7987,2021,60,40,6653.0,487,0.1839,1,0.003763,0
7988,2021,36,34,4540.0,813,0.6674,3,0.774177,1
7989,2023,12,41,3149.0,644,0.1607,2,0.050144,0
7990,2022,36,43,3441.0,621,0.1257,1,0.032527,0
7991,2022,24,50,6112.0,590,0.2623,2,0.017924,0
7992,2022,48,37,7860.0,678,0.3052,1,0.161293,0
7993,2022,24,54,3853.0,527,0.1863,1,0.010019,0
7994,2022,48,47,6452.0,594,0.3944,1,0.061541,0
7995,2022,12,30,10839.0,543,0.3494,4,0.004014,0
7996,2022,24,60,2619.0,677,0.2168,1,0.203837,0
7997,2021,48,41,5871.0,553,0.0058,2,0.006357,0
7998,2021,24,29,7445.0,708,0.3475,1,0.358691,0
7999,2021,36,54,4686.0,612,0.176,3,0.03175,0
8000,2023,48,58,9128.0,681,0.3331,1,0.149363,0
8001,2022,12,37,14756.0,651,0.3224,2,0.054353,1
8002,2023,24,32,5835.0,704,0.0462,1,0.226126,1
8003,2022,36,36,4373.0,545,0.26,1,0.037186,0
8004,2022,36,45,8010.0,692,0.4324,2,0.402522,0
8005,2022,24,50,7488.0,470,0.1401,2,0.001228,0
8006,2021,48,43,1395.0,623,0.5013,2,0.15677,0
8007,2023,36,39,4908.0,576,0.5777,2,0.056183,0
8008,2021,36,52,4035.0,507,0.298,2,0.007532,0
8009,2022,36,34,5993.0,548,0.3223,1,0.013272,0
8010,2022,48,48,4461.0,568,0.3932,1,0.040916,0
8011,2022,12,35,4710.0,604,0.4989,1,0.09821,0
8012,2022,24,42,3192.0,578,0.2317,1,0.049909,0
8013,2023,24,36,7096.0,626,0.1407,2,0.030873,0
8014,2023,48,37,11243.0,553,0.1479,1,0.003536,0
8015,2023,48,34,3217.0,581,0.2793,3,0.042053,0
8016,2023,12,51,2444.0,596,0.1426,2,0.02428,0
8017,2022,24,30,4964.0,634,0.51,2,0.13487,0
8018,2022,24,30,4845.0,687,0.4981,1,0.52785,0
8019,2022,24,59,8826.0,688,0.3176,1,0.104969,0
8020,2022,36,47,2658.0,638,0.1169,3,0.047161,0
8021,2021,36,22,3756.0,654,0.3632,1,0.328138,0
8022,2023,60,32,1679.0,644,0.4574,1,0.200875,0
8023,2022,24,22,9774.0,594,0.2556,1,0.06827,0
8024,2021,60,28,5571.0,692,0.3792,1,0.29445,1
8025,2021,24,22,3898.0,546,0.2503,2,0.020039,0
8026,2021,24,36,2537.0,456,0.1224,1,0.002683,0
8027,2022,24,26,2656.0,536,0.2104,3,0.006444,0
8028,2023,36,38,6046.0,732,0.2353,1,0.376065,0
8029,2022,24,22,2825.0,596,0.399,4,0.015262,0
8030,2022,36,38,5177.0,641,0.2611,3,0.047037,0
8031,2021,12,33,13650.0,598,0.3727,2,0.030298,0
8032,2022,36,53,4131.0,664,0.5774,1,0.243374,0
8033,2021,24,52,3039.0,625,0.3271,4,0.049398,0
8034,2023,36,45,5949.0,614,0.1332,3,0.021484,0
8035,2023,48,34,2663.0,669,0.4563,2,0.174995,0
8036,2021,36,57,11614.0,582,0.3917,3,0.013155,0
8037,2021,48,22,9915.0,649,0.1911,1,0.074793,0
8038,2021,60,23,4527.0,606,0.4829,2,0.046733,0
8039,2022,24,37,3138.0,611,0.2231,2,0.035377,0
8040,2023,24,60,3972.0,554,0.3284,4,0.004761,0
8041,2022,36,35,4239.0,602,0.3064,4,0.035797,0
8042,2023,36,36,5954.0,576,0.2275,1,0.020018,0
8043,2023,48,23,8265.0,710,0.5733,2,0.397153,1
8044,2021,36,47,2927.0,485,0.2712,3,0.002297,0
8045,2023,48,47,8147.0,691,0.192,1,0.133314,0
8046,2021,36,45,6693.0,480,0.1613,1,0.002754,0
8047,2023,24,31,3813.0,662,0.1946,3,0.067114,0
8048,2021,48,30,2854.0,552,0.2786,2,0.013307,0
8049,2021,36,25,5209.0,665,0.2147,1,0.198188,0
8050,2021,48,38,2893.0,610,0.4883,2,0.071064,0
8051,2022,12,27,8200.0,505,0.3292,4,0.001935,0
8052,2022,24,26,2802.0,728,0.1541,1,0.355622,0
8053,2023,48,33,6463.0,682,0.6908,1,0.347814,0
8054,2022,24,33,4721.0,660,0.3349,4,0.093542,0
8055,2022,60,32,3713.0,568,0.4741,1,0.030397,0
8056,2021,36,42,4668.0,684,0.7161,3,0.324626,0
8057,2021,24,38,8434.0,517,0.3895,2,0.005329,0
8058,2022,12,35,2708.0,441,0.0631,1,0.001468,0
8059,2022,48,39,3999.0,495,0.1683,1,0.007119,0
8060,2021,36,28,3375.0,546,0.6292,3,0.026501,0
8061,2022,12,39,4821.0,559,0.431,2,0.01462,0
8062,2022,24,39,3490.0,585,0.1847,1,0.056201,0
8063,2021,24,22,2030.0,588,0.2175,2,0.03365,0
8064,2021,60,47,2900.0,568,0.258,4,0.008925,0
8065,2022,60,29,11146.0,450,0.2729,2,0.002106,0
8066,2023,12,38,5560.0,635,0.1541,1,0.062366,0
8067,2022,36,49,5465.0,598,0.2356,2,0.016045,0
8068,2022,36,47,4267.0,564,0.3357,1,0.041127,0
8069,2023,36,38,4790.0,731,0.3426,2,0.323994,0
8070,2022,48,34,3964.0,600,0.1399,3,0.035233,0
8071,2023,24,47,6396.0,624,0.6469,1,0.179287,0
8072,2021,60,44,5169.0,683,0.3648,1,0.28551,1
8073,2023,12,31,2736.0,500,0.0858,1,0.003165,0
8074,2023,48,30,5580.0,618,0.2244,1,0.082924,1
8075,2023,12,22,1437.0,683,0.4342,1,0.355692,1
8076,2023,60,39,6045.0,612,0.0756,1,0.042788,0
8077,2022,24,37,2429.0,515,0.1072,1,0.005877,0
8078,2021,36,49,4684.0,581,0.2989,2,0.040117,0
8079,2023,12,41,2705.0,635,0.6543,2,0.150078,0
8080,2022,36,51,4922.0,451,0.5929,2,0.002598,0
8081,2023,48,31,6563.0,511,0.5123,3,0.006381,0
8082,2021,36,49,10419.0,777,0.4431,1,0.600436,1
8083,2022,24,32,2274.0,658,0.2594,3,0.136255,1
8084,2022,24,45,8004.0,738,0.6358,2,0.478466,0
8085,2021,24,23,5248.0,689,0.2045,1,0.203023,0
8086,2023,48,40,3923.0,651,0.1382,1,0.112773,0
8087,2021,24,22,7186.0,595,0.3867,1,0.048754,0
8088,2022,24,35,4368.0,650,0.1236,3,0.03545,0
8089,2021,36,42,7036.0,735,0.2103,1,0.314394,0
8090,2021,48,32,2993.0,686,0.4012,1,0.405551,0
8091,2023,48,27,3581.0,633,0.2186,1,0.101377,0
8092,2022,24,46,7878.0,606,0.0501,3,0.01385,0
8093,2022,36,36,10329.0,659,0.1302,2,0.031163,0
8094,2023,48,33,4829.0,577,0.4573,1,0.045134,0
8095,2021,60,38,1220.0,659,0.2047,4,0.04854,0
8096,2021,36,64,4449.0,564,0.2872,1,0.022928,0
8097,2021,36,49,4995.0,591,0.5167,3,0.028738,0
8098,2022,24,49,4375.0,537,0.1938,3,0.007459,0
8099,2022,60,42,5815.0,584,0.2764,2,0.009034,0
8100,2021,24,39,3872.0,565,0.262,1,0.031388,0
8101,2022,12,22,7476.0,755,0.2358,2,0.335741,0
8102,2021,36,31,2743.0,548,0.1773,2,0.012565,0
8103,2023,48,33,9122.0,650,0.3521,3,0.047481,0
8104,2023,60,22,10668.0,544,0.8336,1,0.054381,0
8105,2023,60,26,3113.0,623,0.4118,2,0.076983,0
8106,2021,48,22,3113.0,643,0.5114,1,0.260241,1
8107,2023,36,37,6035.0,471,0.252,3,0.001905,0
8108,2022,24,46,2715.0,508,0.1958,1,0.005839,0
8109,2022,12,49,3842.0,543,0.2859,4,0.004833,0
8110,2022,24,42,8529.0,515,0.1023,4,0.001991,1
8111,2022,36,28,7107.0,626,0.2835,2,0.066305,0
8112,2023,48,22,13228.0,639,0.568,3,0.061477,0
8113,2021,24,22,5353.0,534,0.4269,3,0.007712,0
8114,2021,48,25,3621.0,629,0.1272,2,0.060231,0
8115,2023,12,29,5042.0,586,0.2545,3,0.028425,0
8116,2023,24,36,4558.0,612,0.4766,1,0.089477,0
8117,2022,12,27,4590.0,569,0.1348,1,0.02047,0
8118,2021,36,41,4857.0,659,0.1508,1,0.09279,0
8119,2021,12,35,3084.0,750,0.1772,2,0.324259,0
8120,2021,36,38,5660.0,681,0.4476,2,0.275636,1
8121,2021,48,49,2430.0,731,0.3831,3,0.374361,1
8122,2021,60,26,3434.0,507,0.4996,1,0.012639,0
8123,2021,60,42,4631.0,565,0.1172,2,0.007712,0
8124,2023,36,37,1588.0,665,0.2019,1,0.200385,0
8125,2023,12,34,7219.0,740,0.2708,3,0.316838,0
8126,2023,12,46,1761.0,672,0.3354,1,0.249416,0
8127,2021,36,46,6869.0,537,0.3909,1,0.018261,0
8128,2021,36,28,2575.0,585,0.2309,1,0.035907,0
8129,2021,24,36,4014.0,646,0.1671,2,0.050619,0
8130,2022,12,40,6371.0,606,0.2055,2,0.047709,0
8131,2022,12,35,14751.0,556,0.3037,2,0.010794,0
8132,2022,24,43,5209.0,596,0.443,4,0.02264,0
8133,2022,36,40,1824.0,618,0.0424,2,0.041568,0
8134,2022,12,56,7918.0,533,0.5872,2,0.019485,0
8135,2021,36,22,4377.0,698,0.2988,2,0.275719,1
8136,2023,36,36,5090.0,584,0.4617,2,0.032208,0
8137,2022,60,28,6496.0,614,0.2609,4,0.028526,0
8138,2022,12,44,1615.0,702,0.3034,4,0.1955,0
8139,2022,24,22,4931.0,610,0.3224,2,0.044314,0
8140,2021,36,41,4004.0,698,0.1441,2,0.222532,0
8141,2023,48,31,9054.0,537,0.0379,3,0.003193,0
8142,2021,12,30,7070.0,654,0.4273,1,0.156467,1
8143,2023,12,23,2179.0,687,0.3229,1,0.340873,0
8144,2022,48,33,9240.0,553,0.3174,1,0.02167,0
8145,2023,36,48,6153.0,605,0.2632,1,0.038002,0
8146,2023,12,37,2267.0,607,0.5699,1,0.172757,0
8147,2023,24,44,5054.0,636,0.244,3,0.03775,0
8148,2021,12,54,8245.0,657,0.4305,2,0.137128,0
8149,2023,36,40,2678.0,547,0.3351,1,0.023792,1
8150,2023,60,32,9787.0,615,0.5688,3,0.048305,0
8151,2021,60,42,2307.0,747,0.2876,1,0.550075,0
8152,2021,24,32,3309.0,704,0.397,2,0.262406,0
8153,2021,24,32,3067.0,683,0.4342,1,0.483167,1
8154,2022,24,22,9784.0,604,0.1448,3,0.023196,0
8155,2021,48,47,3845.0,790,0.4449,4,0.531622,1
8156,2022,24,34,2748.0,702,0.0668,3,0.126021,0
8157,2022,36,39,6140.0,622,0.5649,2,0.124265,0
8158,2023,36,27,6840.0,637,0.1208,1,0.042576,0
8159,2023,48,42,6862.0,583,0.3018,1,0.020847,0
8160,2023,12,30,4291.0,651,0.4455,4,0.067949,0
8161,2021,36,36,5582.0,667,0.5053,4,0.119261,0
8162,2022,36,46,3551.0,676,0.5595,1,0.378117,0
8163,2023,60,45,11355.0,605,0.0434,1,0.018878,0
8164,2021,36,37,8709.0,502,0.2829,3,0.002753,0
8165,2022,24,22,8446.0,639,0.3722,1,0.106246,0
8166,2022,36,67,7310.0,676,0.1166,1,0.109541,0
8167,2021,24,55,6373.0,541,0.5347,1,0.011923,0
8168,2023,36,45,2638.0,612,0.1029,1,0.052869,0
8169,2021,60,30,6746.0,727,0.3608,1,0.479627,1
8170,2022,36,36,5204.0,523,0.3309,3,0.007791,0
8171,2023,24,32,9244.0,597,0.4758,1,0.064087,0
8172,2021,24,50,7359.0,738,0.5144,2,0.475956,1
8173,2021,24,40,6472.0,632,0.1081,2,0.067571,0
8174,2022,60,30,2117.0,577,0.2871,4,0.015727,0
8175,2021,24,33,4701.0,619,0.6777,1,0.159331,0
8176,2023,48,49,3718.0,686,0.1744,2,0.154383,0
8177,2022,48,54,5576.0,603,0.4511,3,0.049567,0
8178,2022,36,53,3993.0,667,0.3361,1,0.141735,0
8179,2023,36,45,4281.0,638,0.4679,2,0.083871,0
8180,2021,24,35,6183.0,645,0.4625,1,0.128003,0
8181,2023,24,22,3960.0,672,0.1966,2,0.103548,0
8182,2023,24,40,5223.0,596,0.5614,1,0.063658,0
8183,2022,48,37,2299.0,544,0.4539,1,0.025903,0
8184,2022,24,39,3242.0,657,0.0622,2,0.045504,0
8185,2022,36,38,6823.0,609,0.0589,2,0.02147,0
8186,2022,48,24,2657.0,584,0.0899,1,0.030611,0
8187,2022,12,43,9162.0,662,0.1715,2,0.074034,0
8188,2021,60,44,8000.0,722,0.2543,1,0.222837,0
8189,2021,48,44,4298.0,607,0.4426,4,0.026847,0
8190,2022,24,47,20000.0,620,0.406,2,0.019357,0
8191,2021,36,44,9150.0,525,0.6451,1,0.022737,0
8192,2021,24,33,3058.0,602,0.2727,1,0.053279,0
8193,2022,36,37,7137.0,637,0.5495,2,0.125071,0
8194,2022,48,38,5079.0,618,0.1628,4,0.016827,0
8195,2023,36,39,3333.0,591,0.4023,2,0.060214,0
8196,2023,24,47,2879.0,678,0.4407,4,0.187251,0
8197,2022,36,44,8082.0,624,0.3594,2,0.043631,0
8198,2022,48,58,3645.0,827,0.2959,3,0.658996,1
8199,2023,36,60,4671.0,636,0.1228,2,0.029008,0
8200,2022,60,38,3101.0,400,0.2507,2,0.001022,0
8201,2023,36,22,3381.0,531,0.2261,2,0.008746,0
8202,2021,48,50,4613.0,662,0.4673,2,0.131108,0
8203,2023,24,32,5968.0,568,0.273,2,0.020849,0
8204,2023,12,29,1347.0,573,0.5185,3,0.0521,0
8205,2022,12,34,4957.0,520,0.2632,4,0.003117,0
8206,2023,24,33,3384.0,581,0.1911,2,0.025218,0
8207,2022,60,44,9909.0,635,0.3351,1,0.125938,0
8208,2022,48,22,20000.0,650,0.0542,2,0.034797,0
8209,2023,12,27,4107.0,538,0.2588,3,0.010232,0
8210,2022,12,41,2077.0,684,0.1515,2,0.224741,0
8211,2022,60,44,5211.0,524,0.1916,1,0.009467,0
8212,2022,12,44,4435.0,655,0.3335,1,0.12676,0
8213,2021,36,30,13170.0,646,0.2731,1,0.094994,0
8214,2021,48,28,11308.0,545,0.1518,3,0.003699,0
8215,2023,24,32,7576.0,535,0.107,3,0.002842,0
8216,2022,36,40,3665.0,650,0.2902,1,0.10675,0
8217,2023,24,52,6897.0,575,0.4455,1,0.025275,0
8218,2021,36,22,5611.0,604,0.2356,4,0.025147,0
8219,2023,24,35,5545.0,674,0.1594,3,0.08351,0
8220,2022,24,24,2255.0,658,0.0469,2,0.043173,0
8221,2023,36,22,8357.0,546,0.3865,4,0.007847,0
8222,2023,48,47,5187.0,615,0.2212,4,0.026551,0
8223,2022,48,43,4673.0,545,0.13,4,0.005631,0
8224,2022,36,42,3641.0,689,0.1794,1,0.212338,1
8225,2021,12,47,3305.0,742,0.1764,2,0.248235,1
8226,2022,24,33,5760.0,552,0.0822,2,0.009117,0
8227,2021,48,33,2050.0,617,0.2713,3,0.048644,0
8228,2021,12,59,7294.0,693,0.3385,1,0.231592,0
8229,2022,24,35,2901.0,621,0.1964,1,0.047187,0
8230,2023,48,45,1756.0,664,0.2334,1,0.178082,0
8231,2021,24,38,12221.0,624,0.1363,3,0.026028,0
8232,2021,12,22,3200.0,535,0.5211,2,0.016376,0
8233,2022,24,22,3425.0,629,0.2999,2,0.079698,0
8234,2023,48,32,8667.0,710,0.0771,3,0.069317,0
8235,2022,12,48,12422.0,645,0.0636,2,0.035311,0
8236,2023,36,45,2284.0,749,0.3493,4,0.431133,0
8237,2021,12,47,3047.0,478,0.0788,1,0.003328,0
8238,2021,24,28,3161.0,650,0.2512,2,0.091194,0
8239,2022,36,54,7843.0,568,0.5804,1,0.044074,0
8240,2021,60,28,11154.0,549,0.2806,3,0.007128,0
8241,2023,36,40,2864.0,726,0.2876,2,0.359027,1
8242,2021,60,37,9970.0,599,0.303,4,0.018952,0
8243,2023,36,36,3448.0,591,0.1743,1,0.02496,0
8244,2021,36,51,5814.0,647,0.4222,1,0.14636,0
8245,2021,36,30,2603.0,447,0.176,2,0.001346,0
8246,2023,24,24,4624.0,728,0.3597,1,0.548878,0
8247,2021,36,38,4649.0,772,0.4821,2,0.637293,0
8248,2022,60,34,4198.0,693,0.2546,3,0.186724,0
8249,2023,36,70,5958.0,652,0.215,1,0.056237,0
8250,2021,36,44,2970.0,602,0.2797,1,0.056435,0
8251,2023,48,33,3159.0,533,0.3689,2,0.015646,0
8252,2023,48,27,6118.0,715,0.1317,2,0.164406,0
8253,2023,48,22,9614.0,693,0.1877,2,0.192599,0
8254,2023,36,27,4859.0,656,0.4493,2,0.113358,0
8255,2021,48,39,6322.0,646,0.7526,2,0.21925,1
8256,2022,24,52,7180.0,644,0.1521,1,0.051073,0
8257,2022,12,49,7445.0,577,0.1374,1,0.009065,0
8258,2022,24,40,3051.0,820,0.3941,2,0.831823,1
8259,2022,48,34,3333.0,597,0.4459,3,0.059456,0
8260,2023,24,40,3481.0,585,0.2653,3,0.015069,0
8261,2022,48,32,12891.0,709,0.5366,1,0.316813,0
8262,2021,36,55,6337.0,617,0.3808,2,0.041105,0
8263,2023,36,36,6196.0,618,0.3528,1,0.084964,0
8264,2021,12,37,5902.0,733,0.3132,1,0.230804,0
8265,2021,36,22,2539.0,674,0.3905,1,0.374683,0
8266,2023,12,36,12953.0,678,0.2923,2,0.067174,0
8267,2021,48,46,6245.0,506,0.0908,2,0.002173,0
8268,2022,24,27,7056.0,652,0.1761,4,0.03623,0
8269,2022,24,30,2033.0,539,0.3686,3,0.020435,0
8270,2022,24,45,7258.0,583,0.3232,1,0.036333,0
8271,2023,12,23,4113.0,634,0.172,3,0.045974,0
8272,2022,24,48,2537.0,617,0.2556,2,0.106888,0
8273,2021,36,32,3051.0,672,0.268,3,0.155205,0
8274,2022,60,34,2611.0,681,0.1816,2,0.177542,0
8275,2021,48,26,2589.0,687,0.3245,1,0.395659,0
8276,2023,24,41,5066.0,512,0.243,1,0.010608,0
8277,2022,48,62,4051.0,809,0.2879,1,0.729491,0
8278,2021,24,45,5808.0,618,0.1661,1,0.034031,0
8279,2021,48,29,11362.0,717,0.2759,2,0.172166,1
8280,2021,48,49,4607.0,418,0.1957,2,0.001,0
8281,2023,60,34,1600.0,598,0.1032,2,0.031385,0
8282,2022,24,51,4355.0,503,0.2695,2,0.004059,0
8283,2023,36,46,8926.0,551,0.3746,3,0.006565,0
8284,2022,60,22,4708.0,624,0.2376,1,0.138317,0
8285,2023,48,27,10558.0,593,0.3394,1,0.031668,0
8286,2021,60,47,6164.0,725,0.2069,1,0.221414,0
8287,2021,36,39,1960.0,761,0.1208,2,0.410018,1
8288,2022,24,27,5192.0,542,0.3258,3,0.007603,0
8289,2022,24,31,5702.0,580,0.5443,2,0.037546,0
8290,2021,12,22,8435.0,537,0.3393,1,0.015257,0
8291,2021,24,37,12208.0,712,0.2812,2,0.229255,0
8292,2023,12,60,7738.0,632,0.4265,1,0.184317,0
8293,2022,60,46,6126.0,622,0.4657,1,0.15068,0
8294,2021,24,59,6892.0,644,0.6499,1,0.126764,0
8295,2021,36,46,4519.0,595,0.4401,2,0.046868,0
8296,2023,12,48,2365.0,551,0.2555,1,0.021198,0
8297,2022,24,57,5018.0,624,0.089,2,0.030991,0
8298,2021,60,41,5900.0,598,0.5443,3,0.03637,0
8299,2021,48,36,2692.0,647,0.3509,4,0.093935,0
8300,2021,36,48,9541.0,489,0.2973,2,0.002535,0
8301,2021,48,52,8125.0,634,0.5427,1,0.084828,0
8302,2021,36,33,2475.0,564,0.4903,2,0.033712,0
8303,2023,12,30,9729.0,632,0.5506,2,0.08215,0
8304,2023,36,39,4213.0,692,0.4205,1,0.499177,0
8305,2022,24,46,3330.0,575,0.3022,2,0.02894,0
8306,2022,48,45,8431.0,715,0.0934,1,0.177278,1
8307,2022,24,23,4791.0,480,0.1358,2,0.002103,0
8308,2021,24,57,12703.0,743,0.4212,1,0.557183,0
8309,2021,12,31,3208.0,719,0.2297,3,0.17263,1
8310,2021,48,35,2068.0,549,0.1534,1,0.024535,0
8311,2022,36,28,4272.0,549,0.1178,3,0.013359,0
8312,2022,36,64,7293.0,500,0.4541,1,0.007253,0
8313,2023,36,40,3092.0,693,0.4055,3,0.230583,1
8314,2021,24,29,2527.0,593,0.294,3,0.030769,0
8315,2022,36,46,5511.0,587,0.2557,2,0.02854,0
8316,2022,12,45,2364.0,530,0.0983,4,0.003522,0
8317,2022,36,36,5729.0,764,0.1053,1,0.504557,0
8318,2022,60,46,4145.0,542,0.3479,1,0.013133,0
8319,2023,12,29,6293.0,621,0.3341,1,0.064063,0
8320,2021,36,33,2460.0,637,0.4972,4,0.059985,0
8321,2022,60,22,9406.0,588,0.4197,1,0.072134,0
8322,2022,36,24,4485.0,571,0.3502,1,0.042355,0
8323,2023,36,56,7199.0,590,0.3268,1,0.047005,0
8324,2022,24,54,7942.0,665,0.468,2,0.128241,0
8325,2021,36,38,2755.0,592,0.0454,1,0.018581,0
8326,2021,36,54,7640.0,750,0.283,2,0.436892,0
8327,2022,24,36,2410.0,557,0.2963,2,0.02737,0
8328,2021,36,35,2477.0,680,0.3633,2,0.179767,0
8329,2021,48,38,13121.0,479,0.321,2,0.001348,0
8330,2021,48,36,8569.0,557,0.0356,1,0.008417,0
8331,2022,12,35,13861.0,554,0.1517,1,0.007392,0
8332,2021,48,49,4084.0,531,0.0195,1,0.006318,0
8333,2023,48,39,5173.0,642,0.0836,1,0.072437,1
8334,2021,48,45,6398.0,611,0.1186,1,0.034443,0
8335,2021,36,48,4885.0,437,0.1492,2,0.001801,0
8336,2022,24,41,3384.0,779,0.231,4,0.568564,1
8337,2023,60,28,3140.0,634,0.3172,3,0.066091,0
8338,2022,24,24,5469.0,620,0.1055,4,0.022188,0
8339,2022,12,39,2883.0,724,0.1893,1,0.353572,1
8340,2022,60,36,2843.0,699,0.171,1,0.335844,0
8341,2021,48,38,5984.0,596,0.5782,1,0.096691,0
8342,2022,60,37,4686.0,463,0.7501,4,0.003022,0
8343,2023,12,63,7853.0,665,0.1474,2,0.049799,0
8344,2023,36,24,3974.0,542,0.1406,3,0.007922,0
8345,2021,60,22,3675.0,719,0.3758,3,0.431736,0
8346,2022,36,41,6074.0,557,0.2503,3,0.005434,1
8347,2021,48,34,3275.0,583,0.1722,1,0.03501,0
8348,2021,36,41,3537.0,512,0.2378,2,0.005978,0
8349,2022,12,43,3608.0,519,0.3167,2,0.008275,0
8350,2023,48,50,4426.0,611,0.1606,2,0.028829,0
8351,2022,48,22,11923.0,603,0.3949,3,0.029707,0
8352,2022,24,32,2469.0,581,0.2532,4,0.019204,0
8353,2023,36,42,9393.0,784,0.3002,1,0.492299,1
8354,2021,36,45,7107.0,668,0.2742,1,0.157035,0
8355,2021,24,59,10759.0,620,0.3282,3,0.028018,0
8356,2022,24,47,20000.0,399,0.0876,2,0.001,0
8357,2023,24,37,10054.0,686,0.4193,4,0.054639,0
8358,2022,60,29,7807.0,850,0.1201,3,0.833424,1
8359,2021,48,32,2550.0,604,0.2456,1,0.053719,0
8360,2022,36,32,2716.0,555,0.498,2,0.03305,0
8361,2022,48,44,5885.0,633,0.2322,3,0.022456,0
8362,2021,48,40,2103.0,505,0.3122,3,0.007632,0
8363,2021,12,24,6686.0,656,0.3564,2,0.082401,1
8364,2022,36,33,1690.0,740,0.2244,1,0.596713,1
8365,2021,60,46,8744.0,566,0.1049,1,0.009076,0
8366,2023,48,41,4185.0,568,0.6976,1,0.087386,0
8367,2023,12,43,5236.0,613,0.1046,2,0.045698,0
8368,2022,36,41,3381.0,579,0.2,3,0.00954,0
8369,2023,24,54,1902.0,499,0.1102,1,0.004904,0
8370,2023,48,40,9112.0,589,0.5345,2,0.047306,0
8371,2023,24,34,9584.0,573,0.2088,1,0.009917,0
8372,2022,48,28,4123.0,729,0.2072,2,0.289546,1
8373,2023,60,40,6843.0,712,0.2417,2,0.173356,0
8374,2022,36,22,4042.0,731,0.3515,3,0.215567,0
8375,2022,24,36,5677.0,684,0.1582,4,0.076231,0
8376,2021,48,35,7184.0,636,0.6021,1,0.182974,0
8377,2022,60,24,6487.0,550,0.1146,1,0.010639,0
8378,2023,36,28,9609.0,726,0.2661,2,0.198754,1
8379,2022,48,46,6371.0,647,0.3127,1,0.07117,0
8380,2021,24,40,4984.0,520,0.2244,2,0.007159,0
8381,2022,36,39,3359.0,546,0.2273,2,0.016585,0
8382,2022,12,41,3869.0,518,0.418,2,0.012631,0
8383,2023,12,38,7369.0,455,0.4741,3,0.001,0
8384,2021,60,50,2319.0,651,0.052,1,0.104912,0
8385,2022,60,39,8543.0,520,0.4309,1,0.016831,0
8386,2022,60,23,4270.0,559,0.4723,1,0.092031,0
8387,2023,48,54,3264.0,623,0.2366,2,0.041225,0
8388,2021,36,41,2837.0,604,0.4055,3,0.054943,0
8389,2022,24,32,6886.0,562,0.1671,4,0.010723,0
8390,2023,36,25,4879.0,741,0.1323,2,0.388168,0
8391,2023,12,41,10877.0,497,0.1497,2,0.005616,0
8392,2021,60,36,2614.0,501,0.1396,2,0.003805,0
8393,2022,24,53,3681.0,656,0.0978,2,0.06375,0
8394,2022,60,34,4693.0,569,0.1814,2,0.009072,0
8395,2021,12,29,3375.0,566,0.1305,1,0.019216,0
8396,2022,48,46,4930.0,533,0.1398,2,0.006016,0
8397,2022,36,47,5766.0,647,0.2781,2,0.080444,0
8398,2021,36,39,6262.0,638,0.2905,1,0.10627,0
8399,2021,36,44,10437.0,629,0.1182,3,0.027305,0
8400,2023,12,37,2561.0,573,0.2389,1,0.0346,0
8401,2022,36,40,5819.0,559,0.2235,1,0.017556,0
8402,2023,48,49,3556.0,606,0.0978,3,0.026033,0
8403,2021,36,44,6094.0,697,0.3008,3,0.091603,0
8404,2021,24,36,6098.0,745,0.2059,1,0.401617,0
8405,2021,24,51,3001.0,708,0.3936,4,0.259469,0
8406,2023,12,22,3132.0,660,0.094,1,0.132819,0
8407,2021,24,58,6348.0,698,0.0851,1,0.148157,0
8408,2022,12,22,4973.0,525,0.0518,1,0.006572,0
8409,2022,12,31,4404.0,562,0.1079,1,0.016021,0
8410,2022,24,37,6829.0,661,0.4792,1,0.17453,1
8411,2021,60,36,7086.0,610,0.2067,3,0.021631,0
8412,2021,48,48,3771.0,647,0.2129,1,0.124961,0
8413,2021,36,27,3210.0,698,0.1538,3,0.140899,0
8414,2021,60,40,2615.0,685,0.1525,2,0.162057,0
8415,2022,36,32,4998.0,532,0.111,3,0.005074,0
8416,2021,24,40,2413.0,620,0.1448,3,0.047501,0
8417,2021,36,37,5165.0,546,0.0646,2,0.011691,0
8418,2023,12,38,9031.0,557,0.2639,1,0.021521,0
8419,2021,24,32,4119.0,483,0.1423,1,0.003865,0
8420,2021,48,32,3759.0,630,0.8533,3,0.245224,0
8421,2023,24,40,13345.0,477,0.1813,2,0.001323,0
8422,2022,48,47,10455.0,651,0.3451,2,0.10904,0
8423,2023,48,32,3353.0,728,0.4197,3,0.387601,0
8424,2022,12,29,5269.0,662,0.061,1,0.110511,1
8425,2022,48,44,5793.0,624,0.6175,4,0.10853,0
8426,2021,36,37,5442.0,742,0.1226,2,0.311419,1
8427,2021,60,46,12177.0,646,0.1829,1,0.069235,0
8428,2021,36,28,5134.0,550,0.2473,1,0.017143,0
8429,2023,24,22,5534.0,630,0.1738,1,0.044495,0
8430,2023,36,32,6935.0,776,0.3288,1,0.516216,0
8431,2022,36,30,8910.0,532,0.4292,4,0.012156,0
8432,2023,12,37,7851.0,509,0.1321,2,0.007376,0
8433,2021,36,31,6432.0,669,0.5706,2,0.251842,0
8434,2023,60,45,2254.0,602,0.3449,3,0.02908,0
8435,2023,36,35,3850.0,577,0.1124,3,0.013236,0
8436,2023,24,39,7404.0,519,0.3433,1,0.007895,0
8437,2023,12,39,5570.0,463,0.0622,1,0.003346,0
8438,2021,12,39,7428.0,503,0.0589,1,0.002466,0
8439,2021,24,37,12627.0,749,0.5058,3,0.21311,1
8440,2022,12,43,2729.0,619,0.228,2,0.062201,0
8441,2022,24,30,8682.0,463,0.2303,1,0.002638,0
8442,2023,60,51,4166.0,714,0.4262,4,0.217201,0
8443,2023,12,35,7845.0,718,0.46,1,0.495144,0
8444,2022,36,24,4815.0,718,0.2881,3,0.247807,0
8445,2023,48,39,14236.0,586,0.1965,4,0.00505,0
8446,2023,12,29,5245.0,598,0.3923,1,0.142688,0
8447,2021,60,44,3568.0,631,0.3952,2,0.10557,0
8448,2022,36,60,6063.0,732,0.2271,3,0.201001,0
8449,2021,24,30,5779.0,575,0.3564,4,0.010228,0
8450,2021,24,41,8682.0,559,0.1369,1,0.007709,0
8451,2021,60,22,6149.0,675,0.3545,1,0.102877,0
8452,2021,24,42,16942.0,716,0.1897,1,0.214745,0
8453,2022,36,29,4648.0,615,0.3391,1,0.071176,0
8454,2022,24,31,4676.0,673,0.3882,1,0.350481,0
8455,2021,36,26,3634.0,628,0.2177,1,0.089472,0
8456,2023,24,45,5130.0,599,0.2967,3,0.012799,0
8457,2023,36,48,5517.0,553,0.3577,1,0.018496,0
8458,2022,24,38,5657.0,527,0.0763,2,0.005416,0
8459,2021,24,29,5083.0,570,0.2319,4,0.014276,0
8460,2022,24,53,3623.0,541,0.4655,1,0.032856,0
8461,2021,36,30,3163.0,642,0.336,1,0.127763,0
8462,2021,24,22,4074.0,717,0.3451,4,0.21178,0
8463,2022,36,42,8697.0,636,0.1936,2,0.035639,0
8464,2021,24,26,9686.0,546,0.4678,1,0.016766,1
8465,2023,24,47,4729.0,688,0.3907,1,0.229113,0
8466,2021,36,34,3069.0,643,0.1311,2,0.077712,0
8467,2022,24,44,4719.0,659,0.1424,2,0.091332,1
8468,2023,60,52,13986.0,578,0.6856,2,0.023504,0
8469,2022,24,25,8099.0,710,0.2428,2,0.261539,0
8470,2021,36,32,6473.0,710,0.6621,1,0.463555,1
8471,2021,36,37,7953.0,605,0.3428,3,0.035478,0
8472,2022,48,53,10618.0,677,0.1965,4,0.064848,0
8473,2022,12,31,2762.0,708,0.0925,1,0.344121,0
8474,2021,24,32,4040.0,582,0.2635,2,0.018965,0
8475,2022,24,42,3773.0,613,0.2229,1,0.057488,0
8476,2021,24,32,6592.0,626,0.1078,1,0.062277,0
8477,2022,12,39,5324.0,532,0.6607,1,0.020687,0
8478,2021,36,22,7174.0,655,0.2463,1,0.09169,0
8479,2022,36,60,3814.0,701,0.1811,2,0.150881,0
8480,2023,48,24,9759.0,608,0.1413,1,0.033615,0
8481,2021,36,34,4747.0,647,0.2305,2,0.083431,0
8482,2023,48,37,6955.0,731,0.2222,1,0.330152,0
8483,2022,36,57,8935.0,587,0.0736,1,0.014372,0
8484,2022,48,24,8583.0,648,0.2077,1,0.068483,0
8485,2022,24,57,5886.0,574,0.2668,2,0.024465,0
8486,2021,36,45,7403.0,572,0.2707,1,0.021658,0
8487,2022,24,42,11741.0,647,0.2649,4,0.024892,0
8488,2021,36,28,6354.0,639,0.1442,1,0.063297,0
8489,2021,12,43,3412.0,664,0.2006,2,0.132233,1
8490,2021,36,30,6578.0,626,0.6266,2,0.095832,0
8491,2023,24,50,4824.0,657,0.8245,1,0.268136,0
8492,2022,12,28,1519.0,753,0.1979,2,0.581442,1
8493,2021,36,36,6192.0,704,0.1876,2,0.148499,0
8494,2021,24,32,5210.0,647,0.1829,2,0.055733,0
8495,2022,24,28,8762.0,660,0.1401,1,0.127434,1
8496,2021,60,45,3378.0,596,0.1758,1,0.054533,0
8497,2022,36,43,2315.0,607,0.282,1,0.044918,0
8498,2022,36,50,5347.0,659,0.1196,3,0.06569,0
8499,2022,36,22,5944.0,627,0.2202,1,0.051175,0
8500,2023,60,48,5151.0,683,0.2338,1,0.234023,0
8501,2023,24,63,4966.0,721,0.6332,1,0.584292,1
8502,2022,24,33,2880.0,611,0.1345,1,0.075311,0
8503,2021,48,56,4585.0,459,0.5391,1,0.005749,0
8504,2023,48,35,4129.0,782,0.3831,3,0.479155,0
8505,2023,36,24,8403.0,567,0.5492,3,0.023333,0
8506,2021,24,34,5941.0,635,0.5208,1,0.141518,0
8507,2022,36,48,4277.0,678,0.4739,2,0.232625,0
8508,2022,60,29,11637.0,732,0.2781,2,0.186617,0
8509,2023,12,31,4296.0,764,0.3622,2,0.626546,0
8510,2022,60,43,6496.0,590,0.1691,2,0.017194,0
8511,2023,24,38,4521.0,715,0.0694,2,0.139178,0
8512,2022,36,43,11110.0,635,0.0958,2,0.019457,0
8513,2022,36,40,5133.0,839,0.0511,4,0.444489,0
8514,2021,12,42,5209.0,708,0.5875,3,0.295592,1
8515,2021,36,33,4583.0,605,0.4087,3,0.039471,0
8516,2022,48,40,5422.0,556,0.1304,2,0.011464,0
8517,2021,24,28,8953.0,409,0.1452,2,0.001,0
8518,2022,24,50,7502.0,673,0.4524,3,0.084071,0
8519,2023,60,31,4984.0,700,0.7674,1,0.480295,1
8520,2022,24,49,11506.0,679,0.0664,1,0.080055,1
8521,2022,12,35,7604.0,431,0.2467,1,0.001967,0
8522,2023,24,40,3948.0,519,0.4435,4,0.006701,0
8523,2021,48,33,2465.0,658,0.1118,1,0.092734,0
8524,2022,48,27,3994.0,762,0.3565,2,0.589126,1
8525,2023,48,22,6043.0,615,0.2883,1,0.091635,0
8526,2021,24,27,6625.0,707,0.3007,1,0.273632,0
8527,2022,24,34,9697.0,537,0.4276,3,0.005312,0
8528,2023,12,40,2843.0,636,0.1151,2,0.056377,0
8529,2021,24,48,3946.0,598,0.2249,2,0.026261,0
8530,2023,24,33,2728.0,715,0.4119,2,0.325722,0
8531,2022,24,29,2516.0,576,0.5115,3,0.052272,0
8532,2021,60,23,3591.0,754,0.472,3,0.600038,1
8533,2022,48,42,5904.0,595,0.5524,1,0.063715,0
8534,2022,12,51,7228.0,534,0.6264,1,0.041349,0
8535,2022,36,50,3059.0,537,0.4814,1,0.036586,0
8536,2021,48,45,3279.0,570,0.2795,3,0.012759,0
8537,2022,24,44,2018.0,649,0.4567,1,0.116855,0
8538,2022,36,54,5471.0,571,0.2635,2,0.018247,0
8539,2022,36,41,3408.0,554,0.6372,1,0.049652,0
8540,2021,48,44,11288.0,691,0.1071,2,0.066475,0
8541,2022,36,34,6032.0,363,0.8461,3,0.00193,0
8542,2022,36,24,4511.0,585,0.0425,4,0.010072,0
8543,2021,60,31,3567.0,513,0.4858,3,0.008287,0
8544,2022,36,37,2328.0,550,0.2005,3,0.011155,0
8545,2022,48,38,2480.0,639,0.4856,1,0.226161,1
8546,2021,36,57,3601.0,603,0.0738,2,0.022779,0
8547,2023,24,38,3465.0,596,0.3488,1,0.06091,0
8548,2021,36,49,2982.0,715,0.3108,1,0.307869,0
8549,2022,60,33,5935.0,618,0.7231,1,0.147348,0
8550,2023,24,34,6356.0,764,0.1344,1,0.502498,1
8551,2023,24,24,3908.0,676,0.3649,3,0.123919,1
8552,2022,36,30,12934.0,542,0.1491,2,0.004523,0
8553,2023,24,43,2052.0,774,0.2163,1,0.399395,0
8554,2023,36,38,5060.0,642,0.2126,1,0.140452,0
8555,2022,36,47,4406.0,769,0.374,1,0.631872,1
8556,2023,36,39,3732.0,598,0.2514,3,0.023249,0
8557,2023,48,34,3467.0,641,0.2644,1,0.139978,1
8558,2021,24,59,4898.0,654,0.0743,1,0.086972,0
8559,2022,36,37,4391.0,606,0.181,2,0.03681,0
8560,2022,60,49,4040.0,721,0.2653,3,0.190325,0
8561,2021,60,33,2567.0,774,0.1733,3,0.588087,0
8562,2023,12,45,2188.0,436,0.0747,2,0.001508,0
8563,2021,36,47,4255.0,685,0.4147,4,0.170604,1
8564,2021,12,40,4020.0,548,0.4621,3,0.026428,0
8565,2022,36,22,4454.0,412,0.1193,1,0.001,0
8566,2022,12,38,4655.0,661,0.2072,1,0.110272,0
8567,2023,24,50,3785.0,661,0.1125,1,0.123383,0
8568,2022,24,43,4420.0,674,0.1166,1,0.149861,0
8569,2022,24,42,3207.0,649,0.3434,1,0.133247,0
8570,2022,36,22,10530.0,690,0.2127,3,0.090724,0
8571,2021,48,30,3295.0,571,0.1513,4,0.008083,0
8572,2021,12,42,4083.0,641,0.2336,4,0.033254,0
8573,2022,48,42,3422.0,675,0.3443,2,0.187202,0
8574,2023,36,50,3394.0,728,0.3158,2,0.266411,0
8575,2022,48,36,4976.0,623,0.283,1,0.049537,0
8576,2022,36,42,4670.0,602,0.2512,1,0.041797,0
8577,2023,24,38,3906.0,615,0.4437,3,0.063727,0
8578,2021,24,28,4265.0,524,0.3061,4,0.008709,0
8579,2022,60,22,3429.0,681,0.2765,1,0.290475,1
8580,2022,24,42,6008.0,503,0.2538,1,0.013856,0
8581,2021,36,39,13734.0,651,0.2595,2,0.049299,0
8582,2021,36,31,3173.0,626,0.2172,1,0.101792,0
8583,2022,60,22,5985.0,495,0.26,1,0.006131,0
8584,2022,24,44,5026.0,500,0.1203,2,0.006289,0
8585,2023,24,35,6866.0,551,0.3775,1,0.025715,0
8586,2021,60,43,6963.0,592,0.2489,1,0.015646,0
8587,2022,36,56,5446.0,738,0.2664,3,0.206375,0
8588,2021,48,22,4818.0,611,0.2765,1,0.042425,0
8589,2021,48,31,3955.0,663,0.0154,3,0.099436,0
8590,2022,36,35,3353.0,721,0.2325,1,0.365863,1
8591,2022,24,52,4682.0,705,0.5254,1,0.491134,0
8592,2023,36,22,2586.0,619,0.0691,3,0.031727,0
8593,2021,60,57,3652.0,563,0.2,3,0.009004,0
8594,2022,24,39,8548.0,659,0.1461,1,0.072115,0
8595,2021,24,37,5163.0,565,0.1475,4,0.006178,0
8596,2021,12,36,7680.0,765,0.802,2,0.673748,1
8597,2021,60,33,10248.0,689,0.2767,1,0.143064,0
8598,2021,48,48,4498.0,636,0.2839,1,0.108668,0
8599,2023,12,27,5452.0,661,0.1785,1,0.09547,0
8600,2022,24,41,4226.0,634,0.1516,3,0.032269,0
8601,2022,24,34,3274.0,590,0.1992,4,0.022766,0
8602,2023,60,30,3052.0,659,0.3479,3,0.094882,0
8603,2021,12,63,7492.0,600,0.2417,1,0.0213,0
8604,2021,24,42,5455.0,774,0.1237,1,0.541813,0
8605,2023,24,44,12373.0,564,0.3103,2,0.010522,0
8606,2022,24,49,7991.0,660,0.5234,2,0.236645,0
8607,2022,36,23,3410.0,557,0.5783,3,0.013711,0
8608,2022,36,55,7481.0,556,0.0898,1,0.005051,0
8609,2022,36,22,4219.0,477,0.5063,3,0.005474,0
8610,2021,48,30,9031.0,652,0.3307,1,0.138204,0
8611,2022,36,33,3854.0,577,0.1691,1,0.036986,0
8612,2021,36,43,2904.0,706,0.4825,1,0.465646,1
8613,2022,36,40,3301.0,653,0.5228,1,0.247805,0
8614,2022,60,36,3387.0,631,0.5212,3,0.088256,0
8615,2022,60,37,3229.0,507,0.3391,1,0.006644,0
8616,2023,24,28,3691.0,666,0.4737,1,0.382569,0
8617,2021,24,23,7543.0,567,0.1444,2,0.009693,0
8618,2021,12,45,12064.0,505,0.3542,1,0.007085,0
8619,2022,12,44,2527.0,654,0.3114,3,0.074193,0
8620,2022,36,53,9244.0,519,0.0938,1,0.003346,0
8621,2023,36,30,3871.0,452,0.1058,2,0.001285,0
8622,2022,36,44,5849.0,723,0.3772,3,0.259195,0
8623,2022,36,35,2149.0,575,0.2408,2,0.031412,0
8624,2021,12,49,6387.0,480,0.4474,1,0.002816,0
8625,2022,36,48,1803.0,542,0.2575,3,0.011648,0
8626,2023,12,40,5750.0,562,0.2142,1,0.02994,0
8627,2021,36,34,5589.0,711,0.2015,3,0.185646,0
8628,2021,36,47,5407.0,486,0.1947,2,0.004046,0
8629,2023,36,44,3403.0,512,0.3955,3,0.006609,0
8630,2021,36,31,6469.0,698,0.8505,1,0.522159,1
8631,2021,48,24,5976.0,584,0.4304,3,0.031369,0
8632,2021,24,35,4425.0,638,0.0698,2,0.033189,0
8633,2021,60,53,6877.0,580,0.2534,1,0.020463,0
8634,2022,48,49,4685.0,781,0.2461,2,0.399815,1
8635,2022,24,26,6402.0,516,0.1215,3,0.002271,0
8636,2022,48,26,4615.0,642,0.5304,2,0.207847,0
8637,2021,36,50,5477.0,740,0.1991,1,0.214669,0
8638,2021,12,26,6551.0,590,0.2473,3,0.023438,0
8639,2023,48,43,4028.0,559,0.1975,1,0.03827,0
8640,2021,48,31,2652.0,681,0.1623,1,0.198219,0
8641,2023,60,54,5642.0,700,0.5317,1,0.302622,0
8642,2021,36,30,8908.0,556,0.1664,1,0.01746,0
8643,2022,36,49,5708.0,736,0.2092,3,0.160956,1
8644,2021,12,39,5762.0,624,0.4248,3,0.040886,0
8645,2021,24,40,4812.0,660,0.1351,4,0.031011,0
8646,2021,36,22,7112.0,739,0.1123,2,0.224719,0
8647,2021,36,22,4478.0,681,0.3153,2,0.2196,1
8648,2023,12,35,3917.0,619,0.2643,2,0.050856,0
8649,2021,36,40,8541.0,566,0.1804,1,0.017448,0
8650,2022,36,26,3770.0,836,0.0489,2,0.76935,1
8651,2022,12,27,7667.0,556,0.2834,2,0.008224,0
8652,2021,48,43,8544.0,645,0.6713,1,0.155078,0
8653,2022,12,43,6525.0,660,0.038,1,0.051945,0
8654,2023,60,36,2632.0,664,0.3835,1,0.205182,0
8655,2022,12,45,4982.0,790,0.3608,2,0.721507,1
8656,2023,36,26,4443.0,623,0.1082,1,0.043802,0
8657,2022,24,34,3835.0,612,0.1222,3,0.027848,0
8658,2022,24,54,5278.0,744,0.1839,3,0.29796,0
8659,2022,36,38,7220.0,609,0.3442,1,0.055759,1
8660,2022,24,39,3908.0,690,0.4406,2,0.220783,1
8661,2021,24,61,4511.0,635,0.2379,1,0.119542,0
8662,2023,36,24,4357.0,693,0.155,4,0.086529,0
8663,2022,12,45,8795.0,678,0.2817,2,0.069414,0
8664,2022,60,54,4322.0,587,0.2188,1,0.029499,0
8665,2022,48,34,2651.0,472,0.2541,2,0.004159,0
8666,2021,36,46,2238.0,486,0.0868,1,0.005297,0
8667,2022,48,28,5892.0,472,0.2115,1,0.003805,0
8668,2022,36,31,3360.0,612,0.1073,1,0.080437,0
8669,2021,24,41,6866.0,431,0.164,1,0.001634,0
8670,2022,36,45,2526.0,607,0.1498,3,0.043542,0
8671,2022,60,49,3754.0,630,0.3428,4,0.033594,0
8672,2022,36,53,2527.0,688,0.0825,1,0.307978,0
8673,2023,24,37,6108.0,660,0.3212,3,0.066286,0
8674,2021,48,49,6798.0,692,0.5192,2,0.268588,0
8675,2022,12,34,5821.0,653,0.2248,1,0.087125,0
8676,2021,12,47,2856.0,594,0.3155,4,0.025872,0
8677,2023,24,40,3385.0,611,0.3307,4,0.035733,0
8678,2021,48,42,5526.0,551,0.2303,3,0.007814,0
8679,2022,60,42,2114.0,638,0.2037,1,0.04408,0
8680,2022,12,22,4357.0,493,0.1669,1,0.011878,0
8681,2022,60,26,10493.0,705,0.4739,1,0.538915,1
8682,2023,48,39,4492.0,543,0.2909,3,0.014267,0
8683,2022,36,22,2335.0,632,0.1302,2,0.047497,0
8684,2021,36,46,3627.0,645,0.5139,4,0.114345,0
8685,2022,24,46,3586.0,713,0.3075,1,0.277627,1
8686,2021,24,41,14331.0,485,0.3218,4,0.001,0
8687,2021,60,26,11303.0,593,0.3384,4,0.009513,0
8688,2023,12,51,7083.0,663,0.2931,3,0.100996,0
8689,2022,36,58,4140.0,760,0.2663,2,0.568875,0
8690,2023,36,39,8958.0,616,0.407,1,0.059633,0
8691,2022,24,43,2789.0,572,0.4896,4,0.023375,0
8692,2023,48,40,8419.0,782,0.1928,2,0.489161,0
8693,2022,24,43,7816.0,684,0.1549,3,0.096677,0
8694,2023,36,36,4557.0,729,0.3192,3,0.200688,0
8695,2023,24,37,8687.0,523,0.4542,3,0.006737,0
8696,2021,48,47,3930.0,661,0.4301,2,0.115515,0
8697,2023,12,61,2611.0,533,0.3302,4,0.005404,0
8698,2022,60,23,8014.0,515,0.2273,1,0.00439,0
8699,2021,36,36,4710.0,666,0.2527,3,0.06362,0
8700,2021,36,26,6640.0,672,0.2116,1,0.149239,0
8701,2021,24,53,12215.0,581,0.3441,1,0.01828,0
8702,2022,24,32,3425.0,734,0.2073,2,0.41893,0
8703,2021,12,23,4575.0,590,0.3778,2,0.032927,0
8704,2022,24,44,10773.0,598,0.1472,1,0.017196,0
8705,2022,24,55,6866.0,617,0.3276,1,0.057652,0
8706,2021,48,44,3464.0,600,0.1865,1,0.029701,0
8707,2021,36,40,3049.0,722,0.1731,2,0.245954,0
8708,2022,12,42,3774.0,536,0.3878,3,0.012138,0
8709,2021,48,52,3397.0,559,0.2226,1,0.017104,0
8710,2021,24,29,5534.0,524,0.2108,2,0.006734,0
8711,2023,24,36,5111.0,770,0.2957,1,0.611625,1
8712,2021,60,33,5651.0,594,0.1964,1,0.026273,0
8713,2021,36,26,3228.0,558,0.7299,2,0.059592,0
8714,2022,36,34,4744.0,597,0.2232,3,0.032802,0
8715,2022,60,49,1758.0,687,0.3436,1,0.35348,0
8716,2022,12,43,5284.0,673,0.322,2,0.140508,0
8717,2023,12,44,8846.0,573,0.3642,3,0.013749,0
8718,2021,36,39,2411.0,588,0.5993,2,0.069292,0
8719,2023,24,43,6259.0,503,0.1921,2,0.004825,0
8720,2021,24,29,3621.0,631,0.3783,2,0.086931,0
8721,2023,48,34,7341.0,722,0.2219,1,0.426419,0
8722,2023,12,39,5321.0,573,0.1928,2,0.015051,0
8723,2021,12,40,6017.0,670,0.244,1,0.149896,0
8724,2021,60,41,5077.0,573,0.352,2,0.023711,0
8725,2023,24,36,9549.0,532,0.3451,3,0.007419,0
8726,2022,48,34,5847.0,674,0.4839,2,0.099063,0
8727,2023,60,69,3454.0,807,0.176,2,0.651009,0
8728,2023,24,47,5163.0,663,0.0706,2,0.080846,0
8729,2022,12,42,4087.0,586,0.3847,1,0.068928,0
8730,2022,36,35,5330.0,592,0.2229,3,0.023499,0
8731,2022,60,33,3984.0,772,0.1567,3,0.529933,0
8732,2021,48,36,3504.0,644,0.4265,1,0.13355,0
8733,2022,36,40,5430.0,558,0.6752,1,0.03327,0
8734,2022,12,22,5054.0,615,0.0683,2,0.01845,0
8735,2022,12,22,8366.0,637,0.6523,4,0.080802,0
8736,2021,48,31,3994.0,657,0.2249,3,0.063237,0
8737,2021,12,40,1825.0,740,0.0419,1,0.416227,1
8738,2021,12,35,4097.0,722,0.4925,1,0.642631,1
8739,2023,12,52,2179.0,635,0.7181,2,0.208892,1
8740,2023,24,23,6050.0,616,0.2379,2,0.035246,0
8741,2023,36,30,2128.0,651,0.0672,1,0.095054,0
8742,2022,24,53,2998.0,571,0.4096,3,0.025365,0
8743,2022,36,39,4100.0,698,0.1102,4,0.124451,0
8744,2023,48,46,10636.0,603,0.7218,1,0.155231,0
8745,2022,24,58,2874.0,659,0.1856,2,0.128326,0
8746,2021,24,31,4945.0,757,0.6208,1,0.680716,1
8747,2021,36,37,6568.0,664,0.3772,1,0.224264,1
8748,2021,12,35,10322.0,638,0.3347,3,0.054593,0
8749,2022,24,22,7251.0,578,0.1584,2,0.011451,0
8750,2021,24,34,8493.0,613,0.4313,1,0.069526,0
8751,2023,24,46,7572.0,529,0.3845,1,0.009074,0
8752,2022,36,43,2685.0,662,0.1414,1,0.084277,1
8753,2021,12,44,5883.0,449,0.1246,1,0.00147,0
8754,2022,36,34,7513.0,697,0.6863,3,0.289797,1
8755,2022,36,31,3047.0,678,0.3082,1,0.228422,1
8756,2022,60,50,3678.0,627,0.2869,3,0.036954,1
8757,2022,24,33,3289.0,577,0.2636,2,0.027519,0
8758,2023,12,40,7232.0,618,0.0954,3,0.013531,0
8759,2022,48,39,4747.0,478,0.307,2,0.003783,0
8760,2021,24,52,4186.0,685,0.1119,3,0.077965,0
8761,2021,24,47,2589.0,606,0.3504,2,0.068018,0
8762,2022,60,25,4752.0,741,0.3305,2,0.339336,0
8763,2022,24,26,3700.0,651,0.3258,1,0.241655,1
8764,2022,48,43,5551.0,638,0.2399,3,0.056538,0
8765,2022,48,37,2775.0,652,0.3396,1,0.337886,0
8766,2021,36,33,5372.0,541,0.1273,1,0.008071,0
8767,2021,12,48,3946.0,583,0.2942,3,0.033392,0
8768,2022,36,39,2632.0,630,0.2336,1,0.064059,0
8769,2022,36,38,2531.0,595,0.1204,1,0.047207,0
8770,2021,24,45,2728.0,573,0.3511,2,0.033879,0
8771,2021,24,34,4433.0,597,0.4366,1,0.041172,0
8772,2023,24,53,5221.0,623,0.1283,2,0.028445,0
8773,2021,36,30,5625.0,805,0.1852,1,0.767395,1
8774,2022,60,44,5732.0,593,0.3109,1,0.03351,0
8775,2021,36,52,3364.0,565,0.434,1,0.056612,0
8776,2021,48,24,8343.0,607,0.3607,2,0.048308,0
8777,2022,36,34,3940.0,740,0.2582,4,0.36369,1
8778,2022,12,49,6155.0,745,0.5103,3,0.462229,1
8779,2022,36,49,4527.0,775,0.2479,1,0.498874,0
8780,2022,36,36,5930.0,624,0.0625,1,0.047853,0
8781,2021,24,30,4415.0,671,0.0557,3,0.083484,0
8782,2022,24,47,5984.0,535,0.4959,3,0.012441,0
8783,2022,48,49,4897.0,591,0.0886,1,0.021744,0
8784,2023,60,26,7383.0,530,0.2382,1,0.011454,0
8785,2021,60,25,3264.0,657,0.1785,2,0.102703,1
8786,2022,12,40,2029.0,623,0.0548,1,0.063256,0
8787,2021,48,44,3021.0,638,0.2245,1,0.046053,0
8788,2021,36,35,8387.0,552,0.3109,1,0.025612,0
8789,2022,36,44,4549.0,688,0.2354,1,0.181917,0
8790,2021,12,30,5146.0,427,0.2298,3,0.001,0
8791,2023,48,22,2902.0,599,0.2453,3,0.03624,0
8792,2023,12,33,5079.0,611,0.4918,4,0.037166,0
8793,2022,24,38,2947.0,458,0.0625,3,0.001,0
8794,2021,24,35,3172.0,650,0.3314,1,0.187868,0
8795,2022,12,26,4019.0,606,0.1325,2,0.051847,0
8796,2023,48,22,6140.0,664,0.623,2,0.281776,1
8797,2021,24,32,6476.0,779,0.0462,1,0.434726,1
8798,2021,24,46,6565.0,645,0.0486,2,0.036681,0
8799,2023,12,50,2222.0,697,0.1822,1,0.196109,0
8800,2023,36,49,4898.0,730,0.1211,3,0.185164,0
8801,2022,24,29,4454.0,659,0.1117,1,0.071576,0
8802,2022,24,26,2285.0,550,0.0659,1,0.016379,0
8803,2023,24,42,4954.0,488,0.6739,1,0.013174,0
8804,2022,36,44,4336.0,649,0.0656,2,0.053905,0
8805,2022,36,42,6347.0,587,0.3803,1,0.058,0
8806,2022,48,22,5119.0,722,0.0774,1,0.257405,0
8807,2022,36,29,3734.0,581,0.0873,2,0.021141,0
8808,2023,36,37,7808.0,618,0.6387,3,0.093792,0
8809,2022,48,42,1619.0,527,0.0985,1,0.007581,0
8810,2022,36,45,4759.0,592,0.5577,1,0.060394,0
8811,2022,36,39,2035.0,544,0.0351,2,0.008519,0
8812,2022,48,41,3115.0,551,0.0711,1,0.019513,0
8813,2022,24,38,6389.0,615,0.5116,1,0.091448,0
8814,2022,12,44,2599.0,571,0.0917,1,0.035645,0
8815,2022,48,41,2412.0,830,0.1038,4,0.527444,0
8816,2023,24,38,16171.0,686,0.4222,1,0.123515,0
8817,2021,60,35,2491.0,706,0.2364,2,0.223565,0
8818,2021,12,38,11218.0,611,0.3288,3,0.019484,0
8819,2022,12,42,4509.0,628,0.1601,3,0.036114,0
8820,2022,36,40,3780.0,585,0.298,1,0.027532,0
8821,2021,36,41,6525.0,829,0.548,3,0.765605,1
8822,2022,36,51,9588.0,611,0.2431,3,0.017776,0
8823,2021,12,40,2771.0,571,0.238,3,0.021362,0
8824,2023,24,31,3808.0,559,0.2715,3,0.021008,0
8825,2022,24,46,7506.0,646,0.1764,1,0.089734,0
8826,2023,24,24,5676.0,733,0.3937,1,0.733573,0
8827,2022,24,27,8527.0,706,0.6131,2,0.420822,1
8828,2021,12,41,6359.0,559,0.2183,1,0.029377,0
8829,2023,24,43,12138.0,557,0.2987,1,0.004925,0
8830,2021,24,25,5374.0,719,0.0034,3,0.137932,0
8831,2021,36,34,5491.0,788,0.3574,1,0.649348,1
8832,2021,24,31,5773.0,608,0.1689,4,0.018699,0
8833,2021,48,33,4577.0,716,0.0098,1,0.313413,0
8834,2022,48,47,7510.0,502,0.311,2,0.007072,0
8835,2021,12,45,5533.0,552,0.2718,1,0.020518,0
8836,2023,12,37,7289.0,539,0.1448,4,0.003296,0
8837,2023,24,32,7881.0,652,0.1361,2,0.034232,0
8838,2022,48,24,6089.0,605,0.4936,2,0.087427,0
8839,2023,48,52,6316.0,639,0.3133,3,0.037536,0
8840,2021,24,43,2966.0,717,0.5167,1,0.483778,1
8841,2021,36,30,3732.0,567,0.5546,1,0.07031,0
8842,2021,24,45,7493.0,627,0.625,4,0.057056,0
8843,2022,60,37,10015.0,512,0.3156,4,0.002003,0
8844,2023,36,35,1863.0,713,0.0632,1,0.236736,0
8845,2023,24,42,3700.0,707,0.2551,2,0.200738,1
8846,2022,24,30,4973.0,648,0.2331,2,0.071867,0
8847,2023,36,34,3166.0,629,0.1885,4,0.02778,0
8848,2022,24,39,3258.0,579,0.2653,1,0.047469,0
8849,2023,60,33,6232.0,508,0.2122,3,0.003181,0
8850,2021,48,44,10837.0,644,0.668,1,0.242015,0
8851,2023,36,56,1780.0,680,0.4596,2,0.285153,0
8852,2023,48,30,4513.0,781,0.5941,1,0.687839,1
8853,2023,36,22,6196.0,588,0.3258,1,0.027041,0
8854,2022,36,22,7260.0,641,0.3466,2,0.116803,0
8855,2022,48,36,5765.0,709,0.1071,1,0.284637,0
8856,2021,48,31,11857.0,711,0.1837,4,0.109259,1
8857,2023,12,40,4986.0,570,0.4759,2,0.026326,0
8858,2021,24,39,9471.0,597,0.2955,3,0.022154,0
8859,2023,48,22,3558.0,577,0.2853,1,0.050373,0
8860,2023,24,22,5059.0,547,0.2281,1,0.022869,0
8861,2021,24,40,2680.0,737,0.2471,1,0.527843,0
8862,2021,36,39,7711.0,625,0.554,3,0.062524,0
8863,2021,36,33,4628.0,614,0.3204,1,0.069267,0
8864,2023,36,22,5878.0,639,0.2613,1,0.091348,0
8865,2021,60,42,4202.0,624,0.432,3,0.110913,0
8866,2023,12,50,6589.0,602,0.1781,3,0.018582,0
8867,2021,36,40,5995.0,559,0.5812,2,0.039494,0
8868,2021,24,29,2989.0,745,0.4714,1,0.770658,1
8869,2022,24,38,3077.0,574,0.4358,3,0.020866,0
8870,2021,48,24,4847.0,545,0.5511,2,0.023445,0
8871,2023,48,48,6835.0,613,0.2469,4,0.017229,0
8872,2022,60,38,12475.0,792,0.5662,1,0.646058,1
8873,2021,48,22,5719.0,554,0.2988,1,0.023389,0
8874,2021,12,34,8134.0,676,0.515,1,0.241229,1
8875,2022,24,42,2194.0,600,0.3617,1,0.05756,0
8876,2022,24,34,13447.0,639,0.1684,3,0.027945,0
8877,2022,12,35,6653.0,693,0.3619,1,0.40603,0
8878,2021,48,25,4794.0,482,0.4172,3,0.002582,0
8879,2022,24,43,4526.0,548,0.1004,2,0.007888,0
8880,2022,36,31,2825.0,692,0.0649,4,0.070757,0
8881,2021,60,22,3260.0,627,0.4052,2,0.083344,0
8882,2021,12,34,12775.0,636,0.6342,1,0.132332,1
8883,2022,12,47,2997.0,676,0.4765,4,0.170898,0
8884,2021,36,34,2969.0,548,0.4898,1,0.022327,0
8885,2023,12,55,3460.0,704,0.1698,4,0.08627,0
8886,2021,36,42,2700.0,685,0.3064,2,0.184883,1
8887,2021,36,41,4953.0,639,0.1888,1,0.109319,0
8888,2021,36,36,8471.0,657,0.1294,1,0.053918,0
8889,2022,24,37,3622.0,713,0.5012,2,0.34722,0
8890,2021,36,35,2473.0,572,0.2341,1,0.026202,0
8891,2022,24,34,5687.0,672,0.5924,1,0.424306,1
8892,2021,36,43,4780.0,759,0.0883,2,0.518671,0
8893,2021,36,28,8114.0,671,0.046,1,0.09819,0
8894,2023,12,27,3916.0,602,0.4093,3,0.0216,0
8895,2021,24,26,4315.0,805,0.0512,2,0.755177,0
8896,2023,48,58,4561.0,638,0.1541,4,0.019129,0
8897,2022,48,43,5138.0,731,0.1047,3,0.211107,0
8898,2021,24,41,4039.0,586,0.2452,1,0.023618,0
8899,2021,12,27,3724.0,705,0.3655,1,0.349104,0
8900,2022,60,44,1948.0,576,0.3399,1,0.037641,0
8901,2023,12,36,3705.0,645,0.5535,2,0.187684,0
8902,2021,36,40,7028.0,571,0.0752,2,0.004039,0
8903,2021,48,28,7519.0,772,0.2636,2,0.438131,1
8904,2021,36,39,3883.0,602,0.1604,1,0.058372,0
8905,2022,24,33,9412.0,531,0.5997,4,0.007567,0
8906,2021,36,30,4845.0,627,0.1236,1,0.04707,0
8907,2022,24,45,2518.0,662,0.1461,1,0.120044,1
8908,2022,12,22,2151.0,617,0.1005,3,0.059491,0
8909,2022,48,43,9037.0,554,0.1251,1,0.013737,0
8910,2022,24,44,4079.0,702,0.3855,3,0.299387,0
8911,2021,48,29,2678.0,720,0.235,1,0.380777,1
8912,2022,24,29,1588.0,488,0.1227,2,0.004291,0
8913,2021,24,35,4033.0,549,0.2107,3,0.010597,0
8914,2022,60,40,6017.0,607,0.0726,1,0.022611,0
8915,2023,48,36,3467.0,577,0.2471,3,0.015659,0
8916,2021,48,42,2903.0,662,0.1428,3,0.085589,0
8917,2022,36,55,3734.0,767,0.4212,4,0.545013,0
8918,2023,24,32,9151.0,589,0.3145,1,0.03941,0
8919,2022,12,22,2449.0,746,0.2598,2,0.501171,1
8920,2022,24,46,3566.0,502,0.0555,1,0.003306,0
8921,2021,60,54,9004.0,656,0.4799,2,0.151291,0
8922,2022,60,41,6292.0,572,0.3981,1,0.029981,0
8923,2022,36,27,5375.0,658,0.2001,3,0.100665,0
8924,2021,36,36,3554.0,479,0.1677,1,0.003352,0
8925,2022,60,26,4990.0,517,0.119,4,0.003448,0
8926,2021,24,44,3756.0,658,0.4185,2,0.103554,1
8927,2023,48,24,3198.0,569,0.313,1,0.05732,0
8928,2022,60,34,2864.0,594,0.666,2,0.066945,1
8929,2021,60,27,7274.0,766,0.296,1,0.750536,1
8930,2022,48,39,4769.0,631,0.3894,3,0.054098,0
8931,2021,36,34,5752.0,692,0.4888,3,0.29438,0
8932,2022,36,39,5302.0,559,0.6504,3,0.020187,0
8933,2022,36,38,6127.0,512,0.3475,2,0.013754,0
8934,2022,60,28,4327.0,613,0.0207,1,0.052567,0
8935,2023,48,44,3863.0,500,0.4044,4,0.005228,0
8936,2022,24,37,3269.0,564,0.3809,2,0.03024,0
8937,2022,24,28,2424.0,639,0.1105,3,0.0714,0
8938,2022,12,60,2805.0,611,0.174,1,0.035541,0
8939,2021,48,42,4094.0,646,0.2471,2,0.07307,0
8940,2022,48,36,2205.0,668,0.1593,2,0.147357,0
8941,2023,36,52,2462.0,524,0.1427,1,0.014276,0
8942,2023,12,56,8276.0,544,0.5686,3,0.015648,0
8943,2022,24,36,5498.0,445,0.1192,2,0.001,0
8944,2021,36,41,3921.0,590,0.2027,3,0.022792,0
8945,2022,60,28,15303.0,678,0.0941,3,0.034198,0
8946,2022,48,36,2156.0,739,0.1039,2,0.383908,0
8947,2022,24,36,8005.0,635,0.3088,1,0.057551,0
8948,2023,36,39,4648.0,729,0.1654,2,0.316003,1
8949,2023,36,41,7277.0,650,0.1423,3,0.051935,0
8950,2023,36,43,5190.0,628,0.2982,1,0.057708,0
8951,2022,36,40,1927.0,571,0.3851,3,0.016014,0
8952,2021,24,25,5155.0,429,0.3335,1,0.003113,0
8953,2022,24,28,5813.0,717,0.3895,1,0.402986,0
8954,2021,36,32,1643.0,615,0.3319,1,0.09459,0
8955,2022,60,35,12991.0,731,0.5152,4,0.278043,0
8956,2021,24,48,5742.0,544,0.165,3,0.003837,0
8957,2022,36,26,6877.0,814,0.5749,4,0.767835,1
8958,2022,48,34,2744.0,600,0.2775,1,0.049719,0
8959,2022,48,47,6942.0,564,0.5708,4,0.019334,0
8960,2022,36,35,8474.0,602,0.5821,1,0.082377,0
8961,2022,48,42,5579.0,633,0.2963,1,0.05791,0
8962,2022,24,36,4892.0,614,0.3493,1,0.041537,0
8963,2022,12,40,3144.0,578,0.6117,1,0.049771,0
8964,2021,24,35,4411.0,475,0.2335,3,0.001901,0
8965,2021,24,44,3805.0,555,0.2043,2,0.010995,0
8966,2022,60,22,6542.0,705,0.2364,1,0.191241,0
8967,2021,12,34,3213.0,549,0.0447,1,0.008033,0
8968,2022,12,40,6518.0,482,0.0615,1,0.002308,0
8969,2022,24,43,3231.0,535,0.2114,4,0.003665,0
8970,2023,48,52,4311.0,612,0.4635,1,0.087341,0
8971,2021,12,34,6688.0,559,0.6244,2,0.05253,0
8972,2022,24,52,3457.0,597,0.1726,1,0.035503,0
8973,2022,36,31,6804.0,556,0.3568,3,0.008566,0
8974,2023,24,51,6480.0,700,0.1307,2,0.143395,0
8975,2022,36,46,4292.0,659,0.0986,2,0.071948,0
8976,2022,36,28,8786.0,797,0.3162,1,0.7553,0
8977,2023,48,41,5110.0,589,0.6291,3,0.057821,0
8978,2021,12,37,8528.0,597,0.2524,1,0.036529,0
8979,2023,48,44,12049.0,714,0.7054,2,0.414639,0
8980,2021,60,35,4356.0,651,0.4867,2,0.155936,0
8981,2022,24,34,6785.0,544,0.1648,1,0.012081,0
8982,2023,36,51,3573.0,664,0.2791,1,0.166565,1
8983,2022,36,37,2932.0,651,0.3565,1,0.129066,0
8984,2022,60,46,4457.0,476,0.1898,1,0.003582,0
8985,2022,24,35,2487.0,567,0.0625,1,0.0159,0
8986,2021,48,54,3075.0,635,0.1447,2,0.046271,0
8987,2022,36,31,6606.0,735,0.2431,1,0.29019,1
8988,2023,24,31,3802.0,675,0.2017,4,0.119399,0
8989,2022,24,53,7011.0,574,0.1161,3,0.0083,0
8990,2023,24,33,5708.0,563,0.2427,1,0.033227,0
8991,2022,12,54,12402.0,683,0.0979,2,0.040844,0
8992,2023,48,46,6388.0,425,0.272,3,0.001,0
8993,2023,60,36,8579.0,555,0.2915,1,0.015156,0
8994,2023,36,22,6009.0,732,0.2327,1,0.429947,0
8995,2023,12,37,5743.0,643,0.2758,1,0.122288,0
8996,2023,12,39,8799.0,559,0.2924,2,0.013719,0
8997,2021,12,49,6866.0,523,0.4007,1,0.009357,0
8998,2022,24,53,5459.0,687,0.448,2,0.177809,0
8999,2021,48,31,5447.0,626,0.2347,1,0.092299,1
9000,2022,12,46,6432.0,602,0.4134,3,0.011557,0
9001,2022,24,45,3513.0,649,0.5904,4,0.142036,0
9002,2021,36,48,3440.0,633,0.3174,3,0.056489,0
9003,2022,24,42,10024.0,627,0.0394,1,0.02765,0
9004,2021,36,22,12484.0,514,0.4475,2,0.007602,0
9005,2022,12,36,3089.0,537,0.5368,2,0.014609,0
9006,2022,36,26,3517.0,679,0.1969,3,0.110635,0
9007,2023,12,35,8702.0,664,0.3837,1,0.157564,0
9008,2023,12,47,6417.0,650,0.1416,4,0.03357,0
9009,2022,36,41,6893.0,573,0.6685,3,0.069703,0
9010,2022,12,49,7695.0,681,0.5182,1,0.195688,0
9011,2021,36,41,4357.0,590,0.1103,2,0.024465,0
9012,2021,48,25,5796.0,724,0.0852,2,0.174425,0
9013,2021,48,22,5575.0,560,0.2056,3,0.009605,0
9014,2022,24,39,3200.0,577,0.5822,1,0.104898,0
9015,2023,36,35,5753.0,607,0.348,1,0.052354,0
9016,2021,36,28,9126.0,687,0.1844,1,0.176611,0
9017,2022,48,22,4159.0,617,0.6188,2,0.163501,0
9018,2022,60,30,5304.0,623,0.4192,1,0.138552,1
9019,2021,24,36,5450.0,588,0.4005,4,0.024405,0
9020,2022,12,44,4263.0,641,0.2048,1,0.067234,0
9021,2023,36,39,6894.0,614,0.1683,2,0.028296,0
9022,2021,48,54,3498.0,557,0.3808,1,0.028153,0
9023,2023,48,27,9569.0,630,0.379,1,0.106221,0
9024,2021,36,46,6722.0,632,0.5505,2,0.077366,1
9025,2023,48,38,3077.0,807,0.1428,2,0.650448,1
9026,2023,12,44,11487.0,571,0.4533,4,0.013407,0
9027,2022,48,33,5346.0,552,0.3866,3,0.018631,0
9028,2021,24,48,3424.0,642,0.4569,3,0.124524,0
9029,2022,12,40,8538.0,540,0.0793,2,0.004359,0
9030,2022,12,31,6294.0,534,0.1574,4,0.004868,0
9031,2021,60,37,2026.0,505,0.301,3,0.005573,0
9032,2023,12,35,3779.0,558,0.1892,1,0.009043,0
9033,2021,12,42,5651.0,560,0.3158,1,0.028868,0
9034,2021,24,26,1669.0,517,0.2102,1,0.015732,0
9035,2021,24,37,5128.0,599,0.2524,2,0.044632,0
9036,2021,24,41,5319.0,430,0.2141,3,0.001,0
9037,2021,36,38,2720.0,659,0.2162,4,0.061555,0
9038,2023,24,51,5627.0,575,0.0351,4,0.011244,0
9039,2021,36,45,4933.0,587,0.3398,3,0.011691,0
9040,2022,24,37,2709.0,666,0.2962,1,0.156014,0
9041,2021,12,40,7784.0,649,0.1346,1,0.070307,0
9042,2023,48,40,7472.0,569,0.0361,1,0.019759,0
9043,2021,24,42,4252.0,656,0.5193,2,0.210599,0
9044,2021,24,22,4450.0,743,0.6116,2,0.761836,1
9045,2023,36,34,7067.0,539,0.3609,3,0.006457,0
9046,2022,36,23,4446.0,680,0.4275,1,0.327833,0
9047,2021,36,50,1872.0,530,0.4527,2,0.011482,0
9048,2022,24,37,6270.0,714,0.4642,4,0.35276,1
9049,2023,24,36,3273.0,563,0.2672,1,0.027865,0
9050,2021,12,46,4044.0,559,0.4998,1,0.033998,0
9051,2022,36,42,10188.0,711,0.2394,1,0.315077,0
9052,2022,48,26,4596.0,677,0.0834,3,0.068096,0
9053,2022,24,37,4919.0,565,0.3829,1,0.03089,0
9054,2022,36,34,6341.0,630,0.1847,4,0.025302,0
9055,2022,24,22,6328.0,563,0.2064,3,0.00984,0
9056,2021,24,31,3104.0,492,0.2974,1,0.00897,0
9057,2021,12,36,4769.0,635,0.4263,3,0.100716,0
9058,2022,36,36,5004.0,591,0.4765,1,0.075053,0
9059,2021,12,23,5631.0,544,0.3217,3,0.009018,0
9060,2021,24,49,5679.0,724,0.3772,2,0.394213,0
9061,2021,48,36,17921.0,547,0.1349,4,0.002028,0
9062,2023,36,38,2730.0,631,0.2751,2,0.040686,0
9063,2022,24,42,8023.0,706,0.3071,3,0.234108,0
9064,2021,36,30,8881.0,599,0.432,2,0.058411,0
9065,2021,36,42,6288.0,561,0.1397,4,0.005897,0
9066,2021,48,34,3550.0,643,0.4992,2,0.195722,0
9067,2022,24,29,11297.0,656,0.0653,4,0.039406,0
9068,2022,36,43,1643.0,690,0.4001,2,0.156677,0
9069,2023,60,52,3492.0,769,0.2776,1,0.760191,1
9070,2021,24,45,8829.0,583,0.247,1,0.017798,0
9071,2021,48,47,4084.0,635,0.1171,2,0.073816,1
9072,2021,36,32,10919.0,518,0.5218,2,0.007827,0
9073,2022,36,22,2308.0,673,0.2619,2,0.193529,0
9074,2022,24,52,2818.0,634,0.1584,1,0.045736,0
9075,2021,48,58,3768.0,605,0.2918,1,0.061628,0
9076,2023,24,53,6055.0,570,0.1671,2,0.008443,1
9077,2023,48,34,4398.0,592,0.3833,1,0.048959,0
9078,2021,24,26,3846.0,638,0.2766,2,0.118863,0
9079,2022,36,27,9999.0,542,0.1701,2,0.007887,0
9080,2022,24,22,10475.0,595,0.142,1,0.023845,0
9081,2022,36,36,3995.0,621,0.1021,4,0.015115,0
9082,2023,24,54,2090.0,496,0.2804,2,0.004616,0
9083,2021,12,36,1671.0,535,0.4505,4,0.008474,0
9084,2022,24,41,5539.0,567,0.3369,1,0.024301,0
9085,2023,36,51,6822.0,745,0.1415,3,0.168941,0
9086,2023,12,33,5072.0,553,0.0129,1,0.009109,0
9087,2022,12,58,4744.0,615,0.4049,2,0.04616,0
9088,2022,24,57,3287.0,536,0.2214,1,0.021245,0
9089,2021,12,36,6819.0,557,0.2894,1,0.016581,0
9090,2022,48,32,11374.0,504,0.1694,1,0.004643,0
9091,2022,48,44,1622.0,673,0.2535,3,0.139397,0
9092,2023,24,34,4728.0,513,0.4513,3,0.003245,0
9093,2022,12,26,3025.0,692,0.2502,1,0.267645,0
9094,2021,48,50,2333.0,657,0.1533,1,0.092701,0
9095,2023,36,50,2793.0,613,0.4091,4,0.047378,0
9096,2022,24,39,5942.0,695,0.2624,3,0.084916,0
9097,2021,60,25,6018.0,850,0.3267,1,0.90564,0
9098,2023,24,25,10200.0,658,0.4855,1,0.204468,1
9099,2022,36,39,4936.0,530,0.3564,1,0.009676,0
9100,2022,12,33,2040.0,739,0.5831,1,0.685274,0
9101,2021,36,34,4363.0,634,0.5738,3,0.080586,0
9102,2023,36,48,2457.0,788,0.051,1,0.594021,1
9103,2023,24,45,2688.0,579,0.2002,2,0.018831,0
9104,2023,36,51,6570.0,722,0.157,1,0.233045,0
9105,2022,36,28,5416.0,619,0.5839,2,0.099397,0
9106,2021,24,34,6593.0,832,0.2886,4,0.756449,1
9107,2022,24,45,4110.0,597,0.0892,2,0.031615,0
9108,2021,36,42,7297.0,850,0.2501,2,0.926006,1
9109,2022,12,53,3997.0,655,0.2975,3,0.043148,0
9110,2021,36,42,8590.0,687,0.3572,2,0.174801,0
9111,2021,12,56,5839.0,756,0.7029,1,0.773941,1
9112,2022,24,43,4432.0,556,0.216,1,0.011787,0
9113,2022,24,48,5465.0,697,0.3322,4,0.199925,0
9114,2021,24,34,4871.0,596,0.2586,1,0.036909,0
9115,2023,12,38,10917.0,632,0.3641,4,0.036422,0
9116,2022,48,47,5556.0,626,0.102,2,0.048727,0
9117,2022,36,54,4911.0,665,0.2096,2,0.102238,1
9118,2021,12,45,4362.0,662,0.1232,4,0.031187,0
9119,2021,60,37,7492.0,573,0.2108,2,0.015091,0
9120,2023,36,51,7002.0,629,0.4748,4,0.04266,0
9121,2021,48,22,4286.0,433,0.1184,2,0.00167,0
9122,2022,24,23,2758.0,699,0.1126,3,0.215913,1
9123,2023,48,44,3131.0,755,0.5125,1,0.686725,1
9124,2023,48,38,4482.0,635,0.0492,1,0.057157,0
9125,2022,24,44,9648.0,491,0.1447,3,0.002298,0
9126,2022,12,38,4337.0,679,0.093,2,0.093934,0
9127,2021,12,43,3652.0,558,0.6076,3,0.017197,0
9128,2023,36,29,2038.0,634,0.3538,1,0.131363,0
9129,2021,12,43,10475.0,674,0.3661,3,0.141004,0
9130,2022,36,47,6532.0,663,0.2828,2,0.068131,0
9131,2022,12,50,7317.0,706,0.5707,1,0.313361,1
9132,2021,24,58,7949.0,631,0.2856,4,0.024998,0
9133,2022,60,40,4526.0,633,0.4732,4,0.060258,0
9134,2022,36,40,5127.0,678,0.114,2,0.155622,1
9135,2022,36,22,10345.0,614,0.5304,2,0.09039,1
9136,2023,12,32,5376.0,564,0.2719,2,0.01691,0
9137,2022,24,36,6593.0,656,0.4615,3,0.106651,0
9138,2021,12,48,7595.0,529,0.3188,3,0.005348,0
9139,2021,48,31,6778.0,613,0.468,2,0.062372,0
9140,2021,36,45,4610.0,509,0.1928,4,0.003236,0
9141,2023,36,37,4832.0,575,0.4097,1,0.043116,0
9142,2023,60,36,7250.0,578,0.4593,1,0.043647,0
9143,2022,36,40,7245.0,541,0.1229,3,0.00358,0
9144,2022,48,34,8814.0,708,0.2496,3,0.208527,0
9145,2023,36,33,6474.0,701,0.2979,1,0.183188,0
9146,2022,36,22,6623.0,725,0.1312,1,0.288441,0
9147,2022,36,35,3932.0,604,0.2403,1,0.107219,1
9148,2021,12,33,3675.0,585,0.289,1,0.037551,0
9149,2023,60,32,7261.0,684,0.0721,1,0.127414,1
9150,2022,24,42,3688.0,630,0.2178,3,0.044374,0
9151,2022,60,44,4864.0,629,0.1571,2,0.033091,0
9152,2022,24,40,9794.0,416,0.3593,2,0.001,0
9153,2022,12,47,9048.0,680,0.4408,3,0.098223,0
9154,2021,60,43,5715.0,669,0.295,1,0.162174,0
9155,2021,48,35,4238.0,619,0.3051,3,0.03949,0
9156,2022,36,33,4621.0,685,0.2512,1,0.26377,1
9157,2021,24,41,7584.0,668,0.1541,1,0.118201,0
9158,2021,24,43,4826.0,564,0.1977,3,0.010184,0
9159,2023,60,51,3718.0,602,0.2152,4,0.015692,0
9160,2021,24,49,9026.0,539,0.3381,1,0.016238,0
9161,2021,36,32,5382.0,736,0.0731,2,0.2841,0
9162,2023,36,36,3683.0,698,0.1072,2,0.226694,0
9163,2021,12,44,6245.0,554,0.1561,1,0.012652,0
9164,2022,24,48,7987.0,669,0.1351,2,0.054334,0
9165,2023,24,47,2970.0,642,0.3345,1,0.146992,0
9166,2022,12,37,4446.0,565,0.078,2,0.009449,0
9167,2021,36,25,4344.0,629,0.463,2,0.134626,0
9168,2021,36,28,6162.0,688,0.1553,2,0.284704,0
9169,2022,24,40,6741.0,695,0.4829,1,0.228278,0
9170,2022,36,41,3730.0,806,0.1994,1,0.667991,0
9171,2021,24,27,2330.0,627,0.1551,1,0.105338,0
9172,2022,60,38,8233.0,600,0.0493,2,0.025862,0
9173,2021,24,44,2807.0,664,0.1267,2,0.046337,0
9174,2022,12,26,5628.0,605,0.3174,4,0.023821,0
9175,2023,48,49,4601.0,573,0.2505,1,0.03039,0
9176,2021,36,34,5331.0,545,0.0447,1,0.008582,0
9177,2022,48,50,11222.0,345,0.5448,1,0.001,0
9178,2023,36,32,20000.0,678,0.4457,2,0.074366,0
9179,2021,60,27,2172.0,488,0.3989,2,0.007835,0
9180,2022,36,33,8038.0,549,0.1347,1,0.015592,0
9181,2023,60,37,4545.0,643,0.2048,2,0.105866,0
9182,2022,36,34,8299.0,594,0.222,3,0.016921,0
9183,2023,60,35,7932.0,791,0.1436,3,0.4078,0
9184,2023,12,41,9945.0,499,0.2446,3,0.002317,0
9185,2023,24,36,5667.0,799,0.1833,1,0.698403,0
9186,2023,12,37,3150.0,730,0.2211,3,0.282386,0
9187,2022,24,22,7815.0,692,0.4359,1,0.282559,1
9188,2022,12,41,5213.0,735,0.4319,3,0.412302,0
9189,2022,48,37,4372.0,652,0.3898,1,0.136366,1
9190,2021,60,54,3873.0,483,0.741,1,0.016547,0
9191,2021,36,28,8129.0,661,0.5093,2,0.185349,0
9192,2021,24,22,10956.0,501,0.2511,2,0.002798,0
9193,2022,36,44,2704.0,577,0.2455,4,0.023505,0
9194,2022,48,41,6707.0,613,0.0356,1,0.037777,0
9195,2021,24,27,4080.0,547,0.4748,2,0.029815,0
9196,2022,12,22,2360.0,695,0.2353,2,0.276625,0
9197,2023,48,53,5291.0,602,0.3707,2,0.031449,0
9198,2021,12,52,3240.0,652,0.4556,1,0.171607,0
9199,2022,36,22,2233.0,619,0.0428,4,0.024893,0
9200,2021,36,33,3325.0,630,0.326,4,0.039139,0
9201,2022,12,54,2940.0,549,0.2052,3,0.006367,0
9202,2022,24,33,3557.0,526,0.4374,3,0.011479,0
9203,2023,48,33,2533.0,607,0.2451,2,0.018042,0
9204,2023,48,35,4034.0,542,0.1634,3,0.005233,0
9205,2022,24,26,3441.0,731,0.5316,2,0.591936,0
9206,2021,24,22,5930.0,509,0.5011,1,0.017236,0
9207,2023,24,48,6613.0,806,0.2732,3,0.565285,0
9208,2023,12,22,5597.0,644,0.2389,2,0.106242,0
9209,2023,12,40,4369.0,625,0.3464,1,0.080673,0
9210,2023,12,46,4310.0,576,0.3559,2,0.014912,0
9211,2021,24,23,3234.0,672,0.4281,2,0.236158,0
9212,2021,36,28,3273.0,603,0.2651,1,0.061402,0
9213,2021,48,50,6987.0,644,0.1863,1,0.052668,0
9214,2022,24,43,2039.0,687,0.0516,1,0.131841,0
9215,2023,48,31,4720.0,673,0.2189,1,0.195033,0
9216,2021,36,50,4181.0,719,0.3527,1,0.381567,0
9217,2023,36,50,6631.0,663,0.4097,1,0.193433,1
9218,2023,24,40,2410.0,543,0.4755,1,0.03332,0
9219,2022,60,28,4946.0,453,0.2479,3,0.001943,0
9220,2021,24,33,5834.0,636,0.1663,4,0.021132,0
9221,2022,24,40,1896.0,638,0.2477,2,0.079452,1
9222,2022,36,36,2872.0,774,0.3285,2,0.811587,1
9223,2021,12,47,4694.0,610,0.37,4,0.058247,0
9224,2022,12,22,6355.0,649,0.0965,3,0.091758,0
9225,2021,12,23,5384.0,682,0.1364,2,0.143142,0
9226,2023,36,39,6504.0,661,0.1427,2,0.091046,0
9227,2023,24,33,2865.0,687,0.1867,3,0.11125,1
9228,2021,36,31,2221.0,554,0.275,1,0.01381,0
9229,2022,60,22,5127.0,541,0.6063,3,0.02913,0
9230,2021,60,38,2658.0,597,0.6874,1,0.113358,0
9231,2023,12,37,3189.0,446,0.0832,2,0.001,0
9232,2023,24,44,7833.0,616,0.6069,1,0.138778,0
9233,2022,24,38,5402.0,567,0.2464,3,0.025322,0
9234,2023,36,36,3699.0,645,0.2893,4,0.067475,0
9235,2023,48,49,3467.0,598,0.5528,2,0.059329,0
9236,2021,60,24,6704.0,538,0.1611,3,0.006705,0
9237,2022,12,43,5464.0,724,0.2765,1,0.343825,1
9238,2023,24,22,2678.0,626,0.4339,2,0.105515,1
9239,2022,12,29,1856.0,689,0.2593,3,0.208423,0
9240,2023,48,25,12593.0,634,0.5414,3,0.042078,0
9241,2021,48,45,2667.0,657,0.2205,4,0.066383,0
9242,2022,60,37,6399.0,511,0.4703,3,0.008274,0
9243,2022,24,37,10460.0,722,0.3247,2,0.270115,0
9244,2021,36,26,5291.0,690,0.1679,3,0.088723,0
9245,2021,36,35,3640.0,618,0.1508,1,0.099351,0
9246,2022,48,30,2409.0,643,0.157,3,0.04391,0
9247,2022,36,41,2392.0,700,0.7573,3,0.393139,0
9248,2022,24,28,5933.0,590,0.0823,1,0.025016,0
9249,2021,24,51,10153.0,493,0.0596,3,0.001997,0
9250,2021,48,22,4033.0,591,0.3403,3,0.020342,0
9251,2022,12,29,3722.0,632,0.5911,4,0.106924,0
9252,2022,12,54,6966.0,617,0.473,4,0.034375,0
9253,2022,48,33,3488.0,725,0.3529,1,0.648661,0
9254,2021,60,24,5638.0,543,0.2402,2,0.013146,0
9255,2021,36,40,5019.0,553,0.0815,3,0.005878,0
9256,2022,24,33,4005.0,535,0.1457,3,0.003991,0
9257,2021,24,29,4877.0,654,0.3216,3,0.085797,0
9258,2022,36,27,11868.0,497,0.4051,1,0.006076,0
9259,2023,36,65,6649.0,679,0.2308,3,0.033342,0
9260,2021,24,35,8487.0,545,0.248,1,0.011945,0
9261,2021,36,22,3105.0,558,0.7389,2,0.107982,0
9262,2023,24,52,8501.0,761,0.2248,1,0.414301,1
9263,2022,36,44,6765.0,718,0.2614,2,0.232229,1
9264,2022,36,30,2322.0,629,0.5207,1,0.172839,1
9265,2021,36,28,6437.0,515,0.2066,2,0.005234,0
9266,2023,60,44,3802.0,781,0.2471,3,0.389315,0
9267,2021,60,35,2269.0,604,0.1122,1,0.058328,0
9268,2022,60,22,5244.0,639,0.1737,1,0.084181,0
9269,2021,36,55,6435.0,692,0.2212,1,0.156476,0
9270,2021,24,33,5302.0,462,0.0869,1,0.002364,0
9271,2022,60,52,4654.0,568,0.4895,2,0.019196,0
9272,2021,24,50,4166.0,614,0.2701,1,0.043071,0
9273,2023,12,27,16870.0,630,0.681,3,0.04236,0
9274,2022,24,48,2721.0,515,0.2704,1,0.008041,0
9275,2021,36,31,7604.0,646,0.023,4,0.019078,0
9276,2021,36,22,4953.0,622,0.3855,4,0.035407,0
9277,2022,24,33,3206.0,753,0.1983,3,0.290821,0
9278,2021,24,41,4797.0,700,0.4597,3,0.218536,0
9279,2022,36,33,2449.0,598,0.4078,3,0.055565,1
9280,2022,24,34,3649.0,604,0.3154,3,0.040733,0
9281,2023,36,49,4801.0,701,0.1447,1,0.218891,0
9282,2023,48,39,2263.0,642,0.3844,4,0.082572,0
9283,2021,36,29,6331.0,510,0.2776,3,0.004888,0
9284,2023,24,45,3035.0,787,0.3813,2,0.691982,0
9285,2023,24,39,2378.0,540,0.1427,1,0.010763,0
9286,2022,36,22,2863.0,818,0.4015,3,0.871039,1
9287,2021,36,42,14588.0,654,0.2992,4,0.04695,0
9288,2023,36,41,1828.0,569,0.261,2,0.012619,0
9289,2023,24,38,6112.0,430,0.0722,1,0.001231,0
9290,2021,48,46,3375.0,682,0.1501,4,0.060317,0
9291,2022,24,31,4125.0,495,0.3761,1,0.006002,0
9292,2022,12,41,6647.0,648,0.1434,3,0.051665,0
9293,2022,60,22,6486.0,774,0.3322,4,0.32236,1
9294,2021,48,42,3497.0,528,0.1207,1,0.005482,0
9295,2023,48,57,2493.0,679,0.4516,1,0.478819,0
9296,2021,36,28,6708.0,555,0.3403,3,0.006457,0
9297,2021,24,30,6478.0,710,0.4264,1,0.299041,1
9298,2021,36,30,4262.0,625,0.1579,2,0.05677,0
9299,2021,12,39,6130.0,618,0.3695,3,0.034612,0
9300,2022,48,27,3933.0,716,0.2134,2,0.358648,0
9301,2021,36,42,3250.0,670,0.3062,2,0.19429,0
9302,2022,60,46,4925.0,555,0.126,1,0.010086,0
9303,2023,36,43,6371.0,762,0.5887,1,0.826924,0
9304,2021,24,22,5737.0,497,0.4994,1,0.008729,0
9305,2023,36,47,6340.0,642,0.0117,2,0.032127,0
9306,2023,36,47,3360.0,554,0.2702,2,0.012624,0
9307,2021,24,46,10839.0,501,0.2036,1,0.003554,0
9308,2022,48,41,4141.0,529,0.1964,1,0.012903,0
9309,2023,36,40,4631.0,616,0.4912,1,0.138017,0
9310,2022,24,48,2542.0,647,0.2643,2,0.098836,0
9311,2022,12,57,4461.0,704,0.4612,1,0.460411,1
9312,2021,12,28,6413.0,738,0.1071,1,0.244415,0
9313,2021,48,48,7196.0,642,0.3759,2,0.074414,0
9314,2021,24,37,10732.0,584,0.1299,2,0.015474,0
9315,2021,24,36,6375.0,703,0.3733,2,0.221938,0
9316,2021,24,22,5645.0,570,0.43,4,0.014074,0
9317,2023,24,35,3932.0,492,0.1415,2,0.003004,0
9318,2023,48,28,3530.0,695,0.3193,1,0.320106,0
9319,2021,24,33,7983.0,725,0.3385,1,0.457006,0
9320,2022,36,27,7907.0,554,0.5968,2,0.039842,0
9321,2023,48,33,2868.0,776,0.2409,2,0.625015,1
9322,2023,60,33,7055.0,666,0.1986,2,0.091302,0
9323,2022,36,38,6803.0,654,0.2265,1,0.09772,0
9324,2021,12,22,2816.0,578,0.3965,1,0.053709,0
9325,2022,12,23,6440.0,701,0.1707,3,0.095325,0
9326,2023,60,41,2908.0,498,0.2998,2,0.007379,0
9327,2022,24,30,1459.0,592,0.4108,1,0.12806,0
9328,2021,48,48,4537.0,561,0.3499,2,0.020915,0
9329,2022,12,40,5591.0,515,0.2113,2,0.004365,0
9330,2022,24,44,4640.0,689,0.0751,2,0.116925,0
9331,2023,12,52,20000.0,647,0.5326,1,0.094864,1
9332,2022,48,34,5940.0,684,0.1903,3,0.080737,1
9333,2021,48,32,5290.0,597,0.255,1,0.035648,0
9334,2023,24,46,6092.0,698,0.3661,1,0.152484,0
9335,2022,60,43,3942.0,626,0.5274,1,0.151317,0
9336,2023,12,36,7822.0,582,0.0979,3,0.014869,0
9337,2021,60,51,5887.0,568,0.2831,3,0.016776,0
9338,2021,36,35,5754.0,461,0.4761,4,0.001512,0
9339,2023,48,38,3597.0,713,0.2656,3,0.139122,0
9340,2021,36,38,2248.0,704,0.3552,2,0.314658,0
9341,2021,36,28,3825.0,850,0.4092,3,0.86666,1
9342,2021,24,38,5661.0,593,0.505,1,0.062692,0
9343,2021,48,51,3935.0,566,0.0695,1,0.014203,0
9344,2022,36,42,5687.0,483,0.1122,4,0.001481,0
9345,2021,24,38,4376.0,696,0.2519,3,0.185381,1
9346,2023,60,36,6095.0,678,0.2716,2,0.162535,0
9347,2021,36,41,3016.0,744,0.1145,3,0.377126,0
9348,2022,36,45,5412.0,546,0.2897,2,0.013025,0
9349,2021,36,44,3567.0,677,0.0581,1,0.163201,1
9350,2021,36,34,2278.0,578,0.0942,1,0.023942,0
9351,2022,48,41,4525.0,727,0.5461,2,0.393517,0
9352,2022,24,42,10595.0,662,0.0816,2,0.060937,0
9353,2023,24,27,2370.0,495,0.1754,3,0.003256,0
9354,2021,24,39,5217.0,609,0.2786,2,0.036339,0
9355,2022,24,22,7323.0,464,0.3038,2,0.004241,0
9356,2021,24,42,15522.0,526,0.2161,4,0.001584,0
9357,2022,36,44,3841.0,531,0.5045,1,0.013956,0
9358,2023,36,45,3583.0,568,0.0412,1,0.013401,0
9359,2021,48,34,2743.0,598,0.3255,4,0.020885,0
9360,2022,36,41,8693.0,633,0.2521,1,0.030142,0
9361,2022,24,52,3185.0,629,0.093,1,0.053187,0
9362,2021,24,52,4083.0,618,0.3735,2,0.0725,0
9363,2023,36,37,1950.0,646,0.3002,3,0.071273,1
9364,2023,48,39,7646.0,520,0.0676,3,0.002765,0
9365,2023,36,49,8770.0,625,0.2358,1,0.043967,0
9366,2021,36,22,7502.0,734,0.4724,1,0.488209,1
9367,2021,24,34,2202.0,606,0.4653,4,0.029293,0
9368,2022,48,51,6658.0,659,0.1584,1,0.04768,0
9369,2022,48,47,2130.0,652,0.1393,4,0.049859,0
9370,2021,60,41,5059.0,688,0.4017,2,0.18766,0
9371,2021,12,22,5445.0,642,0.7495,4,0.10704,0
9372,2021,48,37,5739.0,687,0.4101,1,0.246413,0
9373,2023,36,32,6421.0,660,0.2961,2,0.086787,0
9374,2023,36,41,4895.0,672,0.3749,3,0.120341,0
9375,2021,36,29,1842.0,655,0.3724,2,0.087066,0
9376,2022,48,27,6422.0,539,0.0885,1,0.01136,0
9377,2021,36,22,5161.0,526,0.5107,1,0.029574,0
9378,2022,36,50,3130.0,591,0.334,1,0.031992,0
9379,2022,36,34,2242.0,744,0.4804,1,0.704575,1
9380,2023,60,39,10615.0,606,0.4594,3,0.0236,0
9381,2021,24,37,9097.0,644,0.4459,3,0.139052,0
9382,2023,60,27,6995.0,462,0.6911,2,0.004517,0
9383,2022,60,25,3505.0,635,0.1752,2,0.101614,0
9384,2021,24,27,1396.0,626,0.0496,2,0.059638,0
9385,2022,24,30,7204.0,406,0.2257,1,0.001,0
9386,2021,36,41,5904.0,643,0.1578,2,0.06894,0
9387,2022,24,30,4075.0,487,0.6317,2,0.008529,0
9388,2021,24,55,8625.0,561,0.02,1,0.005427,0
9389,2021,36,48,7510.0,699,0.3207,2,0.189717,0
9390,2021,36,46,5367.0,632,0.3273,2,0.060083,0
9391,2021,36,36,5002.0,584,0.0972,1,0.022922,0
9392,2021,48,53,5042.0,577,0.3545,3,0.014357,0
9393,2023,60,35,6905.0,586,0.6314,1,0.089295,0
9394,2021,12,37,3201.0,632,0.4871,1,0.233313,1
9395,2022,24,39,6081.0,523,0.1389,1,0.005639,0
9396,2022,36,45,3102.0,709,0.0616,1,0.226071,0
9397,2023,60,44,9588.0,528,0.0781,1,0.00355,0
9398,2023,24,33,6413.0,481,0.3747,1,0.005114,0
9399,2022,24,32,3484.0,699,0.1735,1,0.366385,0
9400,2022,48,44,5117.0,585,0.4601,2,0.057763,0
9401,2022,36,45,3207.0,625,0.0723,2,0.034316,0
9402,2021,12,34,10426.0,672,0.0959,3,0.039169,0
9403,2023,36,22,11064.0,562,0.2857,3,0.008214,0
9404,2021,36,35,6961.0,630,0.3322,4,0.042702,1
9405,2021,24,44,10704.0,671,0.1909,1,0.059988,0
9406,2022,36,56,5302.0,751,0.0457,2,0.239291,0
9407,2023,12,26,7199.0,579,0.5113,1,0.106358,0
9408,2022,24,33,9067.0,582,0.6045,2,0.035059,0
9409,2021,12,34,4901.0,665,0.1322,1,0.138249,0
9410,2021,36,51,5093.0,636,0.4338,1,0.159315,1
9411,2022,24,37,7839.0,609,0.2863,3,0.024703,0
9412,2021,60,28,6790.0,747,0.1034,2,0.217594,0
9413,2021,12,43,3369.0,485,0.2239,2,0.004513,0
9414,2022,48,33,1647.0,506,0.6204,1,0.029974,0
9415,2022,60,25,4502.0,486,0.4558,2,0.011452,0
9416,2021,12,29,1723.0,716,0.1312,3,0.233594,1
9417,2021,24,55,2994.0,661,0.1229,3,0.037303,0
9418,2021,60,41,3174.0,510,0.1968,1,0.008179,0
9419,2023,48,39,3698.0,610,0.5406,4,0.046154,0
9420,2022,12,35,7407.0,617,0.3069,2,0.056339,0
9421,2022,60,40,8257.0,443,0.5136,1,0.004008,0
9422,2022,12,40,6338.0,635,0.161,2,0.058428,0
9423,2022,60,40,6743.0,525,0.1266,2,0.004475,0
9424,2023,36,39,6823.0,676,0.0748,1,0.126525,0
9425,2021,12,46,1410.0,528,0.5857,2,0.015686,0
9426,2022,36,38,4940.0,637,0.2697,3,0.032667,0
9427,2023,60,28,2002.0,723,0.0646,2,0.190107,0
9428,2021,36,31,6340.0,697,0.205,3,0.099191,0
9429,2021,12,22,1726.0,660,0.3428,1,0.17779,0
9430,2021,24,58,4491.0,613,0.3111,1,0.062303,1
9431,2021,36,46,6463.0,499,0.5453,2,0.005555,0
9432,2023,24,29,2811.0,584,0.4615,2,0.045932,1
9433,2023,36,35,7949.0,601,0.1549,2,0.025366,0
9434,2022,36,31,6332.0,596,0.2205,2,0.024695,0
9435,2022,36,53,5946.0,497,0.1233,1,0.004191,0
9436,2022,48,23,6967.0,654,0.3226,4,0.085033,0
9437,2022,48,39,4107.0,525,0.1432,4,0.004153,0
9438,2021,36,36,5303.0,743,0.3662,1,0.55879,0
9439,2023,48,46,4940.0,631,0.3136,1,0.10863,0
9440,2021,24,36,4884.0,698,0.1689,1,0.098622,0
9441,2021,12,22,3512.0,696,0.7415,3,0.4124,1
9442,2022,36,35,2641.0,786,0.5455,2,0.695379,1
9443,2021,36,28,4153.0,634,0.8322,2,0.248071,0
9444,2022,24,38,4040.0,588,0.3469,2,0.038317,0
9445,2023,60,52,3400.0,590,0.4468,3,0.047025,0
9446,2023,12,22,7525.0,739,0.2938,1,0.341704,0
9447,2023,24,29,2735.0,514,0.2182,4,0.003122,0
9448,2021,60,32,4511.0,549,0.5657,1,0.032727,0
9449,2022,48,34,8806.0,638,0.261,1,0.102983,0
9450,2023,24,45,7743.0,607,0.3911,3,0.030726,0
9451,2022,24,36,9029.0,697,0.2045,2,0.136869,0
9452,2021,36,42,3658.0,512,0.0973,1,0.005315,0
9453,2021,60,31,7275.0,614,0.733,2,0.113395,0
9454,2022,24,40,2889.0,605,0.3743,2,0.059961,1
9455,2022,60,45,4282.0,534,0.1115,2,0.003791,0
9456,2021,36,30,4488.0,690,0.1801,2,0.173425,0
9457,2022,24,45,3685.0,612,0.2808,1,0.058156,0
9458,2022,60,38,4101.0,609,0.2802,4,0.035848,1
9459,2022,60,48,3840.0,554,0.4068,2,0.03097,0
9460,2022,24,35,3007.0,590,0.3007,1,0.065757,0
9461,2022,24,41,7542.0,538,0.144,1,0.007703,0
9462,2023,60,37,4486.0,689,0.2341,2,0.161558,0
9463,2021,48,37,5436.0,702,0.2443,2,0.153164,0
9464,2021,36,40,5334.0,754,0.2024,4,0.172756,0
9465,2021,36,43,5051.0,654,0.1983,1,0.062833,0
9466,2022,24,25,5148.0,592,0.1397,2,0.029992,0
9467,2022,60,52,4219.0,582,0.3625,2,0.024376,0
9468,2022,24,22,9989.0,659,0.3477,3,0.073957,0
9469,2022,12,31,7189.0,636,0.0905,3,0.030274,0
9470,2021,48,37,4960.0,606,0.0605,1,0.056362,0
9471,2022,36,42,3930.0,599,0.6099,3,0.048564,0
9472,2022,36,53,4631.0,713,0.6073,1,0.466922,0
9473,2022,48,22,6056.0,585,0.4265,1,0.069966,0
9474,2023,48,32,10404.0,727,0.1704,3,0.186024,0
9475,2023,36,22,2474.0,634,0.3946,1,0.142192,1
9476,2022,24,38,6836.0,590,0.2318,1,0.025739,0
9477,2021,48,40,8633.0,557,0.5151,1,0.039997,0
9478,2022,24,53,2337.0,607,0.1623,2,0.022365,0
9479,2023,60,39,4489.0,660,0.3816,3,0.137237,0
9480,2023,36,48,2886.0,589,0.0275,4,0.006927,0
9481,2023,24,43,6095.0,688,0.5146,2,0.25139,0
9482,2022,60,33,4109.0,585,0.0631,2,0.01711,0
9483,2022,36,23,4605.0,610,0.6656,4,0.074073,0
9484,2023,24,40,4002.0,517,0.1515,3,0.003695,0
9485,2021,36,23,7045.0,664,0.2409,2,0.121097,1
9486,2021,24,50,5511.0,598,0.4892,1,0.078689,0
9487,2022,36,36,5516.0,746,0.0532,2,0.288514,1
9488,2021,24,49,5326.0,676,0.0839,3,0.055326,0
9489,2021,36,33,6544.0,626,0.4912,1,0.112946,1
9490,2021,36,40,4311.0,718,0.296,1,0.407421,0
9491,2021,12,40,11503.0,652,0.2437,1,0.067929,0
9492,2023,36,37,2651.0,700,0.2196,3,0.15393,0
9493,2022,24,33,2074.0,551,0.3675,1,0.018751,0
9494,2022,48,41,1990.0,656,0.2886,1,0.12407,0
9495,2022,24,28,1738.0,660,0.2045,3,0.088924,0
9496,2022,36,25,6881.0,496,0.3137,4,0.003151,0
9497,2022,60,50,6475.0,740,0.1918,4,0.104256,0
9498,2022,24,45,8990.0,527,0.1787,1,0.007064,0
9499,2021,36,38,2898.0,516,0.3816,4,0.005025,0
9500,2021,24,54,7135.0,392,0.4908,1,0.001258,0
9501,2022,24,35,5056.0,657,0.4372,4,0.076779,0
9502,2021,24,51,5342.0,488,0.2453,1,0.008245,0
9503,2021,48,39,6720.0,578,0.181,1,0.025266,0
9504,2021,24,27,3367.0,687,0.341,3,0.210042,0
9505,2021,12,56,17919.0,635,0.1201,2,0.012584,0
9506,2022,60,47,9566.0,570,0.0931,1,0.016911,0
9507,2023,36,36,3767.0,492,0.0797,1,0.004702,0
9508,2021,12,45,2849.0,611,0.352,4,0.026942,0
9509,2021,36,33,4703.0,688,0.2062,3,0.106147,0
9510,2023,24,46,5384.0,676,0.1916,1,0.222074,1
9511,2021,12,22,8373.0,762,0.0991,3,0.367162,1
9512,2021,12,27,2740.0,567,0.3553,1,0.02452,0
9513,2021,24,47,5669.0,514,0.1075,4,0.002675,0
9514,2022,36,35,2288.0,644,0.1138,1,0.087685,0
9515,2021,12,40,6113.0,636,0.1288,1,0.061762,0
9516,2022,24,24,4658.0,619,0.3171,3,0.042643,0
9517,2023,12,56,12943.0,560,0.3458,1,0.017301,0
9518,2022,60,49,2269.0,407,0.0894,3,0.001,0
9519,2023,12,35,9753.0,539,0.5998,1,0.02841,0
9520,2022,36,33,2097.0,664,0.2463,3,0.098772,0
9521,2022,48,48,2531.0,642,0.5053,2,0.162397,0
9522,2022,24,57,2125.0,697,0.0261,1,0.166635,0
9523,2023,36,47,5570.0,647,0.0746,2,0.035642,0
9524,2023,60,59,2733.0,678,0.213,3,0.107636,0
9525,2021,24,28,2504.0,681,0.3791,2,0.30005,0
9526,2021,12,29,5439.0,621,0.3923,4,0.053205,0
9527,2021,36,26,6160.0,622,0.0777,3,0.022485,0
9528,2022,48,42,5014.0,387,0.4064,1,0.001,0
9529,2022,12,39,4532.0,567,0.5963,1,0.059593,0
9530,2021,36,36,12264.0,570,0.211,1,0.012896,0
9531,2021,48,46,5287.0,611,0.1648,3,0.020186,0
9532,2023,48,50,7353.0,545,0.5935,3,0.01895,0
9533,2022,36,22,5279.0,695,0.3664,3,0.144472,0
9534,2021,48,32,2839.0,549,0.3502,1,0.029231,0
9535,2022,36,46,6470.0,708,0.0584,3,0.141085,0
9536,2021,48,33,3541.0,543,0.0804,1,0.010656,0
9537,2023,36,30,4696.0,571,0.5201,4,0.020987,0
9538,2023,60,48,5726.0,565,0.3846,2,0.021919,0
9539,2021,24,25,1862.0,580,0.1134,1,0.038369,0
9540,2023,48,34,2198.0,714,0.564,4,0.285154,0
9541,2021,36,41,7744.0,593,0.0759,1,0.013048,0
9542,2023,48,32,3527.0,595,0.5835,1,0.173047,1
9543,2021,24,45,3611.0,560,0.3756,2,0.024579,0
9544,2021,36,32,5341.0,599,0.1495,1,0.025345,0
9545,2022,48,52,4053.0,637,0.4193,3,0.039234,0
9546,2021,36,36,6056.0,602,0.1729,2,0.023517,0
9547,2021,36,44,4791.0,607,0.4002,1,0.078752,0
9548,2021,48,45,5428.0,701,0.0996,2,0.096143,0
9549,2021,60,31,3460.0,641,0.2044,4,0.054198,0
9550,2022,48,22,5414.0,527,0.1232,2,0.006016,0
9551,2022,12,41,8540.0,613,0.1669,3,0.019392,0
9552,2023,36,38,3700.0,576,0.1763,1,0.046268,1
9553,2022,12,43,7767.0,661,0.2541,3,0.101703,0
9554,2023,36,35,4790.0,628,0.1214,1,0.050915,0
9555,2021,24,33,7096.0,710,0.0617,3,0.089711,0
9556,2021,36,58,5242.0,560,0.4426,4,0.006907,0
9557,2023,60,23,4833.0,604,0.5034,1,0.084612,0
9558,2023,36,45,5854.0,534,0.2575,1,0.01276,0
9559,2021,60,32,9016.0,616,0.3575,3,0.032645,0
9560,2022,36,34,5531.0,497,0.5466,3,0.005035,0
9561,2023,36,34,6243.0,645,0.1959,3,0.069531,0
9562,2021,60,29,4088.0,615,0.1632,3,0.031234,0
9563,2022,36,43,10780.0,632,0.397,1,0.084973,0
9564,2021,24,51,6769.0,683,0.2733,4,0.050972,0
9565,2021,12,42,5109.0,637,0.4264,3,0.059738,0
9566,2021,24,39,4622.0,517,0.4639,1,0.012454,0
9567,2022,36,28,8014.0,575,0.1668,1,0.014355,0
9568,2022,24,43,3630.0,613,0.3272,4,0.025684,0
9569,2022,24,59,2015.0,593,0.3191,1,0.044779,0
9570,2023,24,34,5096.0,603,0.2169,3,0.036757,0
9571,2022,60,34,8911.0,749,0.4162,2,0.413705,0
9572,2022,36,32,10891.0,628,0.1885,3,0.024826,0
9573,2021,24,33,4658.0,650,0.594,2,0.162133,0
9574,2021,36,22,5023.0,459,0.2058,1,0.003953,0
9575,2021,24,42,6373.0,679,0.6311,2,0.194591,0
9576,2023,24,29,4306.0,848,0.0963,2,0.691698,1
9577,2023,12,22,6363.0,727,0.6329,1,0.632003,1
9578,2021,36,45,4709.0,584,0.3633,1,0.04474,0
9579,2022,36,27,8149.0,802,0.3994,2,0.752442,1
9580,2021,36,34,7055.0,622,0.1494,3,0.019639,0
9581,2023,12,52,7370.0,644,0.5062,2,0.128466,0
9582,2021,36,23,4435.0,598,0.3157,2,0.025933,0
9583,2022,12,22,12874.0,596,0.546,1,0.055927,0
9584,2022,24,40,6260.0,440,0.3684,1,0.002711,0
9585,2022,36,49,5562.0,682,0.073,1,0.104701,0
9586,2022,60,22,3359.0,596,0.7193,1,0.156612,0
9587,2021,24,42,4682.0,604,0.0268,1,0.027261,0
9588,2022,60,43,5204.0,641,0.2901,4,0.028717,0
9589,2021,36,22,3315.0,586,0.0395,1,0.019485,0
9590,2022,48,45,4246.0,641,0.3042,1,0.100673,0
9591,2022,36,46,4524.0,716,0.4185,2,0.236718,0
9592,2021,48,34,5054.0,652,0.4314,2,0.135178,0
9593,2021,12,50,2036.0,607,0.6097,3,0.110243,0
9594,2022,36,49,4593.0,610,0.2212,1,0.045507,0
9595,2021,24,39,4070.0,636,0.2671,2,0.039819,0
9596,2022,36,33,4864.0,553,0.5751,1,0.036552,0
9597,2021,60,28,8247.0,636,0.4287,2,0.09109,1
9598,2022,24,37,13714.0,674,0.2596,2,0.06926,0
9599,2022,36,43,6899.0,627,0.1309,3,0.019695,0
9600,2023,48,34,2651.0,586,0.3083,1,0.034772,0
9601,2021,24,22,4135.0,597,0.3059,1,0.084546,0
9602,2022,36,50,6621.0,672,0.2553,4,0.104339,0
9603,2023,24,39,6258.0,531,0.1615,2,0.009087,0
9604,2023,24,34,8052.0,554,0.2773,1,0.013623,0
9605,2021,12,46,4681.0,491,0.3334,2,0.002826,0
9606,2021,24,53,4098.0,622,0.5045,1,0.120096,0
9607,2021,48,22,11804.0,688,0.0369,1,0.139016,0
9608,2023,24,42,5061.0,726,0.3774,2,0.391598,1
9609,2023,60,23,2956.0,743,0.2667,3,0.25135,1
9610,2022,24,42,10276.0,564,0.2046,3,0.004159,0
9611,2022,24,39,2326.0,640,0.3559,1,0.122715,0
9612,2022,60,44,856.0,587,0.5128,2,0.024117,0
9613,2023,48,33,7221.0,751,0.4997,4,0.399145,1
9614,2022,12,22,7749.0,724,0.1008,3,0.238235,0
9615,2022,48,33,6045.0,633,0.2251,1,0.09533,0
9616,2021,24,42,2563.0,570,0.3515,1,0.053994,0
9617,2023,24,48,4772.0,344,0.0749,2,0.001,0
9618,2022,24,26,4277.0,505,0.2696,1,0.006179,0
9619,2021,12,48,3757.0,471,0.193,1,0.003206,0
9620,2023,24,31,9957.0,504,0.3791,1,0.005038,0
9621,2023,36,41,2912.0,770,0.2799,2,0.703883,1
9622,2023,24,32,5756.0,516,0.0986,4,0.002515,0
9623,2023,48,39,8929.0,535,0.0938,4,0.002993,0
9624,2022,48,46,5947.0,546,0.1791,3,0.004818,0
9625,2022,24,25,9141.0,827,0.2275,3,0.50918,1
9626,2022,36,31,6515.0,615,0.2725,1,0.045281,0
9627,2021,24,39,6092.0,699,0.4095,1,0.249441,0
9628,2021,60,62,5904.0,634,0.5808,1,0.12637,0
9629,2021,48,29,6679.0,461,0.3774,1,0.004238,0
9630,2023,48,58,4053.0,742,0.3176,2,0.635464,0
9631,2021,36,58,2563.0,652,0.2433,1,0.131262,0
9632,2021,12,37,7919.0,610,0.3331,1,0.042329,0
9633,2023,24,35,8786.0,760,0.2997,4,0.422684,0
9634,2022,60,31,5575.0,592,0.4259,2,0.058132,0
9635,2021,24,37,3736.0,608,0.1513,2,0.03657,0
9636,2021,24,23,2256.0,592,0.6516,2,0.086368,0
9637,2022,60,37,5130.0,706,0.1047,4,0.058165,0
9638,2022,24,52,2504.0,685,0.3023,1,0.156144,0
9639,2022,24,31,2334.0,642,0.2091,4,0.060932,1
9640,2022,36,35,4864.0,535,0.3973,2,0.019933,0
9641,2021,36,22,3355.0,590,0.1532,4,0.014164,0
9642,2022,12,41,5841.0,535,0.1828,2,0.007897,0
9643,2022,24,40,4539.0,712,0.1695,1,0.320185,0
9644,2022,24,38,3629.0,494,0.1734,3,0.002127,0
9645,2022,60,35,2095.0,747,0.1113,1,0.321424,0
9646,2022,12,35,3208.0,723,0.0817,3,0.169262,1
9647,2021,36,43,3268.0,546,0.1289,1,0.00978,0
9648,2022,36,37,2663.0,586,0.6301,1,0.059852,0
9649,2022,12,41,4169.0,563,0.2095,1,0.037986,0
9650,2022,24,40,2769.0,654,0.1477,1,0.119657,0
9651,2021,12,49,4528.0,732,0.4276,3,0.364304,1
9652,2022,36,44,5543.0,714,0.3121,2,0.265029,0
9653,2021,24,39,3252.0,585,0.4277,2,0.036857,0
9654,2021,60,53,6080.0,720,0.4447,1,0.370435,0
9655,2022,48,42,2488.0,713,0.2096,1,0.362253,1
9656,2021,36,51,2818.0,604,0.5398,4,0.058788,0
9657,2021,60,44,4644.0,619,0.5904,1,0.140968,0
9658,2022,36,22,6929.0,743,0.2108,3,0.330449,0
9659,2023,60,51,7583.0,704,0.3272,2,0.219449,0
9660,2022,36,39,11006.0,717,0.1355,3,0.140158,1
9661,2022,60,37,4071.0,826,0.2475,2,0.611588,1
9662,2021,36,40,4611.0,663,0.2114,1,0.091076,0
9663,2021,24,34,2933.0,646,0.5055,2,0.130378,0
9664,2023,24,40,2626.0,728,0.3234,2,0.345497,0
9665,2022,36,32,5510.0,779,0.1756,1,0.59182,1
9666,2021,36,50,3334.0,571,0.2343,2,0.032515,0
9667,2021,12,36,9101.0,603,0.3798,1,0.035055,0
9668,2022,24,34,2366.0,538,0.088,2,0.011936,0
9669,2023,24,28,6268.0,647,0.3281,2,0.101338,0
9670,2021,12,40,2972.0,691,0.0198,3,0.089638,0
9671,2022,24,39,3261.0,544,0.2114,2,0.012037,0
9672,2022,48,41,6435.0,710,0.6832,2,0.507997,1
9673,2022,24,27,3505.0,583,0.2005,3,0.020402,0
9674,2021,36,22,3798.0,577,0.4017,1,0.076538,0
9675,2023,48,44,3275.0,710,0.2818,1,0.305019,0
9676,2021,60,52,11998.0,569,0.3221,1,0.0181,0
9677,2023,36,27,3609.0,507,0.3601,1,0.007318,0
9678,2022,24,53,5043.0,679,0.4892,3,0.109367,1
9679,2022,24,40,4443.0,609,0.4198,3,0.042421,0
9680,2021,12,37,5490.0,715,0.229,4,0.109725,1
9681,2022,36,34,3614.0,686,0.0712,2,0.212766,0
9682,2022,60,24,4445.0,480,0.1964,2,0.00433,0
9683,2023,36,47,5985.0,725,0.4226,4,0.29223,0
9684,2021,24,30,3192.0,771,0.3321,4,0.473467,0
9685,2022,36,30,8473.0,702,0.4172,2,0.169257,1
9686,2023,24,47,8891.0,705,0.2875,3,0.070063,0
9687,2023,24,22,6656.0,600,0.1161,1,0.023685,0
9688,2022,24,22,5090.0,581,0.1149,2,0.022321,1
9689,2022,36,37,1102.0,636,0.3859,1,0.083791,0
9690,2021,24,40,6076.0,693,0.1511,3,0.165507,0
9691,2022,36,42,4041.0,691,0.4472,3,0.223418,1
9692,2023,36,34,4345.0,584,0.3471,2,0.039084,0
9693,2022,36,63,1903.0,576,0.2503,2,0.035226,0
9694,2022,36,35,6290.0,500,0.2251,1,0.004104,0
9695,2022,24,35,2382.0,671,0.109,3,0.078148,0
9696,2023,36,30,5215.0,588,0.1416,1,0.036922,0
9697,2023,36,39,7726.0,595,0.3393,4,0.010013,0
9698,2021,48,44,3887.0,758,0.2259,2,0.438497,0
9699,2022,36,50,9027.0,667,0.264,1,0.14842,0
9700,2022,12,23,3383.0,645,0.4169,2,0.163336,0
9701,2022,36,35,6636.0,686,0.3231,1,0.257988,0
9702,2021,36,42,2560.0,733,0.1163,2,0.234306,0
9703,2023,24,43,8230.0,490,0.421,3,0.003694,0
9704,2022,24,38,7616.0,574,0.184,2,0.009679,0
9705,2023,36,43,6212.0,601,0.0617,1,0.024879,0
9706,2022,24,29,4037.0,541,0.1666,2,0.008979,0
9707,2022,36,53,2438.0,598,0.4798,3,0.035512,0
9708,2022,24,47,4043.0,495,0.1495,3,0.002879,0
9709,2022,36,24,8563.0,693,0.3617,3,0.116413,0
9710,2021,36,27,5245.0,578,0.3251,1,0.06819,0
9711,2021,48,27,2261.0,636,0.3069,4,0.058426,0
9712,2022,24,44,2801.0,624,0.4421,3,0.085992,0
9713,2021,36,25,9196.0,664,0.0622,3,0.046092,0
9714,2023,48,34,6273.0,423,0.2371,3,0.001,0
9715,2022,36,42,2652.0,656,0.4055,3,0.107251,0
9716,2023,36,37,2033.0,597,0.4258,2,0.042548,0
9717,2022,36,40,3596.0,652,0.4726,2,0.190135,0
9718,2022,12,27,1948.0,525,0.1061,3,0.004766,0
9719,2023,12,43,4546.0,653,0.6655,2,0.278855,0
9720,2021,24,31,16744.0,723,0.4496,4,0.094061,0
9721,2022,36,34,2212.0,635,0.1634,1,0.081921,0
9722,2023,24,40,4478.0,562,0.1401,3,0.006618,0
9723,2021,36,39,9471.0,566,0.1078,1,0.010117,0
9724,2022,24,38,7148.0,666,0.34,2,0.074715,0
9725,2022,24,30,4563.0,665,0.146,1,0.128964,1
9726,2022,36,35,4568.0,648,0.2479,2,0.104292,0
9727,2022,24,38,2757.0,616,0.318,2,0.060423,0
9728,2023,36,24,4299.0,636,0.2138,1,0.06151,0
9729,2021,12,33,5551.0,614,0.2788,1,0.073526,0
9730,2022,24,41,8540.0,589,0.2244,1,0.029463,0
9731,2021,24,25,3604.0,680,0.3915,2,0.260569,0
9732,2021,24,49,4470.0,644,0.2329,2,0.079398,0
9733,2023,36,50,3058.0,723,0.351,1,0.516462,1
9734,2021,60,25,5501.0,709,0.3517,1,0.549765,1
9735,2022,12,51,7273.0,642,0.1784,2,0.041292,0
9736,2021,36,36,6733.0,667,0.3064,3,0.065917,0
9737,2021,24,42,2738.0,543,0.5003,2,0.0224,0
9738,2022,36,33,5289.0,613,0.4612,3,0.051015,0
9739,2023,36,47,3503.0,647,0.1922,1,0.121282,0
9740,2022,24,42,8148.0,493,0.5433,1,0.00529,0
9741,2021,36,29,4534.0,654,0.2748,4,0.088266,0
9742,2022,12,26,2299.0,543,0.5288,2,0.02492,0
9743,2022,24,23,4403.0,552,0.3518,2,0.013858,0
9744,2023,36,39,6181.0,577,0.2065,1,0.02609,0
9745,2022,12,43,5552.0,617,0.2539,3,0.050231,0
9746,2022,48,44,3805.0,513,0.0804,3,0.002961,0
9747,2022,36,36,3668.0,688,0.2254,2,0.274364,0
9748,2023,24,26,3000.0,634,0.3163,1,0.12458,0
9749,2022,24,31,4034.0,773,0.0158,3,0.398751,0
9750,2021,36,49,3204.0,644,0.1609,2,0.070544,0
9751,2021,24,33,7983.0,665,0.1671,3,0.053141,0
9752,2022,24,39,3132.0,551,0.4221,3,0.010867,0
9753,2022,24,27,5225.0,525,0.4587,1,0.012534,0
9754,2021,60,41,5050.0,669,0.2986,1,0.196473,0
9755,2023,36,33,7886.0,532,0.0429,2,0.004296,0
9756,2021,24,48,8473.0,671,0.1305,1,0.09317,0
9757,2023,60,45,6960.0,756,0.2793,3,0.261624,0
9758,2022,36,33,5863.0,695,0.1356,1,0.166023,0
9759,2022,24,36,2909.0,665,0.025,4,0.036171,0
9760,2021,36,32,2880.0,641,0.5552,2,0.136661,0
9761,2023,36,23,3220.0,589,0.5397,2,0.036036,0
9762,2022,24,29,7158.0,610,0.1072,3,0.018656,0
9763,2023,24,39,5098.0,574,0.2748,2,0.024784,0
9764,2022,48,41,7588.0,514,0.2169,2,0.004967,0
9765,2021,48,39,8114.0,622,0.0871,1,0.022877,0
9766,2022,12,34,3419.0,708,0.4066,3,0.34703,0
9767,2022,36,47,4994.0,516,0.135,2,0.003564,0
9768,2023,36,38,4883.0,731,0.2157,2,0.1738,0
9769,2021,48,45,4172.0,717,0.1429,1,0.234309,0
9770,2021,48,22,3762.0,651,0.2804,1,0.205697,0
9771,2021,60,22,8887.0,652,0.0729,1,0.071325,0
9772,2021,60,40,5044.0,605,0.2394,3,0.020221,0
9773,2023,12,23,4947.0,623,0.2415,2,0.042618,0
9774,2022,36,35,3290.0,582,0.2977,1,0.050551,0
9775,2023,24,34,6888.0,622,0.1666,1,0.037224,0
9776,2023,36,53,2973.0,631,0.5239,1,0.105008,0
9777,2023,60,41,6170.0,770,0.1113,1,0.348806,0
9778,2023,36,39,6255.0,665,0.4462,2,0.142301,1
9779,2022,48,46,3999.0,603,0.222,1,0.072683,0
9780,2021,36,41,5761.0,612,0.617,4,0.055122,0
9781,2022,24,33,5393.0,562,0.2121,2,0.01411,0
9782,2022,60,48,4819.0,576,0.3918,4,0.03392,0
9783,2022,24,26,4947.0,692,0.298,1,0.247692,0
9784,2023,12,41,5069.0,580,0.4542,1,0.107605,1
9785,2021,12,22,5245.0,570,0.2567,3,0.016412,0
9786,2022,24,40,5065.0,572,0.3385,2,0.02519,0
9787,2022,48,39,2830.0,561,0.2153,3,0.009359,0
9788,2023,24,54,4555.0,710,0.5152,2,0.387868,1
9789,2021,60,22,5611.0,631,0.1564,1,0.066992,0
9790,2021,36,31,5160.0,597,0.3858,1,0.147755,0
9791,2021,12,46,7918.0,622,0.4732,1,0.097407,0
9792,2022,36,41,6701.0,637,0.2246,1,0.110295,0
9793,2021,12,39,3181.0,560,0.297,2,0.015207,0
9794,2021,24,28,4522.0,508,0.2623,1,0.010869,0
9795,2021,24,32,4206.0,727,0.2635,2,0.342092,0
9796,2022,36,50,4904.0,699,0.1643,3,0.11775,0
9797,2023,36,37,4907.0,650,0.1248,2,0.061422,0
9798,2021,12,41,6673.0,693,0.5542,3,0.164638,0
9799,2021,48,36,5370.0,773,0.0121,3,0.379556,0
9800,2021,36,26,9093.0,577,0.5159,1,0.026371,0
9801,2021,48,47,5544.0,530,0.378,1,0.02713,0
9802,2021,36,43,3244.0,672,0.7784,1,0.481081,0
9803,2022,36,61,3891.0,502,0.347,2,0.005865,0
9804,2021,36,27,6647.0,623,0.1406,2,0.03322,0
9805,2022,48,46,2193.0,596,0.3226,1,0.086076,0
9806,2021,24,24,2508.0,673,0.1464,3,0.160593,1
9807,2022,24,39,4941.0,581,0.2256,1,0.02082,1
9808,2022,60,47,7907.0,715,0.3272,1,0.151521,0
9809,2022,12,22,9448.0,560,0.1864,1,0.0167,0
9810,2022,48,35,4409.0,676,0.3786,1,0.230902,0
9811,2021,36,32,8353.0,566,0.2177,4,0.006271,0
9812,2023,24,30,5096.0,663,0.3573,2,0.155493,0
9813,2023,24,41,2285.0,538,0.1414,4,0.003725,0
9814,2021,36,49,4895.0,618,0.2855,2,0.053268,0
9815,2022,36,36,3607.0,725,0.1138,3,0.160579,1
9816,2022,24,40,7778.0,629,0.5461,2,0.089411,0
9817,2023,24,39,4852.0,714,0.1821,2,0.228864,1
9818,2021,24,38,2594.0,617,0.2664,4,0.024961,0
9819,2021,60,27,2322.0,579,0.3969,3,0.029017,0
9820,2022,60,49,4863.0,633,0.229,1,0.068627,0
9821,2021,36,40,1465.0,669,0.5175,2,0.286448,0
9822,2021,24,41,3793.0,467,0.2508,1,0.004556,0
9823,2021,24,29,5517.0,661,0.5218,2,0.178515,0
9824,2023,24,33,2897.0,544,0.3478,3,0.015408,0
9825,2022,24,36,8079.0,524,0.1661,3,0.004794,0
9826,2021,48,22,8915.0,663,0.2139,1,0.108846,0
9827,2021,24,22,2956.0,727,0.3883,4,0.383247,0
9828,2021,36,31,4234.0,637,0.1719,2,0.103477,0
9829,2022,24,43,8082.0,511,0.5246,1,0.010636,0
9830,2022,24,31,4912.0,566,0.5701,1,0.070579,1
9831,2021,36,27,2447.0,586,0.4494,1,0.062402,0
9832,2021,48,29,4575.0,635,0.2794,3,0.059775,0
9833,2023,36,33,3208.0,614,0.1982,2,0.037627,0
9834,2021,36,34,8554.0,659,0.076,1,0.056627,0
9835,2022,24,59,6654.0,699,0.5722,2,0.293131,1
9836,2023,36,48,4201.0,647,0.1422,4,0.038948,0
9837,2022,24,48,5277.0,691,0.4846,1,0.319687,1
9838,2022,60,49,2555.0,598,0.2538,2,0.033921,0
9839,2022,60,28,3371.0,850,0.1409,1,0.831039,1
9840,2022,48,25,10685.0,664,0.2836,3,0.072565,0
9841,2022,24,26,5048.0,674,0.5013,2,0.302587,1
9842,2022,48,51,7825.0,760,0.2231,1,0.445794,1
9843,2022,36,32,5519.0,627,0.178,3,0.026211,0
9844,2021,60,25,9482.0,568,0.0809,1,0.023541,0
9845,2023,12,33,1809.0,724,0.6481,1,0.889241,0
9846,2022,12,35,4473.0,729,0.2307,1,0.45957,0
9847,2022,12,40,11186.0,632,0.3174,3,0.024586,0
9848,2022,48,40,7927.0,760,0.0653,2,0.279211,0
9849,2022,36,29,9535.0,613,0.2038,1,0.061213,0
9850,2021,36,44,4898.0,694,0.3314,3,0.10928,0
9851,2022,48,31,3757.0,741,0.1059,4,0.159939,0
9852,2021,60,36,2941.0,627,0.1787,1,0.086277,0
9853,2022,36,44,2840.0,656,0.3754,2,0.095634,0
9854,2021,24,31,7358.0,702,0.3846,2,0.293783,1
9855,2022,24,32,6353.0,590,0.4029,3,0.037445,0
9856,2021,12,43,4754.0,554,0.3621,2,0.015129,0
9857,2021,24,29,6337.0,726,0.2827,1,0.447385,0
9858,2023,36,34,5278.0,644,0.2269,4,0.061737,0
9859,2023,36,43,7951.0,579,0.4018,2,0.028545,0
9860,2023,60,58,7914.0,627,0.0818,2,0.028464,0
9861,2023,36,44,2884.0,660,0.2383,1,0.162665,0
9862,2022,24,42,5635.0,494,0.3269,3,0.003159,0
9863,2021,12,43,2134.0,677,0.4902,4,0.189907,0
9864,2022,60,27,5253.0,652,0.3902,1,0.177849,0
9865,2023,48,39,6649.0,752,0.384,1,0.729581,1
9866,2021,24,37,2548.0,602,0.182,1,0.041503,0
9867,2021,48,41,3991.0,730,0.5031,2,0.527848,1
9868,2022,36,39,4938.0,616,0.3188,1,0.06021,0
9869,2021,60,41,5525.0,631,0.3253,1,0.093475,0
9870,2022,60,34,4276.0,642,0.3957,2,0.092682,0
9871,2022,24,38,2735.0,787,0.2692,2,0.593749,1
9872,2021,24,25,4784.0,520,0.1832,3,0.006107,0
9873,2021,36,34,2151.0,659,0.4578,3,0.2014,0
9874,2023,24,51,4375.0,623,0.2716,2,0.037759,0
9875,2021,12,41,3941.0,617,0.2428,2,0.077533,0
9876,2022,24,37,4596.0,666,0.5771,3,0.155241,0
9877,2021,36,56,3716.0,708,0.0716,2,0.193434,0
9878,2022,36,24,2313.0,662,0.2102,4,0.058641,0
9879,2023,24,26,4092.0,718,0.3763,4,0.172001,0
9880,2022,48,55,7828.0,599,0.0437,2,0.02044,0
9881,2021,24,38,9235.0,616,0.3625,1,0.107806,0
9882,2022,36,35,16642.0,539,0.2673,3,0.003814,0
9883,2021,60,26,11451.0,778,0.5238,1,0.590232,0
9884,2023,36,42,2701.0,605,0.1944,3,0.029447,0
9885,2023,48,43,4007.0,596,0.1426,2,0.018681,0
9886,2021,60,27,4859.0,668,0.5937,3,0.156535,0
9887,2022,24,36,4709.0,708,0.1216,1,0.21515,0
9888,2021,36,34,5089.0,564,0.2441,2,0.016185,0
9889,2021,48,40,16380.0,714,0.5127,3,0.166652,1
9890,2021,12,26,2861.0,595,0.1107,1,0.048618,0
9891,2022,12,50,3440.0,734,0.4447,2,0.417435,1
9892,2021,48,47,11180.0,576,0.099,2,0.011812,1
9893,2021,48,34,3612.0,678,0.4011,2,0.425427,0
9894,2023,48,35,5984.0,623,0.4617,1,0.109853,0
9895,2022,12,36,8245.0,529,0.3098,2,0.009904,0
9896,2023,12,30,6268.0,506,0.5854,2,0.014811,0
9897,2021,36,33,5409.0,560,0.222,3,0.015617,0
9898,2023,36,35,7858.0,699,0.1214,2,0.211899,0
9899,2022,12,54,3145.0,464,0.2777,2,0.003711,0
9900,2022,60,47,3835.0,646,0.2316,3,0.045696,0
9901,2021,36,47,6424.0,639,0.2789,2,0.050457,0
9902,2021,24,41,1746.0,485,0.3026,2,0.004492,0
9903,2022,60,26,9980.0,556,0.0564,1,0.010244,0
9904,2022,48,37,5720.0,556,0.2929,1,0.027494,0
9905,2021,60,47,5306.0,624,0.0664,1,0.055526,1
9906,2023,24,25,2175.0,737,0.0738,3,0.284817,1
9907,2023,36,44,2583.0,705,0.456,1,0.486781,0
9908,2022,60,61,4027.0,591,0.32,4,0.023887,0
9909,2022,60,48,7359.0,553,0.1416,2,0.008361,0
9910,2023,48,52,1740.0,495,0.0564,1,0.004515,0
9911,2022,24,40,7289.0,589,0.2682,3,0.023078,0
9912,2022,12,47,4105.0,548,0.426,3,0.011329,0
9913,2021,60,30,4395.0,617,0.2921,1,0.09488,0
9914,2022,24,45,5579.0,620,0.3293,1,0.123336,0
9915,2022,12,44,5623.0,581,0.2223,3,0.011154,0
9916,2022,24,40,3442.0,583,0.2303,2,0.024966,0
9917,2023,24,51,6717.0,564,0.0031,2,0.005814,0
9918,2022,48,32,1541.0,579,0.2661,3,0.019407,0
9919,2021,24,36,3924.0,734,0.5338,1,0.708876,1
9920,2023,36,38,5307.0,661,0.1765,3,0.034409,0
9921,2023,12,27,4136.0,662,0.218,4,0.059703,0
9922,2021,12,40,1971.0,700,0.1559,1,0.307713,0
9923,2022,24,22,7180.0,693,0.2494,2,0.11862,0
9924,2023,24,48,2633.0,733,0.1502,1,0.271026,0
9925,2023,60,38,4752.0,667,0.43,2,0.136624,0
9926,2023,12,32,5306.0,636,0.3927,2,0.079374,0
9927,2021,12,29,4964.0,572,0.3726,2,0.040378,0
9928,2022,12,35,8818.0,554,0.2856,2,0.017515,0
9929,2022,36,44,4786.0,690,0.1047,2,0.198231,0
9930,2021,48,43,6086.0,611,0.2993,3,0.028829,0
9931,2022,60,30,4779.0,511,0.4182,2,0.013436,0
9932,2021,24,29,6677.0,452,0.0397,1,0.001337,0
9933,2023,36,44,9865.0,791,0.0671,1,0.537758,1
9934,2023,36,30,5265.0,541,0.5549,2,0.028418,0
9935,2023,60,38,7266.0,565,0.4251,2,0.015978,0
9936,2022,36,39,10175.0,718,0.2541,1,0.247328,0
9937,2022,12,41,9688.0,523,0.4545,2,0.006454,0
9938,2021,36,46,4054.0,662,0.5457,4,0.141087,0
9939,2023,36,25,8252.0,765,0.0668,2,0.448872,1
9940,2022,24,22,5566.0,789,0.3954,2,0.684183,0
9941,2021,24,32,8592.0,584,0.6,2,0.047865,0
9942,2021,48,56,6531.0,619,0.2941,2,0.052894,0
9943,2023,12,58,5641.0,588,0.0115,1,0.01666,0
9944,2021,24,56,6106.0,618,0.4371,1,0.091181,1
9945,2021,48,36,5584.0,723,0.5137,3,0.421762,0
9946,2022,36,22,5694.0,508,0.0452,1,0.005511,0
9947,2022,24,22,4540.0,671,0.5674,1,0.27662,1
9948,2022,36,31,4334.0,604,0.2051,1,0.04346,0
9949,2022,48,36,11868.0,729,0.1647,2,0.236536,0
9950,2021,12,51,6240.0,725,0.1331,1,0.189821,1
9951,2021,12,46,3690.0,587,0.0398,1,0.034927,0
9952,2021,24,40,4278.0,611,0.1752,1,0.05794,0
9953,2023,24,29,8334.0,691,0.3082,1,0.158225,1
9954,2021,48,28,3401.0,698,0.3075,2,0.197454,0
9955,2023,24,40,2343.0,422,0.3759,2,0.001401,0
9956,2023,24,44,2430.0,691,0.2069,3,0.145785,0
9957,2021,24,41,2070.0,751,0.7072,3,0.743895,1
9958,2021,24,27,2567.0,640,0.3576,1,0.075755,0
9959,2022,24,44,2723.0,696,0.0833,3,0.18266,0
9960,2023,12,42,9824.0,722,0.1777,3,0.086386,0
9961,2022,36,27,4803.0,637,0.1462,2,0.075285,1
9962,2023,48,30,4098.0,685,0.3841,2,0.246913,0
9963,2022,24,44,2388.0,621,0.1777,2,0.050143,0
9964,2021,12,35,4575.0,615,0.4824,2,0.067623,0
9965,2021,24,53,2062.0,567,0.4537,4,0.015194,0
9966,2023,12,43,4086.0,633,0.1624,1,0.066824,0
9967,2023,36,33,13798.0,770,0.2454,1,0.363051,0
9968,2021,48,37,6849.0,547,0.24,1,0.011505,0
9969,2022,36,38,4425.0,669,0.2039,2,0.126927,0
9970,2021,24,30,6968.0,645,0.4025,4,0.060269,0
9971,2021,36,28,3787.0,737,0.1662,4,0.344282,1
9972,2022,48,45,3293.0,753,0.2774,4,0.260094,0
9973,2022,24,46,11523.0,546,0.4912,4,0.006453,0
9974,2021,60,44,2776.0,574,0.3547,3,0.01778,0
9975,2022,12,53,4117.0,578,0.0277,2,0.007846,0
9976,2021,24,32,5727.0,581,0.2473,2,0.028739,0
9977,2023,24,54,3078.0,588,0.0811,1,0.026367,0
9978,2022,36,28,6804.0,647,0.3111,1,0.122639,0
9979,2022,48,27,4216.0,551,0.461,3,0.018662,0
9980,2022,24,22,6850.0,563,0.2937,1,0.039447,0
9981,2023,48,33,6588.0,556,0.1203,1,0.016244,0
9982,2021,12,32,4352.0,659,0.1212,1,0.132043,0
9983,2022,24,43,11560.0,614,0.5247,1,0.08101,0
9984,2021,36,40,3524.0,600,0.3058,3,0.024104,0
9985,2022,36,26,9647.0,552,0.4506,3,0.018528,0
9986,2022,60,34,8844.0,491,0.4113,1,0.003997,0
9987,2021,36,34,11914.0,750,0.2035,2,0.255213,1
9988,2022,24,22,5362.0,596,0.4066,3,0.038858,0
9989,2022,24,28,3313.0,836,0.25,2,0.763091,1
9990,2021,24,30,13883.0,681,0.3056,1,0.099401,0
9991,2021,60,52,4157.0,766,0.1725,2,0.433038,0
9992,2021,48,39,3272.0,699,0.2842,2,0.221097,0
9993,2022,12,44,4470.0,632,0.3582,1,0.086674,0
9994,2021,60,23,3008.0,572,0.0789,1,0.02175,0
9995,2021,36,49,6394.0,541,0.1065,1,0.00566,0
9996,2022,60,51,3631.0,709,0.1162,2,0.148895,0
9997,2022,24,22,4257.0,641,0.2697,4,0.043181,0
9998,2022,60,30,7974.0,669,0.2101,1,0.083743,0
9999,2022,36,42,6713.0,685,0.1876,2,0.099509,0
10000,2022,60,44,4953.0,648,0.2325,3,0.063526,0
10001,2021,36,31,5353.0,582,0.1528,4,0.009566,0
10002,2021,12,34,4945.0,701,0.1317,3,0.139918,0
10003,2021,60,32,3962.0,604,0.0842,1,0.029552,0
10004,2022,12,39,4909.0,627,0.2736,1,0.051348,0
10005,2022,48,49,6282.0,677,0.3605,3,0.104608,0
10006,2021,24,30,4614.0,615,0.7658,3,0.105926,0
10007,2023,24,48,6063.0,474,0.1352,3,0.001,0
10008,2023,36,30,3235.0,703,0.4143,3,0.249092,0
10009,2022,60,29,3634.0,720,0.3482,2,0.242708,1
10010,2022,12,46,3404.0,473,0.2694,3,0.002863,0
10011,2021,48,47,3705.0,536,0.2732,2,0.006903,0
10012,2022,48,46,9354.0,781,0.1774,4,0.242236,1
10013,2022,24,24,7066.0,638,0.2532,2,0.067947,0
10014,2023,36,33,2868.0,620,0.1047,1,0.061628,0
10015,2021,36,46,6117.0,585,0.2139,1,0.025329,0
10016,2023,48,38,4043.0,537,0.0875,1,0.004849,0
10017,2022,24,27,3494.0,604,0.5251,3,0.043557,0
10018,2022,24,42,2338.0,697,0.2627,2,0.269585,0
10019,2021,24,30,7990.0,618,0.1206,2,0.022586,1
10020,2021,36,55,2485.0,668,0.4991,3,0.173519,0
10021,2022,24,53,4789.0,761,0.169,1,0.256955,0
10022,2021,60,44,3062.0,573,0.415,3,0.016937,0
10023,2023,48,51,7244.0,644,0.2943,3,0.029966,0
10024,2022,36,38,4158.0,700,0.2288,2,0.17134,0
10025,2021,36,45,4595.0,545,0.6443,4,0.009364,0
10026,2023,24,52,4673.0,634,0.3803,3,0.057474,0
10027,2021,24,40,5717.0,769,0.2452,2,0.390291,1
10028,2022,24,35,4947.0,592,0.3537,2,0.030581,0
10029,2022,48,22,4810.0,705,0.1954,1,0.193802,0
10030,2022,12,37,3793.0,608,0.2474,4,0.030488,0
10031,2021,36,46,2236.0,763,0.1988,2,0.492106,1
10032,2021,36,47,2809.0,488,0.4617,2,0.005472,0
10033,2022,24,43,7039.0,625,0.2758,3,0.041639,0
10034,2023,24,32,4218.0,501,0.4601,1,0.013703,0
10035,2023,24,22,3526.0,563,0.13,2,0.014337,0
10036,2021,36,33,2434.0,563,0.2884,3,0.021182,0
10037,2022,12,34,2080.0,598,0.3681,3,0.069865,0
10038,2021,48,34,3458.0,524,0.5472,1,0.02801,0
10039,2022,12,44,7662.0,614,0.0929,1,0.035716,0
10040,2022,12,57,3720.0,656,0.6377,3,0.220011,0
10041,2021,24,39,6004.0,497,0.0909,1,0.003381,0
10042,2022,12,35,3635.0,569,0.3057,2,0.035474,0
10043,2021,60,35,6764.0,823,0.1492,4,0.560065,0
10044,2021,36,39,4122.0,646,0.1061,2,0.033841,0
10045,2022,24,29,2655.0,474,0.6642,2,0.005442,0
10046,2022,60,39,4296.0,507,0.4004,2,0.008999,0
10047,2023,36,42,12296.0,638,0.3398,1,0.11199,0
10048,2022,24,40,12027.0,628,0.4822,2,0.042296,0
10049,2022,12,42,6268.0,573,0.2734,1,0.040588,0
10050,2023,60,42,4589.0,795,0.4212,1,0.706718,1
10051,2023,60,22,5721.0,829,0.2468,1,0.880637,1
10052,2023,48,44,5758.0,598,0.3549,1,0.058254,0
10053,2022,48,31,4818.0,689,0.4863,1,0.346793,1
10054,2023,36,27,6127.0,693,0.3381,2,0.267452,0
10055,2021,12,26,5454.0,704,0.1712,1,0.251414,0
10056,2022,36,42,4197.0,568,0.3608,1,0.062272,0
10057,2022,36,35,2704.0,775,0.0397,2,0.519403,0
10058,2022,24,22,3905.0,614,0.1249,1,0.047421,0
10059,2023,24,42,7330.0,653,0.3739,4,0.089153,0
10060,2022,12,23,4838.0,620,0.1114,3,0.033665,1
10061,2021,24,39,5711.0,608,0.3515,2,0.061489,1
10062,2023,36,40,4266.0,642,0.2967,1,0.080866,0
10063,2022,36,46,2893.0,525,0.5933,1,0.025943,0
10064,2022,48,55,4362.0,462,0.1319,1,0.001628,0
10065,2021,36,24,2948.0,602,0.1825,3,0.029181,0
10066,2023,24,37,2855.0,549,0.3753,2,0.018078,0
10067,2022,24,35,8981.0,663,0.3831,1,0.203764,0
10068,2023,36,42,3984.0,654,0.3745,2,0.130909,0
10069,2023,24,40,3392.0,621,0.2116,1,0.093919,0
10070,2022,36,34,11037.0,738,0.224,1,0.228564,0
10071,2021,36,33,7387.0,619,0.455,1,0.096072,0
10072,2021,60,26,4082.0,503,0.1398,2,0.00543,0
10073,2021,60,47,6086.0,602,0.2106,1,0.017846,0
10074,2023,24,42,4368.0,713,0.1603,2,0.225786,0
10075,2022,12,47,3476.0,469,0.0061,3,0.001,0
10076,2021,12,34,6231.0,612,0.1864,1,0.05888,0
10077,2021,60,31,4179.0,666,0.3175,1,0.276019,0
10078,2021,36,27,5104.0,832,0.11,3,0.656297,0
10079,2022,36,41,8190.0,716,0.1201,2,0.13303,0
10080,2021,60,27,7751.0,630,0.3342,2,0.052195,0
10081,2022,12,56,3733.0,661,0.1903,1,0.126339,0
10082,2022,24,24,6267.0,468,0.2534,2,0.00382,0
10083,2022,24,40,2796.0,536,0.1754,2,0.004481,0
10084,2021,24,53,6156.0,672,0.2952,1,0.177874,0
10085,2021,12,43,5294.0,632,0.1546,4,0.027515,0
10086,2022,48,39,5940.0,643,0.5764,2,0.169132,0
10087,2022,48,28,4236.0,622,0.2021,1,0.080678,0
10088,2021,36,24,13933.0,619,0.0126,4,0.012678,0
10089,2021,24,45,3132.0,628,0.3434,2,0.064912,0
10090,2022,36,53,7989.0,535,0.259,2,0.006974,0
10091,2022,12,33,2934.0,601,0.3699,1,0.072764,0
10092,2022,12,26,6324.0,520,0.1044,3,0.006374,0
10093,2022,48,22,6554.0,570,0.0939,1,0.018532,0
10094,2022,60,28,5052.0,715,0.247,2,0.280686,0
10095,2022,12,36,3837.0,605,0.0832,2,0.037821,0
10096,2022,24,53,5274.0,667,0.3401,2,0.160844,1
10097,2023,60,44,5617.0,629,0.0763,2,0.040794,0
10098,2021,60,41,12028.0,589,0.3446,3,0.011176,0
10099,2021,24,33,3177.0,539,0.2891,1,0.016492,0
10100,2022,24,32,3722.0,587,0.1592,2,0.032788,0
10101,2023,24,52,5667.0,634,0.3771,1,0.092971,0
10102,2021,24,40,4324.0,666,0.1355,1,0.14962,0
10103,2021,24,22,4675.0,629,0.3499,1,0.133556,0
10104,2021,12,31,8393.0,671,0.7349,1,0.501719,0
10105,2021,36,29,1200.0,498,0.4318,1,0.016712,0
10106,2022,36,32,3645.0,689,0.3734,2,0.2859,0
10107,2022,48,43,2057.0,529,0.242,1,0.011298,0
10108,2022,36,36,2703.0,698,0.2228,2,0.179839,0
10109,2023,24,37,16355.0,660,0.6106,3,0.076344,0
10110,2021,36,51,6628.0,470,0.4345,2,0.003457,0
10111,2022,24,31,7909.0,678,0.351,3,0.136167,0
10112,2021,48,56,4721.0,699,0.0747,2,0.10908,1
10113,2022,24,31,7182.0,720,0.2795,3,0.15298,0
10114,2023,48,38,2032.0,558,0.5034,2,0.030772,0
10115,2023,12,35,8260.0,634,0.1966,1,0.034897,0
10116,2022,24,39,3262.0,675,0.2401,2,0.197695,0
10117,2022,12,42,3768.0,678,0.0507,1,0.123126,0
10118,2023,24,42,6327.0,652,0.0564,1,0.056913,0
10119,2023,60,30,5757.0,585,0.3264,1,0.028126,0
10120,2021,12,26,5127.0,699,0.0833,2,0.147064,1
10121,2022,36,63,2486.0,699,0.1245,2,0.170571,0
10122,2023,36,33,5166.0,607,0.0552,3,0.015419,0
10123,2023,36,44,7945.0,557,0.18,3,0.008957,0
10124,2021,36,22,3766.0,561,0.2534,1,0.028007,0
10125,2023,48,35,9485.0,729,0.3206,1,0.234125,0
10126,2023,36,36,3177.0,696,0.339,2,0.19994,0
10127,2022,36,42,4931.0,618,0.6978,2,0.091771,0
10128,2021,36,22,10590.0,604,0.2311,3,0.021552,0
10129,2021,12,39,3496.0,478,0.4305,2,0.006336,0
10130,2021,24,26,8325.0,613,0.1086,2,0.037201,0
10131,2021,24,41,13191.0,524,0.3722,1,0.006254,0
10132,2021,24,27,5354.0,632,0.4428,4,0.087877,0
10133,2023,24,29,3776.0,714,0.4805,1,0.488954,0
10134,2021,12,35,3340.0,541,0.3883,3,0.008709,0
10135,2022,12,27,9436.0,639,0.2671,2,0.05442,0
10136,2021,60,33,9305.0,699,0.1881,1,0.135873,0
10137,2021,36,26,10144.0,637,0.5675,1,0.138682,0
10138,2021,36,22,4835.0,578,0.1067,2,0.016572,0
10139,2022,24,48,8258.0,620,0.1105,1,0.039321,0
10140,2021,60,25,4796.0,696,0.0949,4,0.07215,0
10141,2021,12,36,3160.0,641,0.127,1,0.098396,0
10142,2021,48,45,8622.0,619,0.2264,4,0.015755,0
10143,2021,48,31,11125.0,712,0.5268,2,0.312731,0
10144,2021,36,29,2950.0,661,0.3503,1,0.298094,0
10145,2021,36,40,2923.0,523,0.1359,1,0.004323,0
10146,2023,36,49,5014.0,670,0.3082,3,0.176284,0
10147,2023,48,26,7927.0,695,0.2842,1,0.242748,1
10148,2022,60,36,2788.0,521,0.2049,3,0.01418,0
10149,2022,60,22,5506.0,438,0.2585,2,0.002299,0
10150,2021,12,34,3658.0,536,0.2237,1,0.012715,0
10151,2023,60,38,6977.0,611,0.4825,2,0.044565,0
10152,2021,48,29,3298.0,700,0.4674,3,0.423275,0
10153,2022,24,33,7229.0,548,0.3317,4,0.004346,0
10154,2023,24,23,4541.0,664,0.0158,4,0.048855,0
10155,2023,48,38,3076.0,388,0.4195,2,0.001,0
10156,2022,24,48,5074.0,634,0.2402,2,0.089755,0
10157,2021,24,27,1865.0,587,0.0738,1,0.01901,0
10158,2023,24,31,3716.0,787,0.3498,4,0.562128,1
10159,2021,24,43,5818.0,468,0.1939,1,0.002504,0
10160,2022,36,50,2027.0,618,0.279,2,0.058066,0
10161,2021,24,23,1359.0,468,0.289,1,0.006268,0
10162,2021,12,36,1526.0,576,0.1019,2,0.0233,0
10163,2021,24,40,9543.0,483,0.5342,2,0.004478,0
10164,2022,48,36,4730.0,804,0.3125,2,0.625447,1
10165,2023,36,22,3766.0,591,0.4051,4,0.024016,0
10166,2021,12,43,7884.0,603,0.1058,2,0.032549,0
10167,2023,36,53,4015.0,616,0.0917,2,0.03785,0
10168,2022,12,39,5621.0,529,0.1869,2,0.005258,0
10169,2022,12,27,4978.0,704,0.2933,1,0.400936,1
10170,2023,12,32,3884.0,671,0.4525,3,0.154309,0
10171,2021,48,55,5693.0,693,0.1645,2,0.108117,0
10172,2022,24,47,7235.0,522,0.2999,2,0.010933,0
10173,2021,24,44,4481.0,710,0.1237,2,0.216676,0
10174,2022,12,41,3904.0,701,0.1261,2,0.164287,0
10175,2021,48,31,4141.0,601,0.1674,1,0.06511,0
10176,2023,48,35,1558.0,691,0.4366,4,0.218292,0
10177,2023,48,37,5662.0,641,0.1203,1,0.071189,0
10178,2023,24,43,2685.0,492,0.2999,1,0.003992,0
10179,2021,24,53,6734.0,605,0.3017,1,0.057915,0
10180,2021,60,49,4698.0,581,0.4234,3,0.017145,0
10181,2023,36,23,5180.0,626,0.4912,2,0.121609,0
10182,2022,12,40,6976.0,701,0.3723,1,0.303607,1
10183,2022,36,45,3093.0,488,0.3504,1,0.006085,0
10184,2021,36,44,5911.0,584,0.3524,2,0.017709,0
10185,2023,24,31,5618.0,554,0.4561,2,0.025769,0
10186,2023,24,67,4481.0,557,0.1056,2,0.009046,0
10187,2021,60,25,3090.0,554,0.2717,2,0.013718,0
10188,2022,48,27,6618.0,625,0.1101,3,0.027808,0
10189,2022,12,40,6986.0,661,0.2684,1,0.086555,0
10190,2021,36,59,5202.0,647,0.1444,1,0.039254,0
10191,2023,24,29,2878.0,634,0.3721,1,0.113474,1
10192,2023,36,35,3775.0,669,0.2677,2,0.127794,0
10193,2022,48,48,4769.0,810,0.2403,1,0.76174,1
10194,2023,12,37,6934.0,630,0.0448,1,0.060343,0
10195,2021,36,34,2227.0,701,0.2827,1,0.389105,0
10196,2022,48,43,3707.0,697,0.1317,1,0.167793,0
10197,2021,36,40,4018.0,762,0.2303,2,0.525997,1
10198,2021,24,48,4714.0,664,0.2702,2,0.086376,0
10199,2021,36,50,2564.0,552,0.5391,2,0.043278,0
10200,2022,36,41,4408.0,644,0.2699,3,0.064951,0
10201,2021,24,40,4208.0,640,0.7088,3,0.192408,0
10202,2022,24,40,2925.0,685,0.1423,2,0.101811,0
10203,2021,36,42,4633.0,550,0.1621,1,0.018727,0
10204,2021,12,38,3750.0,721,0.2223,2,0.291753,0
10205,2022,36,37,6297.0,620,0.4978,1,0.107802,0
10206,2022,48,49,3157.0,687,0.3345,3,0.126605,0
10207,2023,36,53,5141.0,644,0.3916,4,0.048503,0
10208,2022,36,22,3281.0,629,0.3502,2,0.076849,0
10209,2023,36,38,3641.0,638,0.5824,3,0.126685,1
10210,2023,24,31,5702.0,673,0.3823,1,0.346892,0
10211,2022,60,34,5527.0,776,0.3482,2,0.582435,1
10212,2023,36,42,3990.0,458,0.3519,4,0.001214,0
10213,2022,60,44,4295.0,663,0.2794,1,0.143053,0
10214,2021,36,36,2376.0,623,0.3264,2,0.084548,0
10215,2022,24,22,9911.0,605,0.3958,2,0.04389,0
10216,2022,12,28,6931.0,430,0.0993,3,0.001,0
10217,2021,12,46,6807.0,666,0.4979,1,0.316023,0
10218,2022,12,22,2214.0,610,0.2396,4,0.02551,0
10219,2022,12,49,3649.0,553,0.536,2,0.020473,0
10220,2023,24,43,4158.0,623,0.1492,4,0.016577,0
10221,2023,48,51,1871.0,596,0.2147,2,0.032195,0
10222,2022,24,36,7669.0,480,0.5609,2,0.009414,0
10223,2021,36,22,10167.0,627,0.0905,1,0.034114,0
10224,2022,36,42,13780.0,666,0.5361,2,0.085867,0
10225,2021,36,50,2913.0,576,0.329,3,0.01702,0
10226,2023,60,47,5212.0,640,0.3653,1,0.109098,0
10227,2023,24,31,9522.0,628,0.0454,4,0.012986,0
10228,2021,36,38,4329.0,703,0.1181,3,0.105306,0
10229,2022,24,32,3702.0,611,0.3914,1,0.061196,0
10230,2021,48,29,1933.0,684,0.0698,4,0.100397,0
10231,2021,24,47,8659.0,594,0.1677,1,0.024455,0
10232,2023,24,26,4868.0,777,0.241,2,0.536583,1
10233,2022,60,29,3413.0,585,0.5963,2,0.056565,0
10234,2023,24,26,5664.0,565,0.2249,1,0.01423,0
10235,2023,24,23,5306.0,611,0.1565,1,0.045523,0
10236,2021,24,39,5346.0,561,0.2538,1,0.02773,1
10237,2021,24,49,4409.0,520,0.4341,3,0.013002,0
10238,2022,24,36,11061.0,678,0.162,1,0.085241,0
10239,2022,36,22,4597.0,374,0.4724,1,0.001541,0
10240,2021,24,46,11044.0,562,0.0305,3,0.004617,0
10241,2022,60,54,6516.0,512,0.0661,1,0.00213,0
10242,2021,36,31,5858.0,631,0.0467,2,0.040318,0
10243,2022,48,33,4644.0,444,0.4056,2,0.002613,0
10244,2021,24,43,7998.0,663,0.219,3,0.075855,0
10245,2021,48,54,5200.0,672,0.2071,2,0.12834,0
10246,2021,24,32,3084.0,489,0.6675,1,0.017076,0
10247,2022,24,24,3033.0,635,0.2274,3,0.07176,0
10248,2021,36,44,6071.0,661,0.4313,2,0.224218,0
10249,2021,60,45,3122.0,695,0.0636,2,0.161835,0
10250,2023,36,38,4764.0,502,0.2569,1,0.006607,0
10251,2021,48,32,8338.0,491,0.4169,2,0.00491,0
10252,2023,36,47,5721.0,740,0.1305,1,0.281328,0
10253,2023,48,43,3425.0,554,0.2621,3,0.008015,0
10254,2023,24,30,9947.0,577,0.6432,3,0.040057,0
10255,2023,48,38,6464.0,670,0.1111,2,0.099258,1
10256,2021,24,24,8175.0,526,0.1898,1,0.010551,0
10257,2023,36,44,1582.0,598,0.2071,3,0.025001,0
10258,2023,24,35,5799.0,691,0.3428,1,0.342032,0
10259,2021,36,33,7488.0,506,0.485,3,0.006366,0
10260,2023,60,37,11500.0,579,0.2705,1,0.034009,0
10261,2021,12,38,2364.0,529,0.3245,4,0.006946,0
10262,2023,24,46,8983.0,558,0.1237,4,0.003839,0
10263,2021,48,43,11183.0,714,0.1114,3,0.080359,0
10264,2023,24,36,1792.0,732,0.3738,3,0.467835,1
10265,2023,24,45,6243.0,640,0.2607,1,0.084081,0
10266,2021,24,42,6693.0,662,0.0543,3,0.049165,0
10267,2022,36,33,4173.0,660,0.0981,1,0.080127,0
10268,2023,24,36,3847.0,566,0.1232,2,0.013188,0
10269,2022,60,36,6863.0,639,0.3291,3,0.055757,0
10270,2023,48,43,3614.0,516,0.292,2,0.007215,0
10271,2021,36,34,4409.0,543,0.6527,2,0.021281,0
10272,2023,24,34,7378.0,613,0.1117,1,0.042614,0
10273,2021,12,57,11814.0,535,0.2713,2,0.008108,0
10274,2021,24,47,6432.0,518,0.3431,3,0.004299,0
10275,2022,60,30,5254.0,563,0.3769,2,0.022644,0
10276,2021,60,43,3796.0,711,0.4366,3,0.266798,0
10277,2021,60,39,2965.0,744,0.1191,2,0.242573,0
10278,2023,24,41,8559.0,617,0.2963,3,0.025288,0
10279,2022,36,39,4552.0,666,0.3435,4,0.071493,0
10280,2022,48,49,8737.0,574,0.1019,1,0.014603,0
10281,2023,24,41,4168.0,454,0.0758,2,0.00115,0
10282,2023,24,37,3552.0,548,0.3468,4,0.013203,0
10283,2021,36,48,6066.0,595,0.1395,2,0.023001,0
10284,2023,12,40,4730.0,631,0.5813,1,0.173849,1
10285,2023,36,39,2690.0,611,0.2534,1,0.031515,0
10286,2023,12,41,12194.0,597,0.1613,1,0.031578,0
10287,2023,24,37,3592.0,574,0.3963,2,0.03728,0
10288,2023,48,38,7815.0,647,0.1022,1,0.044655,0
10289,2022,36,32,7487.0,510,0.2926,2,0.007912,0
10290,2021,60,30,2618.0,684,0.3368,1,0.32721,0
10291,2022,48,28,2977.0,573,0.0395,2,0.015446,0
10292,2023,36,24,4227.0,785,0.2699,2,0.973992,1
10293,2023,24,29,3188.0,594,0.0383,4,0.013581,0
10294,2023,12,36,11652.0,581,0.4751,2,0.036257,0
10295,2023,60,39,4447.0,574,0.167,1,0.034967,0
10296,2022,12,35,7668.0,582,0.1165,2,0.013196,0
10297,2021,36,22,6354.0,668,0.2076,2,0.091164,0
10298,2023,24,53,5608.0,616,0.2618,1,0.066544,0
10299,2023,60,48,5015.0,698,0.2186,1,0.30894,0
10300,2021,24,42,9123.0,657,0.3137,3,0.073676,0
10301,2021,36,57,3253.0,622,0.3037,1,0.088417,0
10302,2021,36,28,11651.0,649,0.0602,4,0.020382,0
10303,2021,36,56,2582.0,715,0.361,1,0.367465,0
10304,2022,36,28,7265.0,672,0.1416,1,0.096406,0
10305,2021,12,40,2434.0,642,0.1609,4,0.065236,0
10306,2022,48,25,4197.0,653,0.4063,2,0.314327,0
10307,2023,36,38,5150.0,527,0.2102,2,0.006576,0
10308,2022,36,41,3853.0,825,0.4715,1,0.907827,1
10309,2021,12,36,4488.0,662,0.6335,1,0.372586,1
10310,2021,24,45,2457.0,670,0.3013,2,0.203353,0
10311,2022,48,38,3000.0,617,0.1866,1,0.055627,0
10312,2021,36,32,6305.0,436,0.3003,2,0.001422,0
10313,2021,12,32,4988.0,598,0.3995,2,0.039358,0
10314,2021,24,46,3480.0,626,0.4313,2,0.091389,0
10315,2021,12,31,9529.0,554,0.2495,1,0.014667,0
10316,2021,24,47,2671.0,553,0.5213,1,0.07189,0
10317,2022,12,50,4102.0,592,0.546,3,0.035985,0
10318,2022,36,22,3817.0,681,0.1957,1,0.252721,0
10319,2022,24,49,6684.0,720,0.1625,3,0.248636,0
10320,2021,12,58,5035.0,633,0.2773,1,0.089294,0
10321,2022,36,40,4656.0,574,0.3856,3,0.010648,0
10322,2023,24,43,1955.0,591,0.0933,2,0.016232,0
10323,2021,36,48,7574.0,627,0.2744,1,0.066263,0
10324,2021,24,35,4408.0,637,0.296,1,0.108061,0
10325,2021,36,39,5207.0,654,0.1399,2,0.064127,0
10326,2021,36,24,3380.0,584,0.6129,3,0.113128,0
10327,2023,36,39,3125.0,662,0.6238,2,0.27636,1
10328,2023,12,42,10401.0,656,0.1418,2,0.06247,0
10329,2023,36,43,2025.0,588,0.2433,4,0.020319,0
10330,2023,36,48,2901.0,482,0.1268,2,0.002191,0
10331,2021,60,30,10304.0,549,0.3484,2,0.012541,0
10332,2023,24,32,6771.0,745,0.2106,1,0.368233,0
10333,2021,36,56,4177.0,484,0.4867,1,0.006702,0
10334,2022,24,36,9166.0,725,0.2783,2,0.282751,0
10335,2022,12,40,6145.0,481,0.2476,1,0.002645,0
10336,2021,60,37,5521.0,558,0.1323,2,0.010109,0
10337,2021,24,29,5502.0,590,0.1087,1,0.028348,0
10338,2022,48,54,6202.0,762,0.4851,3,0.46199,0
10339,2022,36,32,6329.0,622,0.2997,1,0.06848,1
10340,2021,48,26,14735.0,602,0.4166,3,0.015439,0
10341,2022,24,33,4458.0,545,0.0569,2,0.003759,0
10342,2023,36,22,4528.0,661,0.4269,2,0.073922,0
10343,2022,36,31,2648.0,578,0.183,1,0.032938,0
10344,2022,24,28,4789.0,601,0.0559,1,0.029394,0
10345,2022,24,44,12475.0,591,0.0404,4,0.004748,0
10346,2021,24,31,8040.0,677,0.3575,1,0.25279,1
10347,2022,24,46,3745.0,680,0.2997,1,0.263237,0
10348,2022,12,51,4989.0,548,0.1855,3,0.006741,0
10349,2021,60,45,2570.0,569,0.1151,2,0.011327,0
10350,2023,24,35,3027.0,561,0.1831,1,0.029876,0
10351,2021,36,39,5296.0,634,0.2677,1,0.142566,1
10352,2022,48,22,3838.0,692,0.0594,1,0.215272,0
10353,2022,36,36,2915.0,635,0.2231,1,0.116932,0
10354,2021,24,29,6279.0,444,0.5264,4,0.00133,0
10355,2023,48,44,4717.0,680,0.2151,2,0.085157,1
10356,2022,12,63,2244.0,512,0.3439,1,0.014425,0
10357,2021,60,42,1741.0,562,0.3727,2,0.017364,0
10358,2021,60,22,3696.0,635,0.418,1,0.205537,1
10359,2021,48,34,2221.0,613,0.6079,3,0.165775,0
10360,2021,12,39,1931.0,689,0.0463,2,0.216423,0
10361,2021,36,38,8643.0,571,0.2079,3,0.008781,0
10362,2022,24,30,4680.0,542,0.3507,1,0.018624,0
10363,2022,36,40,4304.0,595,0.5017,2,0.048968,0
10364,2022,24,25,4473.0,698,0.3654,1,0.294363,1
10365,2021,36,28,2782.0,670,0.4536,1,0.234919,0
10366,2023,24,44,6036.0,626,0.0699,1,0.059699,0
10367,2021,60,27,4604.0,726,0.2357,2,0.47328,0
10368,2022,36,43,3365.0,711,0.4114,2,0.441289,1
10369,2022,12,24,3627.0,683,0.1586,2,0.22714,0
10370,2022,48,55,2661.0,525,0.2046,4,0.006279,0
10371,2023,24,30,4011.0,682,0.0897,1,0.102165,0
10372,2023,24,35,4360.0,603,0.5062,2,0.076758,0
10373,2023,24,41,3959.0,588,0.1162,1,0.015485,0
10374,2022,12,32,5052.0,565,0.6135,1,0.056879,0
10375,2021,24,39,4726.0,606,0.0786,2,0.021412,0
10376,2022,24,43,5516.0,569,0.2493,1,0.038721,0
10377,2022,36,47,7876.0,633,0.2307,4,0.022115,0
10378,2023,36,45,6611.0,606,0.1503,1,0.029814,0
10379,2021,36,36,7921.0,637,0.1016,1,0.05115,1
10380,2021,12,36,3217.0,664,0.353,2,0.153783,0
10381,2023,12,61,3811.0,596,0.2148,1,0.020995,0
10382,2021,36,47,6814.0,561,0.4205,3,0.021752,0
10383,2023,36,28,6876.0,459,0.1005,2,0.001263,0
10384,2022,36,38,3501.0,681,0.3585,2,0.144241,0
10385,2021,60,34,6673.0,626,0.2256,3,0.047909,0
10386,2022,12,36,3066.0,605,0.2668,1,0.050933,0
10387,2022,24,25,6251.0,713,0.1053,2,0.242886,0
10388,2021,36,33,4851.0,516,0.2459,1,0.009271,0
10389,2022,48,56,2460.0,624,0.0696,1,0.026413,0
10390,2022,36,43,3956.0,542,0.1752,3,0.008155,0
10391,2022,48,22,14634.0,672,0.0549,3,0.022335,0
10392,2023,24,50,5439.0,441,0.2393,3,0.001,0
10393,2023,60,48,15525.0,684,0.3086,2,0.04411,0
10394,2022,36,34,2388.0,681,0.146,2,0.150759,1
10395,2022,24,45,7154.0,546,0.3216,3,0.006627,0
10396,2021,12,29,1384.0,625,0.3265,2,0.0909,0
10397,2022,48,33,4914.0,547,0.3906,2,0.023859,0
10398,2021,36,52,6739.0,654,0.4014,3,0.063714,0
10399,2022,12,35,7472.0,685,0.5301,3,0.148082,0
10400,2023,36,22,3296.0,539,0.1029,1,0.008026,0
10401,2021,12,37,8263.0,516,0.3633,2,0.005186,0
10402,2023,24,37,3764.0,707,0.405,1,0.472256,1
10403,2023,24,49,4528.0,775,0.4085,1,0.743491,1
10404,2021,60,38,3957.0,659,0.2071,1,0.122523,0
10405,2022,36,33,2784.0,665,0.3147,2,0.108286,0
10406,2021,24,48,10774.0,593,0.2217,3,0.009714,0
10407,2021,24,39,5034.0,634,0.544,2,0.102727,0
10408,2021,36,30,8465.0,648,0.0847,1,0.049867,0
10409,2023,12,49,8286.0,605,0.6481,1,0.11397,0
10410,2021,48,39,3029.0,727,0.3644,2,0.35313,0
10411,2022,24,38,9028.0,634,0.2893,3,0.027764,0
10412,2021,12,39,6321.0,644,0.4075,1,0.113019,0
10413,2022,60,27,2921.0,607,0.1465,2,0.036278,0
10414,2022,36,32,6151.0,615,0.1049,3,0.030642,0
10415,2021,36,38,2947.0,717,0.3249,1,0.467809,0
10416,2022,36,36,10973.0,631,0.1894,1,0.02719,0
10417,2023,48,50,7383.0,633,0.0713,1,0.028855,0
10418,2022,36,40,4743.0,634,0.2918,2,0.032528,0
10419,2022,60,46,9250.0,590,0.2141,1,0.021162,0
10420,2021,12,38,2228.0,507,0.4852,2,0.009095,0
10421,2021,60,48,3379.0,745,0.2217,3,0.372529,1
10422,2023,24,41,4332.0,705,0.2019,3,0.147905,0
10423,2022,24,38,15031.0,719,0.1168,1,0.173536,0
10424,2023,36,37,2878.0,534,0.0441,2,0.00703,0
10425,2021,60,28,2093.0,735,0.1702,1,0.38803,1
10426,2021,36,43,2387.0,777,0.2474,2,0.514285,1
10427,2023,24,37,7732.0,703,0.2601,2,0.352698,0
10428,2022,24,32,3652.0,751,0.5264,1,0.748257,1
10429,2022,48,49,4539.0,683,0.1915,4,0.076276,0
10430,2022,36,25,7197.0,552,0.0723,2,0.009158,0
10431,2021,60,33,4541.0,660,0.23,1,0.082608,0
10432,2021,24,48,5443.0,538,0.4507,3,0.009673,0
10433,2023,12,41,6423.0,572,0.2102,1,0.021979,0
10434,2023,12,37,3963.0,645,0.4871,2,0.158546,0
10435,2021,60,40,4523.0,634,0.4319,1,0.146241,0
10436,2022,24,39,5547.0,657,0.0707,1,0.043458,0
10437,2022,36,22,7586.0,476,0.3172,2,0.00328,0
10438,2021,24,34,3307.0,607,0.1443,1,0.032564,0
10439,2021,36,54,1085.0,663,0.2364,1,0.18643,0
10440,2022,60,31,6904.0,679,0.3377,2,0.154633,1
10441,2023,60,34,7815.0,685,0.1159,1,0.157535,1
10442,2022,24,32,5432.0,640,0.0711,1,0.071721,0
10443,2021,60,37,5620.0,589,0.4337,2,0.041813,0
10444,2022,24,32,3707.0,660,0.5544,2,0.309295,1
10445,2022,24,42,6311.0,596,0.3219,3,0.038542,0
10446,2022,36,39,7529.0,692,0.1015,1,0.17774,0
10447,2021,24,45,5056.0,654,0.1138,4,0.025378,0
10448,2022,24,27,17079.0,615,0.6111,1,0.054043,0
10449,2022,48,34,2249.0,558,0.4293,2,0.045232,1
10450,2023,48,35,5332.0,709,0.2783,1,0.253959,1
10451,2023,60,42,2732.0,664,0.0456,2,0.063686,0
10452,2022,60,30,7631.0,788,0.1913,3,0.529145,1
10453,2023,24,47,2229.0,662,0.2232,1,0.107014,0
10454,2023,24,49,2523.0,668,0.2292,1,0.147683,0
10455,2022,24,28,3581.0,502,0.1818,4,0.003307,0
10456,2022,36,33,5613.0,644,0.3751,1,0.120139,1
10457,2023,60,32,3649.0,594,0.1587,1,0.040505,0
10458,2022,12,64,3668.0,686,0.3251,4,0.09074,0
10459,2023,24,33,4490.0,646,0.5699,1,0.183881,0
10460,2023,12,54,4354.0,698,0.162,3,0.104076,0
10461,2021,36,25,10339.0,790,0.2524,4,0.395541,1
10462,2023,36,28,6925.0,556,0.3044,2,0.012859,0
10463,2021,48,31,4179.0,695,0.2876,1,0.225047,0
10464,2021,36,29,14024.0,674,0.1977,1,0.069051,0
10465,2022,24,35,6284.0,778,0.4322,1,0.797654,1
10466,2023,48,30,3028.0,676,0.2593,4,0.07773,0
10467,2023,60,29,5587.0,668,0.0788,3,0.059853,0
10468,2022,36,49,6424.0,688,0.3617,1,0.341878,0
10469,2023,60,50,3485.0,693,0.4194,2,0.319281,0
10470,2021,48,47,2904.0,736,0.4011,2,0.487451,0
10471,2022,60,43,5132.0,554,0.4258,1,0.029702,0
10472,2023,48,38,4105.0,588,0.3218,1,0.045008,0
10473,2021,36,33,10297.0,758,0.1008,1,0.301334,1
10474,2021,24,28,7119.0,463,0.1386,2,0.001591,0
10475,2022,24,41,3567.0,613,0.2403,1,0.056668,1
10476,2022,36,26,6081.0,631,0.1128,4,0.033403,0
10477,2022,12,28,9261.0,605,0.3215,1,0.027486,0
10478,2022,24,49,2448.0,746,0.0544,3,0.182724,0
10479,2021,60,57,2947.0,658,0.0435,1,0.054753,1
10480,2022,24,41,4887.0,589,0.4584,1,0.043123,0
10481,2023,48,49,5003.0,569,0.2318,1,0.025581,0
10482,2022,48,35,4788.0,642,0.2626,1,0.075735,1
10483,2021,48,24,4207.0,713,0.43,4,0.36096,1
10484,2023,12,44,4175.0,631,0.2866,3,0.043408,0
10485,2022,36,43,5956.0,609,0.7602,1,0.180886,0
10486,2022,36,38,8664.0,564,0.6482,1,0.057312,0
10487,2021,48,35,3864.0,649,0.118,2,0.079035,0
10488,2023,36,47,16634.0,645,0.4148,3,0.03328,0
10489,2023,48,28,13100.0,562,0.1019,3,0.004844,0
10490,2022,60,30,9553.0,702,0.1567,3,0.106961,0
10491,2022,60,27,6709.0,756,0.3253,4,0.332476,0
10492,2022,60,38,13413.0,623,0.237,3,0.025869,0
10493,2023,36,27,4251.0,644,0.2164,1,0.118815,1
10494,2023,36,31,3241.0,531,0.0883,1,0.018624,0
10495,2021,36,30,3778.0,678,0.3016,3,0.176029,0
10496,2022,48,35,2977.0,657,0.0396,1,0.113768,0
10497,2023,36,23,5223.0,593,0.281,1,0.052371,0
10498,2022,24,38,5710.0,560,0.4588,4,0.011359,0
10499,2022,24,50,5434.0,767,0.1596,2,0.474472,1
10500,2021,36,39,4884.0,650,0.4263,1,0.16167,0
10501,2022,12,53,5253.0,546,0.2538,1,0.008102,1
10502,2022,60,51,11710.0,688,0.2449,4,0.031152,1
10503,2022,24,45,6701.0,638,0.3648,2,0.067114,0
10504,2021,24,38,7795.0,624,0.3065,2,0.026838,0
10505,2021,60,38,5407.0,698,0.2771,3,0.124034,1
10506,2021,24,45,2191.0,410,0.2455,2,0.001187,0
10507,2021,48,34,1984.0,475,0.3263,2,0.004645,0
10508,2021,36,22,13924.0,730,0.4137,1,0.348325,0
10509,2022,36,42,3767.0,609,0.2548,2,0.054526,0
10510,2022,36,26,3611.0,585,0.2156,2,0.028455,0
10511,2021,12,28,5557.0,512,0.1774,1,0.009124,0
10512,2021,36,38,6472.0,635,0.1886,2,0.059894,0
10513,2022,24,37,6894.0,645,0.1774,2,0.071629,0
10514,2022,24,23,11935.0,735,0.1092,3,0.2114,0
10515,2023,36,39,10408.0,649,0.4152,2,0.088733,0
10516,2022,24,47,3277.0,595,0.2371,2,0.062532,0
10517,2023,36,26,7977.0,652,0.4337,2,0.110244,0
10518,2021,24,50,4056.0,708,0.2669,1,0.24288,0
10519,2022,36,22,4588.0,691,0.1212,3,0.149006,0
10520,2022,48,59,2844.0,669,0.4111,2,0.165212,0
10521,2023,24,33,2108.0,641,0.5584,2,0.114283,0
10522,2022,24,39,4838.0,573,0.3543,2,0.017364,0
10523,2022,36,22,3047.0,537,0.1113,1,0.010571,0
10524,2021,36,37,7816.0,524,0.4094,1,0.010395,0
10525,2021,36,40,4270.0,651,0.4144,2,0.081303,0
10526,2023,36,37,5735.0,659,0.1292,3,0.04904,0
10527,2022,12,32,9738.0,707,0.2069,1,0.222335,0
10528,2023,48,28,2339.0,664,0.2244,2,0.104694,0
10529,2022,60,49,3421.0,704,0.53,1,0.341452,0
10530,2021,48,38,5380.0,609,0.2055,3,0.033581,0
10531,2022,36,53,5746.0,681,0.149,1,0.180817,0
10532,2023,36,32,8533.0,539,0.0689,1,0.007924,0
10533,2022,12,33,7582.0,615,0.1569,1,0.052846,0
10534,2021,60,46,5159.0,473,0.3003,1,0.003204,0
10535,2021,48,22,5720.0,622,0.105,1,0.088144,0
10536,2023,48,25,5800.0,717,0.221,1,0.291585,0
10537,2023,36,48,2357.0,625,0.6294,1,0.194977,0
10538,2022,36,26,4545.0,677,0.6951,2,0.332227,0
10539,2021,36,22,5565.0,641,0.3363,3,0.071962,0
10540,2022,12,56,6181.0,574,0.1633,2,0.014611,0
10541,2023,24,24,3096.0,605,0.3563,4,0.030691,0
10542,2023,24,39,2606.0,714,0.3236,1,0.475272,0
10543,2022,48,38,4371.0,677,0.1182,1,0.147905,0
10544,2021,24,22,13144.0,570,0.1836,1,0.009952,0
10545,2023,60,35,3263.0,509,0.4506,2,0.008892,0
10546,2021,36,42,8839.0,636,0.5875,3,0.049745,0
10547,2023,12,41,10855.0,573,0.3192,1,0.030243,0
10548,2023,36,47,5028.0,605,0.0733,3,0.018697,0
10549,2021,24,34,3498.0,503,0.4632,1,0.015905,0
10550,2021,36,45,6351.0,703,0.08,2,0.134209,0
10551,2021,24,31,5418.0,612,0.5622,3,0.036002,0
10552,2022,60,23,3199.0,624,0.4066,1,0.07026,0
10553,2022,24,25,3535.0,553,0.1516,2,0.017196,0
10554,2023,60,23,6166.0,597,0.2991,2,0.045011,1
10555,2021,24,48,7838.0,629,0.0407,1,0.036377,0
10556,2022,24,22,4182.0,570,0.3359,2,0.053022,0
10557,2021,36,40,4748.0,602,0.587,3,0.079541,0
10558,2021,48,35,6866.0,730,0.1094,2,0.18792,0
10559,2022,60,36,4509.0,479,0.4984,3,0.003589,0
10560,2022,36,51,4232.0,634,0.3202,1,0.102908,0
10561,2022,36,33,3369.0,557,0.7535,3,0.047118,0
10562,2021,12,44,3340.0,726,0.2614,2,0.418992,0
10563,2023,24,38,18666.0,605,0.3431,2,0.012822,0
10564,2022,12,36,4456.0,536,0.0641,3,0.003272,0
10565,2023,36,60,9726.0,602,0.4373,3,0.020888,0
10566,2022,36,23,11407.0,647,0.3402,3,0.053769,1
10567,2022,36,50,4484.0,842,0.1594,2,0.882692,1
10568,2022,24,44,5909.0,451,0.6212,2,0.004425,0
10569,2022,24,33,5173.0,524,0.2862,3,0.00934,0
10570,2022,60,54,2195.0,724,0.1274,1,0.18747,1
10571,2022,12,22,2262.0,499,0.2065,2,0.007052,0
10572,2022,36,32,5036.0,620,0.1559,1,0.058835,0
10573,2022,60,25,3974.0,581,0.1178,1,0.016322,0
10574,2023,36,42,12655.0,568,0.1291,3,0.006194,0
10575,2023,48,26,4366.0,606,0.4256,2,0.057313,0
10576,2023,24,42,13036.0,593,0.4856,1,0.031895,0
10577,2023,24,36,3873.0,704,0.2699,4,0.146055,0
10578,2023,24,33,12786.0,726,0.0359,1,0.127657,0
10579,2021,36,41,6331.0,654,0.0852,2,0.06223,0
10580,2022,48,35,6514.0,601,0.0556,2,0.012906,0
10581,2021,60,27,3805.0,640,0.4068,2,0.13173,0
10582,2022,36,66,6558.0,684,0.2017,2,0.131027,0
10583,2022,36,33,11457.0,700,0.1842,1,0.11437,0
10584,2021,36,22,4571.0,649,0.6101,2,0.246147,0
10585,2023,60,29,4148.0,742,0.2742,3,0.402258,0
10586,2022,48,25,4344.0,570,0.1746,1,0.029123,0
10587,2023,36,46,11049.0,711,0.0674,1,0.161233,0
10588,2022,48,41,7538.0,676,0.2155,1,0.157159,0
10589,2023,24,41,10136.0,571,0.3637,3,0.006892,0
10590,2023,24,34,5749.0,638,0.147,4,0.039287,0
10591,2021,36,35,5012.0,644,0.4909,2,0.159077,0
10592,2021,36,34,6075.0,608,0.3762,2,0.044292,0
10593,2022,36,37,8392.0,607,0.2707,1,0.074926,0
10594,2021,36,46,4344.0,498,0.23,1,0.00247,0
10595,2022,48,41,9743.0,564,0.0932,1,0.023328,0
10596,2022,36,43,5901.0,600,0.2791,2,0.036763,0
10597,2021,12,42,1476.0,574,0.1047,2,0.029751,0
10598,2022,36,46,7645.0,551,0.1383,1,0.005732,0
10599,2023,48,40,2602.0,704,0.7754,1,0.534459,1
10600,2021,36,41,7552.0,611,0.3939,2,0.023971,0
10601,2023,12,49,7714.0,793,0.6653,4,0.719353,1
10602,2022,12,31,5796.0,637,0.2226,1,0.067936,0
10603,2023,12,29,6450.0,703,0.506,1,0.555768,0
10604,2021,24,26,8514.0,603,0.1628,1,0.033834,0
10605,2021,24,39,3836.0,567,0.5913,2,0.036489,0
10606,2023,36,22,7308.0,641,0.6048,2,0.180563,0
10607,2021,48,42,8791.0,723,0.4287,1,0.276541,0
10608,2022,60,36,11850.0,612,0.1096,3,0.011042,0
10609,2023,60,49,2827.0,655,0.5849,1,0.217093,1
10610,2023,12,31,6029.0,640,0.3334,4,0.04631,0
10611,2023,36,35,3039.0,612,0.1153,2,0.03325,0
10612,2022,36,49,2975.0,616,0.2203,1,0.063348,0
10613,2021,36,51,5881.0,540,0.2691,2,0.007798,0
10614,2021,24,31,5109.0,619,0.6506,2,0.117359,1
10615,2021,48,39,8712.0,672,0.3363,1,0.114061,0
10616,2021,48,40,4134.0,643,0.1489,3,0.032461,0
10617,2023,12,41,4596.0,634,0.0978,1,0.06453,0
10618,2022,24,35,5463.0,678,0.0995,1,0.110671,0
10619,2021,36,50,3194.0,635,0.3331,3,0.072808,0
10620,2022,48,22,3424.0,621,0.3889,2,0.058132,0
10621,2021,12,33,8587.0,678,0.4625,1,0.279055,0
10622,2022,24,42,3735.0,630,0.0636,2,0.039027,0
10623,2023,24,42,8877.0,601,0.5156,1,0.054222,1
10624,2023,60,51,6659.0,657,0.0358,2,0.048241,0
10625,2023,12,49,2267.0,617,0.142,3,0.022911,0
10626,2023,36,35,6407.0,597,0.2158,1,0.02219,0
10627,2021,36,50,6382.0,632,0.4273,1,0.093992,0
10628,2022,36,30,6072.0,633,0.3401,1,0.054946,0
10629,2022,24,47,4578.0,531,0.5536,4,0.005209,0
10630,2022,48,56,3072.0,646,0.5925,1,0.234248,1
10631,2021,36,50,9635.0,767,0.056,1,0.301397,1
10632,2023,36,39,4671.0,541,0.0475,3,0.005843,0
10633,2022,60,34,3160.0,579,0.3428,2,0.045187,0
10634,2022,36,22,6178.0,842,0.1096,4,0.670386,1
10635,2023,12,41,3390.0,554,0.1023,2,0.0087,0
10636,2022,24,26,3058.0,722,0.3557,3,0.323306,0
10637,2021,48,30,4074.0,601,0.5277,2,0.052915,1
10638,2023,24,26,3524.0,624,0.4135,3,0.071804,0
10639,2021,12,33,3115.0,609,0.448,1,0.058336,0
10640,2022,12,37,7356.0,654,0.2682,1,0.079142,0
10641,2022,36,40,4643.0,493,0.0446,2,0.002821,0
10642,2022,12,31,9192.0,634,0.2316,3,0.03591,0
10643,2021,36,48,3206.0,587,0.2835,1,0.027242,0
10644,2022,36,35,2072.0,470,0.0942,4,0.001,0
10645,2021,12,30,5294.0,709,0.4857,2,0.306166,1
10646,2022,24,40,12432.0,451,0.4859,1,0.00243,0
10647,2021,12,57,6409.0,791,0.3276,3,0.660034,0
10648,2023,24,41,20000.0,669,0.035,4,0.01364,0
10649,2022,24,34,5802.0,511,0.1584,3,0.004966,0
10650,2023,48,22,5529.0,727,0.5522,2,0.507921,0
10651,2021,36,35,1673.0,559,0.3174,4,0.012262,0
10652,2022,24,40,6087.0,563,0.1545,1,0.018976,0
10653,2022,24,34,5347.0,475,0.4298,1,0.00671,0
10654,2022,36,22,4009.0,550,0.4001,1,0.029665,0
10655,2021,36,29,4590.0,560,0.2899,1,0.020435,0
10656,2022,24,52,4750.0,685,0.3718,3,0.197584,0
10657,2021,24,52,4492.0,713,0.2731,3,0.162217,0
10658,2022,48,29,13973.0,520,0.3386,2,0.008622,0
10659,2022,36,44,4083.0,641,0.2998,1,0.111275,1
10660,2022,60,26,5349.0,472,0.5131,3,0.004082,0
10661,2021,24,52,4016.0,641,0.2424,1,0.067504,0
10662,2022,36,40,7271.0,792,0.2255,1,0.843617,1
10663,2021,12,47,5369.0,477,0.1559,2,0.001772,0
10664,2023,48,22,4273.0,538,0.1621,2,0.010655,0
10665,2021,24,44,1876.0,678,0.5609,2,0.452253,1
10666,2022,60,37,5551.0,687,0.0167,3,0.071033,0
10667,2023,48,46,4210.0,544,0.0739,3,0.005104,0
10668,2021,60,47,4768.0,737,0.096,4,0.16352,0
10669,2021,36,38,2721.0,554,0.3297,2,0.0212,0
10670,2021,36,31,10063.0,753,0.4779,2,0.399377,1
10671,2022,12,45,7543.0,657,0.0934,2,0.084762,1
10672,2023,12,37,10050.0,721,0.4099,3,0.250633,0
10673,2022,24,29,8721.0,649,0.3287,3,0.06448,0
10674,2023,12,28,6609.0,672,0.3858,2,0.116528,0
10675,2022,60,23,2776.0,676,0.2332,2,0.188347,0
10676,2021,24,32,12353.0,711,0.2459,1,0.156805,0
10677,2021,24,49,3091.0,617,0.254,1,0.074895,0
10678,2023,24,39,4298.0,548,0.3127,1,0.027794,0
10679,2023,36,32,6999.0,613,0.2165,2,0.032079,0
10680,2021,24,46,7174.0,566,0.1126,1,0.010772,0
10681,2023,48,29,6543.0,571,0.3011,3,0.018525,0
10682,2021,12,38,4023.0,752,0.2678,2,0.383625,0
10683,2023,48,36,3628.0,669,0.3895,1,0.220039,0
10684,2022,60,45,17453.0,666,0.3078,1,0.127028,1
10685,2021,12,22,4819.0,705,0.363,1,0.343276,1
10686,2022,12,29,4533.0,669,0.0476,1,0.092532,1
10687,2021,36,22,3440.0,769,0.1866,1,0.582186,1
10688,2021,36,35,5554.0,452,0.2655,3,0.001,0
10689,2021,24,50,5426.0,540,0.3942,3,0.008425,0
10690,2021,24,32,4875.0,563,0.3921,1,0.039212,0
10691,2021,24,32,5948.0,509,0.1084,1,0.0025,0
10692,2023,24,46,11870.0,629,0.481,1,0.058944,0
10693,2022,24,48,3650.0,632,0.4801,2,0.100367,0
10694,2022,60,37,5022.0,778,0.1804,4,0.437694,0
10695,2021,24,44,3555.0,692,0.2725,1,0.411605,0
10696,2022,48,27,5695.0,579,0.3252,1,0.031419,0
10697,2021,12,51,3699.0,659,0.2476,2,0.112736,0
10698,2023,36,59,3779.0,473,0.0487,2,0.001632,0
10699,2023,48,43,2369.0,631,0.0946,1,0.057488,0
10700,2022,24,22,5161.0,627,0.12,2,0.072654,1
10701,2022,36,32,6093.0,547,0.6158,1,0.032716,0
10702,2022,36,44,12459.0,603,0.5227,1,0.066855,0
10703,2022,24,33,6215.0,564,0.1045,1,0.021779,0
10704,2022,36,50,3925.0,545,0.1179,3,0.005148,0
10705,2022,36,43,2490.0,673,0.3313,3,0.103791,0
10706,2023,24,30,2669.0,702,0.2218,1,0.211359,0
10707,2022,24,38,2571.0,660,0.3373,3,0.138358,0
10708,2022,60,29,12569.0,584,0.1797,3,0.010256,0
10709,2023,36,36,5675.0,566,0.1091,3,0.008935,0
10710,2023,48,32,3672.0,587,0.0973,2,0.019554,0
10711,2021,36,49,3041.0,602,0.2955,4,0.027068,0
10712,2022,36,59,3203.0,550,0.4382,3,0.019338,0
10713,2023,60,23,3624.0,704,0.314,3,0.206071,0
10714,2023,12,22,9491.0,603,0.1717,1,0.030222,0
10715,2022,60,35,4842.0,681,0.1743,3,0.136433,0
10716,2023,36,22,2383.0,508,0.2617,2,0.007008,0
10717,2021,60,38,15603.0,564,0.0647,4,0.002223,0
10718,2021,24,45,2779.0,688,0.476,2,0.38332,1
10719,2022,12,52,3658.0,689,0.3991,2,0.29473,0
10720,2023,24,40,9462.0,523,0.3469,2,0.00737,0
10721,2023,24,36,6049.0,644,0.2818,1,0.187485,0
10722,2022,48,22,3886.0,646,0.1757,1,0.125535,1
10723,2021,24,38,2655.0,563,0.4426,1,0.032842,0
10724,2021,60,38,3031.0,648,0.0879,1,0.130709,0
10725,2022,24,44,3124.0,493,0.2073,1,0.00543,0
10726,2023,36,30,4932.0,545,0.3529,1,0.021295,0
10727,2022,12,33,5407.0,667,0.0649,1,0.102885,0
10728,2021,36,23,4563.0,622,0.5725,1,0.276485,0
10729,2022,48,22,4819.0,626,0.2425,2,0.048458,0
10730,2022,36,26,2906.0,605,0.6855,2,0.140999,1
10731,2023,36,22,5691.0,662,0.3432,1,0.223195,0
10732,2021,36,41,9323.0,666,0.2752,2,0.078893,0
10733,2023,60,32,4531.0,683,0.338,4,0.088232,1
10734,2021,24,32,4487.0,630,0.3597,1,0.081533,0
10735,2022,36,28,5123.0,588,0.0137,1,0.018634,0
10736,2021,36,22,8596.0,575,0.1415,4,0.007951,0
10737,2023,24,53,3142.0,535,0.2885,2,0.010978,0
10738,2022,24,27,10152.0,587,0.2695,1,0.022997,0
10739,2021,36,33,6067.0,571,0.4626,3,0.026588,0
10740,2022,36,23,4986.0,748,0.2498,1,0.455729,0
10741,2023,24,47,9015.0,536,0.3177,1,0.006372,0
10742,2021,24,39,2722.0,702,0.3216,3,0.258377,0
10743,2023,36,29,6381.0,598,0.2484,4,0.021815,0
10744,2023,60,34,6095.0,603,0.2623,2,0.041322,0
10745,2022,36,54,3079.0,652,0.1015,1,0.071323,0
10746,2022,36,37,6188.0,506,0.5146,2,0.009268,0
10747,2021,24,36,5663.0,556,0.1464,3,0.007525,0
10748,2023,60,28,4495.0,520,0.5052,2,0.017447,0
10749,2022,60,22,7566.0,589,0.3419,1,0.064439,0
10750,2023,60,36,3693.0,547,0.353,2,0.01769,0
10751,2021,12,41,5626.0,725,0.1739,2,0.242601,0
10752,2022,24,48,4602.0,573,0.0758,3,0.009295,0
10753,2023,36,22,3614.0,429,0.6085,1,0.005469,0
10754,2022,36,26,6320.0,593,0.0731,2,0.031522,1
10755,2022,48,32,4430.0,684,0.2972,3,0.177407,0
10756,2022,36,37,2353.0,750,0.4593,2,0.559847,0
10757,2022,60,36,1997.0,601,0.2808,2,0.033678,0
10758,2022,60,36,7292.0,578,0.0435,1,0.026022,0
10759,2021,12,42,2670.0,618,0.2407,2,0.070903,0
10760,2023,60,28,5652.0,653,0.1171,3,0.042826,0
10761,2023,60,47,5052.0,529,0.1965,3,0.003505,0
10762,2021,36,42,4088.0,600,0.2113,2,0.032037,0
10763,2022,24,34,13073.0,616,0.139,4,0.015191,0
10764,2021,24,54,5377.0,623,0.7263,1,0.1372,0
10765,2021,24,53,7171.0,608,0.2693,2,0.036059,0
10766,2022,60,47,5667.0,545,0.2552,1,0.019179,0
10767,2022,36,22,4377.0,647,0.2371,3,0.065702,0
10768,2021,24,53,4868.0,616,0.0975,3,0.017869,0
10769,2022,24,45,10191.0,616,0.4359,3,0.0694,0
10770,2022,12,58,8468.0,533,0.135,1,0.005417,0
10771,2022,36,50,13043.0,671,0.2622,1,0.095438,0
10772,2022,24,53,5491.0,544,0.3644,1,0.017307,0
10773,2021,12,46,3170.0,749,0.4637,4,0.429249,1
10774,2022,24,51,3943.0,525,0.4838,2,0.015327,0
10775,2023,24,57,2714.0,680,0.2174,1,0.184328,1
10776,2022,36,40,7212.0,467,0.3227,1,0.00293,0
10777,2021,24,22,3667.0,439,0.1625,2,0.001051,0
10778,2021,12,34,1067.0,575,0.0685,1,0.026578,0
10779,2023,36,41,16846.0,439,0.2425,1,0.001,0
10780,2022,36,38,3695.0,678,0.5569,1,0.356045,1
10781,2021,12,25,3684.0,618,0.3987,2,0.124596,0
10782,2022,48,22,11337.0,732,0.1633,1,0.294952,0
10783,2023,36,30,2686.0,606,0.1466,1,0.030951,0
10784,2021,60,46,8676.0,639,0.2191,3,0.02719,0
10785,2021,24,53,3664.0,598,0.3185,1,0.046055,0
10786,2022,12,47,2535.0,550,0.2616,4,0.007775,0
10787,2023,24,48,11532.0,587,0.3448,2,0.016774,0
10788,2023,36,37,7797.0,523,0.119,1,0.009592,0
10789,2022,60,22,7785.0,650,0.4109,1,0.120912,1
10790,2022,24,33,5907.0,595,0.3883,2,0.04214,0
10791,2021,24,35,6631.0,611,0.2844,3,0.024847,0
10792,2021,12,33,2654.0,845,0.2572,2,0.930922,1
10793,2023,12,38,5197.0,587,0.3938,3,0.02859,0
10794,2021,36,42,3089.0,645,0.2872,4,0.088175,0
10795,2023,36,46,2454.0,615,0.316,2,0.063149,0
10796,2023,36,35,6036.0,712,0.7458,2,0.529203,1
10797,2021,36,22,8770.0,639,0.2121,1,0.06602,0
10798,2022,36,33,4057.0,598,0.188,2,0.017521,0
10799,2021,48,38,4420.0,803,0.3258,3,0.54783,1
10800,2023,24,50,2782.0,551,0.5018,1,0.036499,0
10801,2021,48,32,4933.0,604,0.4074,2,0.054918,0
10802,2021,60,43,7187.0,693,0.3719,1,0.178799,0
10803,2022,12,40,7301.0,554,0.3664,4,0.006785,0
10804,2022,36,38,6455.0,681,0.0635,2,0.049025,0
10805,2021,36,47,3608.0,581,0.0574,1,0.013174,0
10806,2023,48,31,3551.0,700,0.298,1,0.358262,0
10807,2022,36,32,7315.0,698,0.1407,1,0.221378,0
10808,2021,60,37,7376.0,612,0.2691,2,0.037352,0
10809,2022,24,31,4510.0,539,0.0534,3,0.005506,0
10810,2022,36,43,3972.0,588,0.4523,1,0.070016,0
10811,2023,48,30,8810.0,618,0.2829,2,0.043288,0
10812,2022,36,40,4105.0,691,0.3015,1,0.198072,1
10813,2022,24,36,7136.0,645,0.3119,3,0.063437,0
10814,2021,48,40,4590.0,663,0.1907,2,0.111526,0
10815,2023,36,33,2911.0,647,0.328,4,0.073842,1
10816,2022,36,34,11006.0,687,0.349,3,0.08429,0
10817,2021,48,38,5219.0,603,0.1188,1,0.028078,0
10818,2021,24,40,3445.0,633,0.0808,3,0.030615,0
10819,2021,60,37,2452.0,622,0.4212,1,0.076141,0
10820,2022,48,55,2579.0,584,0.2434,1,0.02901,0
10821,2021,36,28,4079.0,700,0.3994,1,0.492464,1
10822,2023,36,37,12869.0,699,0.0295,1,0.139713,0
10823,2021,24,22,3669.0,716,0.2635,1,0.431088,1
10824,2021,12,41,10135.0,558,0.2607,3,0.006574,0
10825,2021,36,26,4604.0,648,0.2454,2,0.073677,0
10826,2022,60,35,2723.0,707,0.1915,1,0.236819,0
10827,2022,36,34,3879.0,740,0.1918,2,0.409081,1
10828,2021,24,40,2590.0,499,0.1807,1,0.004666,0
10829,2021,48,32,3204.0,619,0.3099,3,0.056269,0
10830,2022,12,32,3156.0,604,0.3201,1,0.070652,0
10831,2021,60,52,1897.0,747,0.1999,2,0.433848,1
10832,2021,24,40,10471.0,443,0.0282,1,0.001,0
10833,2023,48,32,5462.0,536,0.2889,3,0.005904,0
10834,2022,48,35,3487.0,734,0.0766,4,0.189968,1
10835,2021,24,54,5491.0,582,0.1766,3,0.011113,0
10836,2021,48,35,3237.0,515,0.2342,1,0.007353,0
10837,2021,24,31,1293.0,740,0.1,4,0.13037,0
10838,2022,24,31,20000.0,505,0.076,2,0.001615,0
10839,2021,48,32,5403.0,701,0.2448,3,0.189988,0
10840,2023,24,32,3661.0,495,0.0956,2,0.002951,0
10841,2023,24,25,1869.0,504,0.2041,1,0.012099,0
10842,2023,36,26,2328.0,636,0.5654,1,0.173931,0
10843,2021,24,29,11240.0,552,0.4062,4,0.009196,0
10844,2021,24,43,10415.0,641,0.1592,1,0.070024,0
10845,2021,12,34,7162.0,764,0.3268,3,0.518125,0
10846,2021,24,35,2814.0,607,0.2367,1,0.036303,0
10847,2023,36,50,10457.0,750,0.2852,2,0.405118,1
10848,2022,12,50,6154.0,645,0.435,3,0.045815,0
10849,2022,24,35,6819.0,696,0.3202,1,0.232608,0
10850,2023,36,31,6143.0,431,0.2236,2,0.001002,0
10851,2023,36,29,2313.0,670,0.3225,1,0.267281,0
10852,2021,48,44,2700.0,658,0.1215,2,0.082502,0
10853,2023,24,35,3808.0,591,0.34,3,0.060394,0
10854,2021,24,34,6781.0,771,0.2103,3,0.293692,1
10855,2022,24,29,2465.0,580,0.076,2,0.041335,0
10856,2023,36,30,4502.0,491,0.4188,2,0.004601,0
10857,2023,24,41,4499.0,682,0.2384,1,0.174972,0
10858,2022,12,24,7305.0,506,0.021,2,0.002112,0
10859,2021,24,47,6887.0,626,0.1515,3,0.025678,0
10860,2021,36,32,2966.0,727,0.3615,1,0.313384,0
10861,2023,12,36,10131.0,659,0.1224,3,0.044804,0
10862,2021,48,24,2747.0,600,0.5186,1,0.093154,0
10863,2023,24,37,8486.0,591,0.3969,1,0.023612,0
10864,2021,24,34,3733.0,721,0.1805,4,0.228091,0
10865,2021,48,37,5335.0,522,0.3444,4,0.006412,0
10866,2022,60,52,5503.0,682,0.3983,2,0.171341,0
10867,2022,12,39,5425.0,795,0.5064,2,0.884319,1
10868,2022,36,30,6886.0,663,0.4134,3,0.098571,0
10869,2022,24,30,5977.0,600,0.2534,4,0.023925,0
10870,2022,36,43,7272.0,607,0.1958,1,0.025038,0
10871,2023,36,50,6200.0,581,0.1461,1,0.017395,0
10872,2023,60,40,2612.0,567,0.2466,4,0.007662,0
10873,2022,48,44,5625.0,629,0.197,2,0.075638,1
10874,2022,36,44,3707.0,674,0.3254,3,0.102643,0
10875,2023,48,52,2822.0,748,0.3065,3,0.341789,1
10876,2021,24,22,4252.0,463,0.2405,1,0.006855,0
10877,2022,12,44,5386.0,424,0.2855,4,0.001,0
10878,2022,24,47,5568.0,750,0.6057,1,0.658757,1
10879,2022,24,24,8333.0,624,0.2599,3,0.030263,0
10880,2021,24,29,9449.0,628,0.534,2,0.099854,0
10881,2021,24,29,5815.0,660,0.55,1,0.359493,1
10882,2021,36,30,6365.0,605,0.1623,2,0.024854,0
10883,2021,12,33,5155.0,778,0.0586,2,0.525567,0
10884,2022,48,40,7213.0,659,0.408,1,0.174471,0
10885,2022,36,46,6270.0,584,0.4379,1,0.056371,0
10886,2022,36,48,4783.0,591,0.5587,2,0.049501,0
10887,2023,48,29,14415.0,608,0.2144,3,0.013584,0
10888,2021,12,29,3740.0,557,0.5789,3,0.018784,0
10889,2022,12,51,10170.0,755,0.3204,1,0.408265,0
10890,2021,24,44,2497.0,629,0.4494,3,0.171672,0
10891,2021,24,38,7382.0,526,0.4451,4,0.003966,0
10892,2022,36,42,10080.0,652,0.206,4,0.029918,0
10893,2021,60,37,1894.0,735,0.4317,2,0.561647,0
10894,2021,12,43,5268.0,704,0.2101,4,0.1645,0
10895,2022,48,34,7028.0,559,0.2261,1,0.01768,0
10896,2023,12,40,5575.0,531,0.2985,1,0.018687,0
10897,2021,48,22,5938.0,734,0.1147,2,0.229895,0
10898,2021,24,31,5261.0,490,0.6112,1,0.013059,0
10899,2022,60,31,2844.0,649,0.2556,2,0.120359,1
10900,2022,36,34,16059.0,574,0.1802,2,0.005708,0
10901,2022,36,28,3821.0,725,0.4186,1,0.468251,0
10902,2022,48,32,6106.0,535,0.2097,2,0.006873,0
10903,2022,48,22,3557.0,556,0.0917,1,0.018324,0
10904,2023,24,43,1575.0,669,0.0755,4,0.041074,0
10905,2023,24,37,3096.0,683,0.4531,3,0.137799,0
10906,2021,48,22,2383.0,728,0.1718,3,0.212246,0
10907,2023,36,29,8483.0,657,0.6503,2,0.229719,0
10908,2022,12,41,3628.0,647,0.3441,1,0.159693,0
10909,2022,36,32,3801.0,703,0.4468,2,0.247477,0
10910,2023,36,31,2887.0,510,0.2232,2,0.007017,0
10911,2023,24,37,5151.0,549,0.3711,1,0.011041,0
10912,2021,48,41,3435.0,517,0.1723,2,0.005165,0
10913,2023,24,23,8072.0,405,0.5231,2,0.001299,0
10914,2021,24,43,5716.0,687,0.5085,3,0.197162,1
10915,2023,12,29,3693.0,734,0.0834,1,0.476339,1
10916,2021,48,37,7518.0,664,0.369,1,0.32773,0
10917,2021,36,37,4934.0,650,0.4939,3,0.096304,0
10918,2023,36,32,4968.0,626,0.2506,1,0.023425,0
10919,2021,36,27,2365.0,624,0.4571,1,0.174443,0
10920,2021,48,35,4743.0,755,0.015,3,0.270285,1
10921,2023,60,54,5772.0,743,0.3402,1,0.47645,0
10922,2023,36,24,9574.0,573,0.138,4,0.007643,0
10923,2022,36,54,3375.0,708,0.0735,2,0.121958,0
10924,2022,36,35,15353.0,718,0.3497,1,0.188376,0
10925,2023,12,38,6493.0,672,0.4517,3,0.172654,1
10926,2023,48,27,2299.0,651,0.6369,1,0.349954,0
10927,2021,48,30,3221.0,648,0.3488,1,0.190394,0
10928,2021,60,32,10002.0,501,0.4727,2,0.00772,0
10929,2021,36,27,9151.0,494,0.2177,1,0.004221,0
10930,2021,36,35,4959.0,682,0.5829,4,0.25165,0
10931,2022,12,33,5297.0,531,0.0706,3,0.002877,0
10932,2022,24,56,2745.0,508,0.3596,2,0.008126,0
10933,2022,48,26,9516.0,453,0.2595,3,0.001,0
10934,2022,36,39,2999.0,581,0.5383,2,0.036709,0
10935,2021,60,40,7498.0,649,0.4673,4,0.088699,1
10936,2021,12,27,9663.0,656,0.1572,3,0.035646,0
10937,2022,24,44,5035.0,688,0.1133,4,0.083264,0
10938,2022,48,34,7973.0,588,0.5188,1,0.082454,0
10939,2021,24,22,12380.0,628,0.3425,3,0.038802,0
10940,2022,24,44,5619.0,687,0.0673,1,0.089224,0
10941,2021,24,26,4502.0,657,0.1542,1,0.159348,0
10942,2023,36,27,4753.0,573,0.3728,1,0.023617,0
10943,2021,24,44,3390.0,643,0.2352,3,0.049698,0
10944,2022,36,34,3352.0,461,0.1285,4,0.002139,0
10945,2021,60,47,6132.0,620,0.0726,1,0.05106,0
10946,2021,36,50,4528.0,570,0.1604,3,0.00869,0
10947,2023,60,31,5789.0,741,0.5176,4,0.468111,1
10948,2022,36,45,2333.0,541,0.3804,2,0.012683,0
10949,2022,60,30,4692.0,629,0.4853,1,0.113369,0
10950,2021,36,60,8226.0,585,0.2361,4,0.008791,0
10951,2022,12,31,2809.0,575,0.4515,4,0.021125,0
10952,2021,24,48,4956.0,650,0.1267,1,0.05648,0
10953,2021,24,46,1944.0,586,0.2403,4,0.014114,0
10954,2022,36,41,2559.0,768,0.4704,1,0.858562,1
10955,2021,36,31,7360.0,462,0.1978,2,0.001613,0
10956,2021,36,36,4211.0,670,0.3955,2,0.170975,0
10957,2021,12,22,12223.0,613,0.2812,1,0.033601,0
10958,2023,24,40,6101.0,615,0.0608,1,0.022458,0
10959,2021,12,41,6408.0,644,0.2369,3,0.036614,0
10960,2022,36,39,2869.0,699,0.1459,3,0.179104,0
10961,2022,60,22,4054.0,641,0.1637,2,0.067836,0
10962,2022,24,25,3407.0,700,0.4802,2,0.407556,1
10963,2021,12,30,2885.0,623,0.209,3,0.064731,0
10964,2021,12,40,6850.0,537,0.0859,4,0.002438,0
10965,2021,36,40,7572.0,612,0.318,4,0.027114,0
10966,2022,60,36,6000.0,712,0.0255,2,0.174601,0
10967,2021,24,44,3249.0,587,0.3062,3,0.016931,0
10968,2021,12,27,5799.0,533,0.5276,1,0.040425,0
10969,2021,24,44,1889.0,669,0.4378,1,0.232753,0
10970,2021,48,42,9523.0,646,0.3206,4,0.029311,0
10971,2022,12,41,2568.0,558,0.2645,2,0.029346,0
10972,2021,12,36,2807.0,601,0.1866,2,0.042063,0
10973,2022,24,56,5206.0,605,0.2924,1,0.03418,0
10974,2021,12,42,5443.0,620,0.1297,2,0.037886,0
10975,2021,24,28,4739.0,671,0.0218,1,0.114289,0
10976,2023,60,40,2821.0,587,0.1967,3,0.031718,0
10977,2022,48,45,8662.0,675,0.1777,3,0.049485,0
10978,2022,48,32,2115.0,577,0.1472,3,0.018532,0
10979,2022,36,48,2341.0,753,0.0146,1,0.287501,0
10980,2022,48,41,4659.0,755,0.3297,2,0.710111,1
10981,2022,12,22,2612.0,551,0.2332,1,0.030989,0
10982,2023,24,40,9057.0,521,0.5347,1,0.01584,0
10983,2022,36,33,2727.0,698,0.5906,3,0.385437,1
10984,2023,48,43,10706.0,640,0.3507,2,0.054852,0
10985,2022,48,47,8247.0,664,0.2612,3,0.038468,0
10986,2022,60,39,9114.0,567,0.2472,2,0.015817,0
10987,2022,36,54,12626.0,609,0.2144,2,0.019943,0
10988,2023,24,36,5118.0,592,0.2758,1,0.029556,0
10989,2021,24,44,2962.0,644,0.2758,1,0.125574,0
10990,2021,36,46,4668.0,520,0.2984,2,0.00545,0
10991,2022,36,37,3702.0,612,0.1769,1,0.089397,0
10992,2021,36,45,3447.0,519,0.1221,4,0.003125,0
10993,2022,36,32,5300.0,578,0.1418,3,0.013219,0
10994,2023,24,33,4205.0,612,0.3307,1,0.091114,0
10995,2021,36,24,3374.0,660,0.1408,1,0.118631,0
10996,2022,24,40,4347.0,667,0.0735,2,0.078206,0
10997,2023,36,41,6467.0,680,0.2921,1,0.161997,0
10998,2023,36,49,7928.0,501,0.2131,1,0.003134,0
10999,2021,36,45,2205.0,721,0.4461,2,0.347847,0
11000,2022,12,35,4223.0,568,0.1366,1,0.020806,0
11001,2022,48,26,4579.0,574,0.5016,1,0.053298,0
11002,2022,48,42,2721.0,641,0.0926,2,0.058588,0
11003,2022,60,49,4629.0,593,0.0883,2,0.014207,0
11004,2022,36,45,5292.0,648,0.2494,4,0.032911,0
11005,2021,36,48,6370.0,663,0.4567,1,0.218803,0
11006,2021,36,35,5108.0,558,0.3248,1,0.031492,0
11007,2023,24,33,3164.0,605,0.2545,2,0.033926,0
11008,2022,12,30,13440.0,607,0.283,2,0.021368,0
11009,2021,24,37,7440.0,696,0.4933,1,0.284578,0
11010,2023,24,37,6479.0,582,0.2355,2,0.020267,0
11011,2021,24,40,8123.0,579,0.271,3,0.021173,0
11012,2023,48,36,5554.0,538,0.6071,1,0.040816,0
11013,2022,24,36,9350.0,547,0.2568,1,0.010238,0
11014,2022,12,30,5057.0,511,0.2102,1,0.008168,0
11015,2023,36,47,4919.0,563,0.489,1,0.037288,0
11016,2022,24,38,6752.0,747,0.4607,1,0.404966,0
11017,2022,36,36,10809.0,675,0.2914,2,0.051455,0
11018,2023,12,30,10467.0,722,0.2829,2,0.285894,1
11019,2022,12,24,6611.0,543,0.2696,1,0.012736,0
11020,2021,60,51,6363.0,464,0.3913,1,0.00546,0
11021,2023,12,43,6961.0,645,0.6471,2,0.187771,0
11022,2022,12,22,8045.0,768,0.0844,4,0.24255,0
11023,2021,48,45,9408.0,581,0.3458,1,0.02241,0
11024,2023,48,47,4366.0,628,0.0123,1,0.035254,0
11025,2021,24,39,9500.0,494,0.3871,3,0.001911,0
11026,2023,24,53,5834.0,622,0.2181,1,0.042503,0
11027,2021,60,40,6805.0,610,0.7153,1,0.077135,0
11028,2022,48,23,9808.0,452,0.122,4,0.001,0
11029,2021,60,41,7140.0,537,0.4389,1,0.018938,0
11030,2022,48,40,7770.0,530,0.4056,1,0.010255,0
11031,2022,24,31,4045.0,493,0.4118,1,0.010046,0
11032,2022,36,43,10396.0,562,0.4562,4,0.011972,0
11033,2022,60,22,6959.0,660,0.2047,2,0.051794,0
11034,2022,24,47,5235.0,569,0.3803,3,0.015745,0
11035,2023,12,29,8523.0,711,0.2165,1,0.264821,1
11036,2021,36,28,17924.0,590,0.5767,2,0.027543,0
11037,2021,60,36,2740.0,646,0.1054,2,0.057624,0
11038,2022,36,42,3288.0,659,0.4563,2,0.204674,0
11039,2022,24,39,18820.0,742,0.6188,2,0.400389,0
11040,2023,24,30,6084.0,562,0.3269,2,0.016353,0
11041,2023,48,32,5407.0,655,0.1351,1,0.123868,0
11042,2022,36,26,4639.0,544,0.3522,2,0.017415,0
11043,2022,24,35,8993.0,757,0.4395,2,0.458663,1
11044,2022,24,48,18135.0,536,0.1041,1,0.003039,0
11045,2021,24,37,3524.0,650,0.1037,2,0.051413,0
11046,2023,24,46,4682.0,744,0.4337,1,0.624743,0
11047,2023,12,52,4124.0,524,0.1018,1,0.010007,0
11048,2021,36,32,7090.0,667,0.0479,1,0.134797,0
11049,2021,36,36,9056.0,540,0.095,1,0.006612,0
11050,2021,48,59,11053.0,806,0.2528,2,0.503437,0
11051,2023,12,52,7211.0,468,0.4711,3,0.002614,0
11052,2023,12,22,17321.0,498,0.2326,2,0.002292,0
11053,2023,36,41,3687.0,530,0.5871,1,0.020941,0
11054,2023,24,38,3238.0,532,0.2431,2,0.010951,0
11055,2023,12,46,10246.0,661,0.2796,1,0.09979,0
11056,2022,36,30,5226.0,763,0.0589,1,0.425524,0
11057,2022,48,29,2470.0,712,0.2104,1,0.47767,0
11058,2021,36,31,4196.0,638,0.2206,1,0.094806,1
11059,2022,24,32,5585.0,620,0.3687,1,0.146248,0
11060,2022,12,46,3558.0,571,0.569,1,0.055373,0
11061,2021,12,26,2959.0,651,0.2249,3,0.037603,0
11062,2021,36,31,4430.0,603,0.3159,2,0.033421,0
11063,2022,24,22,2886.0,635,0.4157,4,0.074303,0
11064,2021,60,48,6752.0,560,0.2151,2,0.006799,0
11065,2021,12,50,1860.0,523,0.232,4,0.004928,0
11066,2021,12,34,5142.0,622,0.4457,1,0.133109,1
11067,2022,60,35,6373.0,620,0.219,2,0.053197,0
11068,2023,60,42,4697.0,572,0.3138,2,0.028598,0
11069,2022,24,52,8490.0,558,0.2716,2,0.005773,0
11070,2023,48,42,2477.0,664,0.6091,1,0.423324,1
11071,2023,48,31,3461.0,656,0.257,2,0.103647,0
11072,2022,60,22,4167.0,770,0.364,2,0.73815,1
11073,2023,24,26,7019.0,730,0.2852,1,0.40454,0
11074,2021,12,38,5482.0,524,0.2083,3,0.00629,0
11075,2023,12,31,14353.0,604,0.554,3,0.022441,0
11076,2022,60,39,3285.0,510,0.7193,2,0.015818,0
11077,2023,48,32,2447.0,472,0.3502,2,0.005732,0
11078,2023,24,27,12023.0,795,0.4977,1,0.526888,0
11079,2023,48,26,2403.0,738,0.0389,1,0.316337,0
11080,2022,60,53,6916.0,569,0.2183,2,0.014198,0
11081,2023,36,46,3013.0,719,0.1189,3,0.155267,0
11082,2023,24,55,1746.0,731,0.1278,1,0.375485,1
11083,2021,60,43,4075.0,466,0.0674,1,0.002665,0
11084,2021,12,33,7706.0,688,0.5862,2,0.267937,0
11085,2021,48,51,2668.0,580,0.1013,3,0.006043,0
11086,2021,36,37,6555.0,650,0.1874,1,0.085266,0
11087,2021,12,40,7197.0,850,0.076,1,0.858197,1
11088,2021,36,37,2602.0,746,0.1317,2,0.391246,0
11089,2023,48,22,4386.0,609,0.354,4,0.020448,0
11090,2022,24,54,10813.0,733,0.3985,3,0.22362,0
11091,2023,36,42,6804.0,466,0.2112,3,0.001663,0
11092,2021,12,41,4312.0,660,0.109,1,0.134473,0
11093,2022,36,37,6049.0,662,0.0628,1,0.089792,0
11094,2022,60,39,3489.0,676,0.2771,1,0.146471,0
11095,2022,48,32,8577.0,579,0.3939,3,0.017065,0
11096,2023,24,44,8575.0,650,0.3926,1,0.114391,0
11097,2022,36,24,5221.0,688,0.4714,2,0.347827,0
11098,2022,36,39,5516.0,434,0.1601,3,0.001,0
11099,2023,12,43,2983.0,594,0.3472,1,0.049273,0
11100,2021,36,36,2500.0,547,0.1227,4,0.003154,0
11101,2021,36,41,4071.0,672,0.3875,4,0.069004,1
11102,2021,12,28,4705.0,730,0.1314,4,0.222891,0
11103,2021,24,28,8361.0,571,0.521,2,0.025124,0
11104,2023,48,40,7795.0,532,0.1014,1,0.005938,0
11105,2021,48,44,5391.0,629,0.4434,3,0.046043,0
11106,2023,12,22,8913.0,527,0.1596,3,0.006833,0
11107,2021,36,43,3066.0,601,0.3263,1,0.032593,0
11108,2022,60,32,8423.0,593,0.451,2,0.061608,0
11109,2022,36,36,3310.0,666,0.3396,2,0.167407,0
11110,2022,12,24,9135.0,645,0.0535,2,0.026627,0
11111,2021,48,29,4882.0,632,0.3,2,0.058886,0
11112,2022,12,47,1810.0,750,0.3697,1,0.573025,0
11113,2023,36,38,7080.0,641,0.2103,2,0.073014,1
11114,2021,48,34,7367.0,586,0.0737,1,0.017037,0
11115,2022,24,36,3912.0,596,0.1895,1,0.059693,1
11116,2022,36,42,4082.0,558,0.3876,1,0.019624,0
11117,2022,36,42,4538.0,538,0.1375,4,0.004953,0
11118,2021,24,37,1877.0,508,0.175,2,0.007652,0
11119,2023,48,48,1507.0,710,0.3725,2,0.286534,0
11120,2022,36,47,9422.0,562,0.4768,3,0.013861,0
11121,2021,24,42,3255.0,645,0.1034,1,0.083661,0
11122,2022,12,38,12427.0,596,0.6069,1,0.064566,0
11123,2022,36,44,9752.0,617,0.2436,4,0.015715,0
11124,2022,60,41,10760.0,712,0.1792,2,0.160111,0
11125,2022,24,48,3551.0,634,0.4185,3,0.080764,0
11126,2023,36,46,2199.0,546,0.0389,4,0.003528,0
11127,2022,36,27,2854.0,574,0.5148,2,0.040629,1
11128,2021,36,27,3931.0,688,0.2701,2,0.166634,0
11129,2023,12,30,1500.0,658,0.3742,1,0.222113,0
11130,2022,24,47,3875.0,693,0.177,3,0.177374,0
11131,2021,36,22,4443.0,600,0.5182,2,0.063206,0
11132,2022,36,41,2573.0,508,0.419,3,0.007772,0
11133,2023,24,41,2921.0,660,0.4018,2,0.07973,0
11134,2021,24,49,4402.0,640,0.2434,2,0.060907,0
11135,2023,36,39,5873.0,642,0.533,1,0.196597,0
11136,2021,36,24,3148.0,509,0.2974,3,0.009646,0
11137,2022,24,28,5688.0,568,0.4582,1,0.051149,0
11138,2023,12,26,5263.0,544,0.1644,3,0.00651,0
11139,2022,48,32,5031.0,651,0.0704,4,0.048214,0
11140,2021,24,36,3547.0,654,0.0485,3,0.057409,0
11141,2021,12,26,2523.0,616,0.5827,1,0.158678,1
11142,2021,36,52,11478.0,697,0.452,1,0.208342,1
11143,2023,24,24,6736.0,739,0.3595,1,0.507151,0
11144,2022,12,51,8126.0,648,0.1414,1,0.059183,0
11145,2021,60,49,4713.0,673,0.1843,3,0.061779,0
11146,2021,24,46,4528.0,576,0.2563,1,0.026304,0
11147,2021,36,31,6281.0,561,0.416,2,0.02077,0
11148,2021,36,41,1964.0,700,0.3859,2,0.266929,0
11149,2021,12,25,2815.0,550,0.2234,4,0.011224,0
11150,2022,24,47,3298.0,675,0.2589,2,0.166928,0
11151,2021,36,37,3916.0,757,0.561,3,0.439685,1
11152,2022,24,33,3166.0,672,0.1346,2,0.162467,0
11153,2022,24,25,5805.0,613,0.0759,1,0.046203,0
11154,2023,24,22,5119.0,512,0.5248,1,0.014393,0
11155,2022,48,27,9862.0,633,0.181,3,0.024066,0
11156,2021,48,49,16931.0,700,0.4878,1,0.188085,1
11157,2021,36,33,2614.0,605,0.341,2,0.039975,0
11158,2021,36,36,5290.0,701,0.1962,2,0.211551,0
11159,2021,24,44,5286.0,649,0.3442,2,0.104989,0
11160,2022,36,56,4880.0,643,0.2431,1,0.105273,0
11161,2022,24,51,2857.0,594,0.1765,1,0.037471,0
11162,2021,24,28,3107.0,503,0.2035,1,0.007625,0
11163,2021,12,22,5543.0,585,0.0728,1,0.026852,0
11164,2022,36,61,3064.0,585,0.2241,2,0.021458,0
11165,2021,24,60,5322.0,666,0.2866,3,0.075492,0
11166,2023,12,39,4346.0,618,0.385,3,0.05404,0
11167,2021,48,25,5276.0,706,0.3056,3,0.274195,0
11168,2021,48,47,3051.0,642,0.4938,1,0.159981,0
11169,2021,36,36,5317.0,579,0.0575,2,0.026985,0
11170,2023,60,36,3164.0,554,0.2862,1,0.027504,0
11171,2022,48,46,5326.0,571,0.4533,1,0.040888,0
11172,2021,36,41,9602.0,632,0.2029,3,0.02731,0
11173,2023,24,26,5600.0,590,0.1412,1,0.030317,0
11174,2023,12,34,5773.0,533,0.1652,2,0.005383,0
11175,2022,12,44,7395.0,700,0.2061,2,0.134643,0
11176,2021,12,43,2436.0,632,0.1777,4,0.034714,0
11177,2022,12,40,11608.0,641,0.2515,1,0.070563,0
11178,2023,12,47,2899.0,554,0.2238,1,0.017345,0
11179,2023,36,34,7630.0,536,0.1871,2,0.005309,0
11180,2022,12,39,7140.0,607,0.3636,2,0.0353,0
11181,2022,24,22,3130.0,457,0.2801,1,0.004899,0
11182,2021,48,33,8139.0,682,0.3553,2,0.122774,1
11183,2022,60,45,6304.0,563,0.5228,2,0.034052,0
11184,2023,36,34,12645.0,598,0.6233,2,0.043407,0
11185,2021,48,33,5414.0,654,0.2855,4,0.060939,0
11186,2022,36,27,4655.0,602,0.3287,1,0.0852,0
11187,2022,60,48,3799.0,526,0.5657,3,0.014303,0
11188,2021,36,43,2056.0,740,0.4055,2,0.579598,1
11189,2022,36,46,4192.0,497,0.4413,3,0.007714,0
11190,2022,36,22,4281.0,441,0.482,1,0.002272,0
11191,2023,24,36,5603.0,689,0.2678,3,0.134016,0
11192,2021,36,35,2413.0,503,0.3896,1,0.019855,0
11193,2022,24,35,4361.0,720,0.033,4,0.098374,0
11194,2023,12,31,6556.0,650,0.2343,1,0.113296,0
11195,2021,48,34,6890.0,642,0.2191,3,0.065956,1
11196,2023,36,46,1939.0,574,0.1858,3,0.023274,0
11197,2021,24,22,6997.0,553,0.1056,4,0.004261,0
11198,2022,36,55,4345.0,589,0.1785,1,0.039269,0
11199,2023,60,42,4481.0,549,0.4578,2,0.024731,0
11200,2022,24,37,1507.0,716,0.1677,1,0.267897,0
11201,2022,60,47,10371.0,560,0.7226,1,0.055273,0
11202,2022,24,23,5369.0,660,0.1125,2,0.103025,0
11203,2022,24,31,2285.0,700,0.451,2,0.340109,0
11204,2021,12,36,5929.0,549,0.2549,2,0.016975,0
11205,2022,48,51,5839.0,650,0.3404,2,0.135147,0
11206,2022,24,37,9057.0,548,0.5184,2,0.017633,0
11207,2022,24,42,4210.0,606,0.1221,2,0.044366,0
11208,2022,48,32,4944.0,583,0.2417,3,0.031079,0
11209,2022,48,42,3564.0,564,0.1274,3,0.017391,0
11210,2022,60,54,6627.0,632,0.3449,1,0.065371,0
11211,2021,36,47,3322.0,522,0.2604,1,0.01312,0
11212,2022,48,37,3145.0,694,0.1695,1,0.242388,0
11213,2023,24,44,4751.0,533,0.3229,1,0.010573,0
11214,2022,48,43,2663.0,518,0.3711,3,0.007156,0
11215,2021,48,43,10950.0,599,0.2308,1,0.029244,0
11216,2022,36,49,12883.0,590,0.2916,2,0.015209,0
11217,2021,24,49,3917.0,648,0.2525,2,0.072413,0
11218,2022,12,36,2457.0,626,0.1702,3,0.055855,0
11219,2023,48,44,5816.0,489,0.0283,3,0.002704,0
11220,2023,48,34,3862.0,698,0.1643,2,0.184475,0
11221,2021,24,28,8843.0,597,0.3071,2,0.031993,0
11222,2021,24,35,3316.0,639,0.1903,2,0.070448,0
11223,2022,24,37,6453.0,796,0.2101,3,0.60242,1
11224,2023,12,22,5203.0,722,0.3417,1,0.446757,1
11225,2023,48,46,3505.0,636,0.0802,4,0.025338,0
11226,2023,24,22,5542.0,510,0.3271,2,0.00927,0
11227,2022,24,65,7626.0,511,0.3321,1,0.008501,0
11228,2022,48,53,5133.0,712,0.2553,3,0.355754,0
11229,2023,60,35,5160.0,587,0.3608,1,0.041897,0
11230,2022,24,38,3177.0,606,0.265,1,0.045833,0
11231,2023,36,41,8709.0,528,0.1873,1,0.003789,0
11232,2022,12,32,8286.0,655,0.1841,2,0.064874,0
11233,2022,48,39,4003.0,711,0.5925,2,0.384794,1
11234,2023,60,36,4619.0,741,0.1737,1,0.467156,0
11235,2021,12,37,9968.0,584,0.111,2,0.012147,0
11236,2023,36,39,2788.0,671,0.2006,1,0.107644,0
11237,2022,36,24,6648.0,612,0.2339,1,0.031393,0
11238,2021,36,38,3717.0,690,0.4283,1,0.299629,0
11239,2022,12,39,11957.0,619,0.2923,2,0.029571,0
11240,2022,36,39,5073.0,554,0.4716,2,0.043779,0
11241,2021,24,35,9230.0,725,0.1272,1,0.241313,0
11242,2023,36,49,3359.0,627,0.2287,4,0.032965,0
11243,2021,36,34,2633.0,591,0.1276,3,0.017747,0
11244,2022,48,40,4372.0,634,0.2564,3,0.049163,0
11245,2021,36,50,5605.0,561,0.4134,1,0.027768,0
11246,2022,60,37,3807.0,653,0.3076,2,0.162899,0
11247,2022,12,40,7181.0,604,0.6532,2,0.131528,0
11248,2021,24,37,4425.0,556,0.299,4,0.013341,0
11249,2021,36,50,1736.0,810,0.2756,1,0.768114,1
11250,2022,12,35,6480.0,539,0.535,2,0.023287,0
11251,2022,36,50,3161.0,648,0.299,2,0.1086,1
11252,2021,24,36,4102.0,624,0.3466,3,0.071658,0
11253,2022,12,29,10685.0,537,0.3814,1,0.013118,0
11254,2021,24,44,11925.0,593,0.576,3,0.032202,0
11255,2021,24,34,3686.0,512,0.1428,2,0.006028,0
11256,2023,60,44,6561.0,785,0.3155,1,0.619019,1
11257,2023,12,22,3729.0,598,0.3703,3,0.025796,0
11258,2021,24,38,4258.0,605,0.2426,1,0.047228,0
11259,2021,60,33,3630.0,775,0.2255,1,0.672065,1
11260,2023,48,27,2075.0,554,0.3201,2,0.014549,0
11261,2022,24,32,5154.0,723,0.5765,1,0.554304,0
11262,2021,36,32,5676.0,667,0.2391,1,0.098675,0
11263,2021,48,37,3514.0,461,0.0825,4,0.001,0
11264,2021,48,24,8467.0,590,0.2125,1,0.021968,0
11265,2023,24,41,3952.0,654,0.1466,1,0.051472,1
11266,2021,12,51,3574.0,622,0.2011,2,0.031054,0
11267,2023,12,40,6395.0,623,0.235,4,0.022195,0
11268,2021,36,46,2273.0,571,0.621,1,0.067483,0
11269,2022,36,48,7734.0,562,0.1567,1,0.010329,0
11270,2021,24,50,4020.0,595,0.2804,2,0.034452,0
11271,2023,36,56,8060.0,776,0.4948,1,0.786454,1
11272,2023,36,33,9359.0,547,0.2972,4,0.004097,0
11273,2023,36,30,6769.0,581,0.123,2,0.024014,0
11274,2023,36,45,3275.0,622,0.2386,2,0.085706,0
11275,2022,24,45,2630.0,502,0.4131,1,0.011392,0
11276,2022,12,45,2399.0,654,0.3974,1,0.132702,0
11277,2022,60,56,8531.0,516,0.3405,1,0.009515,0
11278,2023,24,38,4594.0,533,0.5986,3,0.032301,0
11279,2021,48,42,3642.0,529,0.456,2,0.007234,0
11280,2021,24,28,4601.0,488,0.5833,1,0.014254,0
11281,2021,36,59,8436.0,721,0.4681,2,0.287294,0
11282,2023,24,34,7254.0,661,0.2656,1,0.197924,0
11283,2022,36,34,6120.0,693,0.2152,1,0.116999,1
11284,2022,24,34,6761.0,686,0.2725,3,0.142793,0
11285,2023,24,31,5378.0,606,0.2662,2,0.048771,0
11286,2023,12,30,5716.0,617,0.2087,2,0.038979,1
11287,2023,48,32,5489.0,701,0.3209,3,0.217305,0
11288,2021,60,24,4915.0,751,0.2671,2,0.468023,1
11289,2023,36,30,7163.0,519,0.2796,1,0.012248,0
11290,2021,48,57,5888.0,821,0.5893,3,0.999,1
11291,2023,24,45,3164.0,514,0.3062,3,0.00559,0
11292,2022,36,47,6402.0,583,0.0282,2,0.010856,0
11293,2023,12,49,5562.0,625,0.533,3,0.046475,0
11294,2021,36,56,6672.0,633,0.2135,1,0.058095,0
11295,2021,48,22,4665.0,777,0.085,2,0.431705,1
11296,2021,12,25,7375.0,700,0.27,2,0.186876,0
11297,2022,24,29,4766.0,653,0.1264,1,0.130188,0
11298,2021,36,33,7058.0,702,0.1911,1,0.318704,0
11299,2021,24,34,3912.0,647,0.2128,2,0.106992,0
11300,2023,36,33,4050.0,565,0.1936,2,0.017436,0
11301,2023,36,40,6641.0,658,0.1454,1,0.075802,0
11302,2021,48,38,4164.0,625,0.5758,3,0.059121,0
11303,2023,12,30,14808.0,552,0.1894,2,0.006213,0
11304,2022,60,22,6524.0,721,0.1647,4,0.097776,0
11305,2022,36,28,4976.0,615,0.1295,1,0.082918,0
11306,2023,12,32,7405.0,530,0.2268,4,0.003471,0
11307,2022,24,35,3865.0,542,0.061,1,0.00899,0
11308,2022,24,26,7797.0,662,0.5264,3,0.204684,0
11309,2023,24,33,7690.0,703,0.1318,1,0.217163,1
11310,2022,24,26,9198.0,658,0.2761,2,0.133257,0
11311,2023,24,36,3943.0,658,0.0593,1,0.123217,0
11312,2021,12,27,2667.0,555,0.3263,3,0.019346,0
11313,2023,24,29,3623.0,627,0.3673,2,0.078057,0
11314,2022,36,24,4269.0,593,0.196,2,0.03915,0
11315,2021,12,36,11312.0,604,0.0799,4,0.006453,0
11316,2023,48,29,14728.0,611,0.2732,1,0.029624,0
11317,2022,24,47,5839.0,567,0.2714,2,0.015175,0
11318,2021,24,42,4938.0,680,0.6329,1,0.31297,0
11319,2022,36,37,4126.0,539,0.0542,2,0.019897,0
11320,2023,36,30,7423.0,516,0.0497,1,0.007029,0
11321,2022,48,41,14681.0,557,0.2902,2,0.00905,0
11322,2022,36,44,12003.0,690,0.1462,1,0.216784,0
11323,2021,36,39,8682.0,647,0.2265,1,0.104493,0
11324,2022,36,54,8618.0,477,0.0928,1,0.002093,0
11325,2022,36,42,7451.0,667,0.0872,3,0.044517,0
11326,2022,36,47,4800.0,616,0.1915,1,0.038816,0
11327,2023,12,39,3401.0,586,0.0477,1,0.019121,0
11328,2023,36,44,4864.0,600,0.481,3,0.052463,0
11329,2023,24,30,6070.0,513,0.2064,1,0.004769,0
11330,2022,24,33,2376.0,633,0.4742,1,0.103687,0
11331,2021,36,41,4553.0,518,0.338,2,0.011822,0
11332,2021,24,41,3252.0,591,0.5594,2,0.04679,0
11333,2023,36,43,8159.0,592,0.4162,3,0.023379,0
11334,2021,36,49,3734.0,681,0.6717,2,0.411658,1
11335,2021,12,23,5791.0,623,0.3218,3,0.048981,1
11336,2022,36,28,3463.0,676,0.578,3,0.206844,0
11337,2021,48,40,10925.0,524,0.4082,1,0.011702,0
11338,2022,24,30,2100.0,611,0.2758,4,0.023587,0
11339,2023,36,70,6235.0,662,0.0397,1,0.072907,0
11340,2022,12,43,2595.0,719,0.3724,4,0.21315,0
11341,2021,36,37,3810.0,528,0.3197,4,0.006841,0
11342,2023,48,32,5448.0,552,0.5389,1,0.045513,0
11343,2021,60,33,5584.0,660,0.3304,2,0.156099,0
11344,2022,24,38,5512.0,748,0.2253,1,0.392213,0
11345,2022,48,39,5302.0,642,0.4697,2,0.14381,0
11346,2021,60,33,3566.0,531,0.4775,1,0.020832,0
11347,2022,24,35,4528.0,532,0.2348,4,0.003824,0
11348,2021,36,51,4993.0,630,0.5133,2,0.094065,0
11349,2023,12,51,5419.0,648,0.6686,3,0.188783,0
11350,2021,24,40,4756.0,602,0.1099,4,0.017775,0
11351,2023,48,24,7078.0,533,0.3999,3,0.010105,0
11352,2021,60,43,5150.0,708,0.2265,2,0.201178,0
11353,2022,36,53,5435.0,592,0.2504,1,0.043487,0
11354,2022,24,51,4059.0,662,0.1173,1,0.083207,0
11355,2021,36,45,2904.0,478,0.1222,2,0.002163,0
11356,2021,48,52,5308.0,716,0.1728,3,0.210204,0
11357,2021,24,38,8989.0,565,0.3324,1,0.020445,0
11358,2022,12,44,6136.0,727,0.0679,2,0.155193,0
11359,2021,36,31,3266.0,669,0.1977,1,0.204236,0
11360,2021,12,40,7386.0,505,0.4549,2,0.00951,0
11361,2022,60,51,4157.0,639,0.4232,1,0.132746,0
11362,2023,48,32,7026.0,752,0.0583,1,0.232753,0
11363,2021,12,29,4087.0,572,0.0819,2,0.034813,0
11364,2022,36,38,5864.0,752,0.389,4,0.41539,0
11365,2022,48,35,3792.0,650,0.4091,1,0.086259,0
11366,2023,12,44,3841.0,727,0.2935,3,0.182584,1
11367,2022,48,33,2246.0,632,0.1032,3,0.045937,0
11368,2023,36,55,6349.0,610,0.1963,1,0.04408,0
11369,2021,48,25,5914.0,766,0.0931,1,0.438674,1
11370,2021,24,50,6083.0,677,0.4578,4,0.10402,1
11371,2022,24,30,5640.0,601,0.1861,1,0.060356,0
11372,2022,24,22,3357.0,653,0.0674,2,0.092997,0
11373,2023,36,40,7966.0,574,0.3042,1,0.019521,0
11374,2021,12,35,8074.0,628,0.1879,3,0.056783,0
11375,2022,36,26,3314.0,715,0.2832,1,0.464969,1
11376,2021,36,22,6413.0,607,0.3674,3,0.050946,0
11377,2022,36,37,7612.0,550,0.4103,1,0.01724,0
11378,2021,48,47,3885.0,542,0.1816,1,0.016689,0
11379,2023,60,43,4239.0,625,0.3133,4,0.027769,0
11380,2022,48,38,6419.0,555,0.387,2,0.022024,0
11381,2021,48,42,2310.0,505,0.3156,2,0.007831,0
11382,2021,24,37,2852.0,524,0.6895,2,0.035793,0
11383,2021,24,23,2996.0,714,0.1905,1,0.316623,1
11384,2022,12,23,2002.0,608,0.3941,2,0.111108,0
11385,2021,24,35,8455.0,624,0.0477,2,0.032142,0
11386,2023,48,36,1819.0,542,0.4111,3,0.013354,0
11387,2021,36,46,5835.0,573,0.0487,4,0.0065,0
11388,2022,36,45,7375.0,570,0.3317,2,0.018933,0
11389,2021,12,44,4244.0,597,0.0861,1,0.037994,0
11390,2021,24,35,3519.0,487,0.7421,3,0.009808,0
11391,2022,36,24,5522.0,707,0.3108,3,0.190255,0
11392,2021,48,42,4919.0,618,0.1949,3,0.035171,0
11393,2022,48,43,8117.0,636,0.0937,1,0.042234,0
11394,2023,24,22,1320.0,693,0.1989,2,0.209824,0
11395,2023,36,29,3105.0,687,0.347,3,0.128806,0
11396,2022,12,31,6508.0,573,0.4795,2,0.03099,0
11397,2021,24,39,5040.0,668,0.1775,2,0.086496,0
11398,2022,60,29,7158.0,667,0.5111,1,0.222558,0
11399,2021,48,37,5603.0,645,0.1969,3,0.044922,0
11400,2022,12,35,4595.0,704,0.1521,2,0.126921,0
11401,2021,36,36,4225.0,683,0.2106,4,0.080071,0
11402,2022,24,30,15717.0,678,0.3241,4,0.068114,0
11403,2022,12,31,10588.0,729,0.3242,1,0.253816,0
11404,2021,12,27,6297.0,622,0.4193,1,0.066194,0
11405,2022,36,41,5111.0,624,0.4038,2,0.086905,0
11406,2021,24,43,6432.0,685,0.2124,1,0.15208,0
11407,2021,36,30,7431.0,605,0.0485,2,0.02081,0
11408,2021,12,53,6060.0,658,0.5757,1,0.148486,0
11409,2022,36,34,3376.0,575,0.3115,2,0.023181,0
11410,2021,48,53,11995.0,437,0.2667,4,0.001,0
11411,2021,24,31,5559.0,667,0.2497,1,0.082884,0
11412,2022,24,22,13453.0,496,0.458,2,0.00248,0
11413,2021,24,42,5397.0,564,0.2587,2,0.016289,0
11414,2022,24,40,4347.0,685,0.5725,3,0.260138,0
11415,2022,36,38,9819.0,686,0.2977,2,0.111042,1
11416,2023,24,31,5714.0,714,0.2121,1,0.242164,1
11417,2021,36,37,5254.0,458,0.236,2,0.001575,1
11418,2022,48,32,2697.0,643,0.1455,3,0.045167,0
11419,2021,36,34,6837.0,599,0.4022,3,0.029888,0
11420,2022,24,46,3840.0,699,0.3,3,0.175821,1
11421,2021,24,39,3929.0,738,0.4296,3,0.474776,1
11422,2022,36,44,3846.0,515,0.2329,2,0.003834,0
11423,2022,36,35,6121.0,621,0.7178,2,0.219203,0
11424,2022,24,34,2281.0,686,0.3013,2,0.161646,0
11425,2021,24,26,4423.0,592,0.3472,4,0.034472,0
11426,2022,36,34,8024.0,759,0.1565,2,0.350029,0
11427,2023,24,22,2636.0,587,0.092,1,0.065275,0
11428,2021,24,32,5359.0,595,0.1807,3,0.025567,0
11429,2023,24,37,3584.0,534,0.1322,1,0.011988,0
11430,2021,48,43,4016.0,632,0.1768,3,0.05783,0
11431,2021,36,35,11244.0,378,0.366,1,0.001,0
11432,2023,36,41,2153.0,600,0.364,1,0.053507,1
11433,2021,12,22,7207.0,721,0.174,2,0.313508,0
11434,2022,12,37,3870.0,508,0.3461,1,0.009331,0
11435,2022,24,22,3775.0,490,0.0433,4,0.00183,0
11436,2022,24,25,2819.0,709,0.1077,3,0.209665,0
11437,2022,60,36,7165.0,720,0.2266,2,0.158179,0
11438,2022,36,50,4466.0,511,0.1119,4,0.002042,0
11439,2022,12,41,4193.0,758,0.4663,4,0.399744,0
11440,2023,36,38,5192.0,654,0.3331,1,0.150955,0
11441,2021,36,37,4514.0,703,0.1598,1,0.270952,1
11442,2021,24,30,1807.0,556,0.3155,3,0.012024,0
11443,2021,36,32,3845.0,739,0.4817,2,0.488092,1
11444,2023,24,42,7690.0,598,0.332,1,0.038176,0
11445,2023,60,24,2314.0,595,0.2217,4,0.015134,0
11446,2022,24,43,2850.0,658,0.3842,3,0.158333,1
11447,2022,24,34,3970.0,588,0.2231,1,0.032009,0
11448,2021,36,46,3419.0,498,0.0955,4,0.00337,0
11449,2023,48,47,4847.0,630,0.2987,2,0.051558,0
11450,2021,36,22,2845.0,594,0.1663,2,0.026072,0
11451,2023,48,32,4048.0,558,0.2105,2,0.020352,0
11452,2022,36,29,4798.0,719,0.068,1,0.235944,0
11453,2023,36,22,6799.0,811,0.124,1,0.601039,1
11454,2021,24,27,9158.0,546,0.2387,4,0.005621,0
11455,2022,36,62,4312.0,635,0.0839,3,0.043577,0
11456,2022,12,44,12633.0,588,0.3533,1,0.012417,0
11457,2021,60,57,4483.0,803,0.3154,4,0.597917,0
11458,2021,60,46,7439.0,659,0.527,1,0.259838,0
11459,2023,48,30,12910.0,694,0.172,1,0.117033,0
11460,2021,36,34,5269.0,714,0.0921,4,0.160234,0
11461,2021,36,43,2473.0,630,0.0065,1,0.055833,0
11462,2022,48,42,5143.0,605,0.1453,4,0.01116,0
11463,2022,36,32,3620.0,741,0.246,1,0.419613,0
11464,2022,60,22,4285.0,682,0.6249,1,0.458564,0
11465,2021,24,70,13260.0,552,0.3785,1,0.008886,0
11466,2023,36,36,2667.0,562,0.144,2,0.015604,0
11467,2022,36,34,5711.0,588,0.4905,3,0.048644,0
11468,2021,48,39,3169.0,712,0.3726,2,0.367289,0
11469,2022,24,35,4214.0,737,0.214,1,0.44395,0
11470,2023,24,39,7133.0,792,0.0771,2,0.395447,0
11471,2021,36,50,5762.0,563,0.1022,1,0.017762,0
11472,2021,60,36,4392.0,631,0.5933,2,0.258479,0
11473,2022,60,26,3551.0,587,0.0681,1,0.018197,0
11474,2021,60,36,5756.0,605,0.3651,3,0.031493,0
11475,2023,24,33,11543.0,694,0.1345,1,0.192125,0
11476,2021,36,52,3132.0,616,0.2494,1,0.057824,0
11477,2021,48,49,12782.0,725,0.1654,2,0.211074,0
11478,2021,24,39,8953.0,578,0.7381,1,0.063204,0
11479,2021,24,25,9747.0,679,0.4221,2,0.198025,0
11480,2023,24,25,5734.0,584,0.2212,1,0.020931,0
11481,2023,48,38,8827.0,473,0.3592,1,0.001784,0
11482,2022,24,41,2968.0,538,0.4922,2,0.01882,0
11483,2021,60,34,3519.0,629,0.1146,4,0.034326,0
11484,2022,12,33,7208.0,773,0.5965,2,0.632238,1
11485,2021,24,32,5698.0,583,0.4874,2,0.049231,0
11486,2023,24,37,4563.0,606,0.3016,1,0.052135,0
11487,2023,60,22,1406.0,659,0.2384,1,0.173575,1
11488,2022,24,26,3953.0,572,0.6377,3,0.045718,0
11489,2023,60,31,2733.0,581,0.3613,2,0.02924,0
11490,2023,24,50,6290.0,625,0.1627,2,0.035238,0
11491,2022,60,29,4467.0,585,0.1679,1,0.060129,0
11492,2021,12,39,3590.0,477,0.496,1,0.010717,0
11493,2023,36,40,18425.0,567,0.0978,2,0.005416,0
11494,2021,36,50,8259.0,669,0.1583,1,0.084114,0
11495,2021,60,50,8333.0,671,0.1413,1,0.061699,0
11496,2021,12,37,14781.0,726,0.1509,1,0.175518,1
11497,2021,36,33,7340.0,720,0.3809,2,0.303351,0
11498,2022,24,31,3343.0,547,0.5511,3,0.022306,0
11499,2023,48,35,3153.0,560,0.2011,2,0.017504,0
11500,2021,48,33,7962.0,563,0.1103,4,0.004114,0
11501,2021,12,43,1755.0,607,0.4054,2,0.058829,0
11502,2022,24,42,4727.0,570,0.2863,3,0.017991,0
11503,2022,24,43,1660.0,606,0.1134,1,0.043762,0
11504,2021,36,50,5164.0,550,0.319,3,0.014022,0
11505,2021,12,56,7533.0,682,0.2082,1,0.101318,0
11506,2022,36,39,5652.0,544,0.0196,3,0.005351,0
11507,2022,60,48,7856.0,540,0.1721,1,0.013878,0
11508,2023,24,34,13127.0,661,0.401,1,0.077559,0
11509,2022,36,49,4574.0,677,0.2935,2,0.141247,0
11510,2022,24,48,20000.0,601,0.1454,1,0.014754,0
11511,2022,36,48,5466.0,689,0.2455,4,0.148519,0
11512,2023,24,38,7900.0,683,0.3451,1,0.178178,0
11513,2023,24,31,3621.0,771,0.406,3,0.445655,1
11514,2023,36,24,11044.0,678,0.1271,2,0.073985,0
11515,2023,24,37,8274.0,756,0.2053,2,0.395346,0
11516,2022,24,53,10257.0,624,0.4271,3,0.029845,0
11517,2021,12,34,5051.0,731,0.4182,1,0.614895,1
11518,2023,60,45,2624.0,733,0.5843,2,0.474884,0
11519,2022,60,46,6187.0,608,0.3426,1,0.067417,0
11520,2022,24,35,2104.0,564,0.1851,4,0.010591,0
11521,2023,24,51,4154.0,578,0.4816,1,0.049601,0
11522,2021,36,22,5407.0,653,0.1581,2,0.091063,0
11523,2022,24,25,16133.0,528,0.2497,1,0.005411,0
11524,2023,36,28,5763.0,583,0.1529,1,0.041269,0
11525,2021,60,29,5270.0,715,0.0789,1,0.256492,1
11526,2021,48,41,4762.0,673,0.4288,4,0.120259,0
11527,2022,36,40,2512.0,431,0.3554,1,0.001956,0
11528,2021,48,41,5130.0,513,0.1247,1,0.008066,0
11529,2021,24,43,5174.0,792,0.3156,4,0.506392,1
11530,2021,36,28,3028.0,714,0.3159,1,0.433786,0
11531,2022,48,25,2715.0,573,0.1316,1,0.02257,0
11532,2023,24,41,3863.0,500,0.4118,2,0.006247,0
11533,2021,24,31,5077.0,520,0.4781,1,0.018697,0
11534,2022,12,22,3910.0,660,0.3068,1,0.077745,0
11535,2023,24,47,2906.0,778,0.2996,3,0.797344,1
11536,2021,24,51,5680.0,773,0.1441,1,0.525587,1
11537,2021,36,53,6435.0,493,0.0984,1,0.004005,0
11538,2022,12,39,5222.0,596,0.2728,2,0.027914,0
11539,2021,48,44,3709.0,551,0.4433,4,0.016512,0
11540,2021,48,51,6617.0,630,0.4054,2,0.09712,0
11541,2022,12,31,4468.0,513,0.5451,2,0.017619,0
11542,2022,12,49,2712.0,576,0.1353,2,0.014143,0
11543,2021,48,40,8251.0,550,0.4863,1,0.034452,0
11544,2021,24,47,5865.0,661,0.3911,2,0.14964,0
11545,2022,24,39,4630.0,578,0.5222,2,0.049345,0
11546,2021,36,50,2241.0,590,0.1827,1,0.036129,0
11547,2022,48,40,3387.0,660,0.2101,1,0.131554,0
11548,2021,12,23,13484.0,751,0.0662,3,0.168239,0
11549,2023,24,52,2312.0,789,0.4852,1,0.770948,1
11550,2022,12,28,4334.0,656,0.4218,1,0.263953,1
11551,2023,48,50,4875.0,612,0.39,1,0.05418,0
11552,2023,36,37,5769.0,725,0.1603,1,0.225988,0
11553,2023,48,49,2325.0,713,0.2898,3,0.255677,1
11554,2023,36,49,5362.0,690,0.5349,2,0.290539,0
11555,2021,36,42,2115.0,493,0.2468,1,0.007564,0
11556,2021,24,43,5160.0,716,0.1924,1,0.424925,0
11557,2022,24,42,3547.0,648,0.2108,2,0.124589,0
11558,2022,24,22,3188.0,548,0.0831,2,0.014266,0
11559,2021,48,39,7461.0,566,0.1629,2,0.00959,0
11560,2022,24,26,4369.0,666,0.1312,3,0.095693,0
11561,2021,12,39,6228.0,419,0.2969,4,0.001,0
11562,2022,36,26,6332.0,609,0.468,3,0.050539,1
11563,2023,12,26,9274.0,567,0.4415,1,0.028995,0
11564,2022,24,54,2686.0,559,0.3806,1,0.028697,0
11565,2021,24,48,7782.0,583,0.2757,1,0.016405,0
11566,2022,24,37,4955.0,501,0.2018,3,0.001491,0
11567,2022,24,39,4068.0,704,0.409,3,0.264979,0
11568,2023,12,35,2767.0,449,0.4332,1,0.005489,0
11569,2021,12,43,6656.0,633,0.4751,3,0.084411,1
11570,2023,60,31,3099.0,552,0.3285,3,0.017328,0
11571,2023,12,47,6367.0,778,0.1258,3,0.463136,0
11572,2022,12,35,12886.0,621,0.0994,2,0.021835,0
11573,2021,24,33,8022.0,450,0.1735,2,0.001002,0
11574,2023,12,38,9855.0,663,0.1511,1,0.057492,1
11575,2021,24,32,3431.0,532,0.4695,1,0.027035,0
11576,2022,60,41,7197.0,698,0.2536,1,0.303645,0
11577,2021,36,32,2774.0,669,0.2265,2,0.129379,0
11578,2022,36,42,4373.0,737,0.3076,1,0.476975,1
11579,2022,12,50,11739.0,634,0.2339,1,0.063318,0
11580,2021,24,30,3627.0,685,0.3648,2,0.263114,0
11581,2021,60,36,8567.0,623,0.2518,4,0.022681,0
11582,2023,36,42,8167.0,572,0.2601,4,0.007485,0
11583,2023,36,33,8412.0,705,0.3938,3,0.197257,0
11584,2022,36,42,2608.0,521,0.4458,1,0.03203,0
11585,2021,48,43,6391.0,617,0.1096,3,0.020884,0
11586,2021,24,48,4545.0,574,0.3281,2,0.021582,0
11587,2021,36,31,8470.0,687,0.0574,1,0.135602,0
11588,2022,12,28,2148.0,544,0.1748,1,0.01404,0
11589,2022,36,34,5907.0,587,0.5458,2,0.03088,0
11590,2021,24,28,5504.0,623,0.4282,2,0.110764,0
11591,2023,24,43,1817.0,739,0.2178,2,0.238438,1
11592,2022,60,26,3157.0,577,0.4058,1,0.037912,0
11593,2021,24,61,1968.0,587,0.0593,3,0.011036,0
11594,2023,24,50,3418.0,512,0.3204,2,0.010372,0
11595,2021,36,38,6468.0,541,0.542,1,0.029801,1
11596,2021,24,46,5419.0,653,0.6297,3,0.237897,0
11597,2022,24,22,5349.0,622,0.4384,3,0.073363,0
11598,2023,24,63,2922.0,623,0.1873,3,0.031057,0
11599,2022,36,32,8606.0,759,0.0798,2,0.202853,1
11600,2022,48,36,4869.0,486,0.4751,4,0.003471,0
11601,2022,36,22,4998.0,805,0.5217,4,0.740846,0
11602,2023,48,42,7865.0,714,0.0758,3,0.07787,0
11603,2023,60,26,2994.0,593,0.255,2,0.049148,0
11604,2021,60,39,5510.0,651,0.0833,3,0.046708,0
11605,2021,24,32,6074.0,565,0.6222,1,0.047397,0
11606,2021,24,27,3741.0,645,0.0918,3,0.061592,0
11607,2023,36,29,6810.0,791,0.4374,2,0.547846,0
11608,2021,48,40,6239.0,568,0.1286,4,0.003799,0
11609,2021,24,25,4672.0,601,0.1721,1,0.021428,0
11610,2021,36,30,4601.0,559,0.3529,1,0.045132,0
11611,2022,24,44,6385.0,572,0.2838,1,0.026936,0
11612,2021,24,64,7290.0,587,0.6264,4,0.026904,0
11613,2023,36,42,5072.0,532,0.3785,2,0.012799,0
11614,2021,12,28,8605.0,598,0.1313,4,0.012657,0
11615,2022,12,34,6831.0,624,0.3559,4,0.067098,0
11616,2022,12,38,2010.0,587,0.4134,1,0.066906,0
11617,2021,36,34,2435.0,436,0.2565,3,0.0018,0
11618,2022,60,47,8876.0,607,0.2912,1,0.033531,0
11619,2022,12,40,4344.0,616,0.078,1,0.046328,0
11620,2022,60,47,5335.0,771,0.3827,1,0.837751,1
11621,2021,12,34,8688.0,622,0.0564,2,0.028284,0
11622,2021,36,51,4899.0,694,0.137,3,0.089332,0
11623,2022,24,36,5007.0,585,0.4124,1,0.051324,0
11624,2021,60,28,3183.0,723,0.2683,2,0.282346,1
11625,2021,24,59,5914.0,544,0.2652,1,0.009679,0
11626,2021,60,22,6590.0,660,0.4065,4,0.118894,1
11627,2022,60,30,3681.0,687,0.3095,1,0.302269,0
11628,2022,36,31,3099.0,675,0.3604,2,0.235587,1
11629,2021,48,63,18272.0,793,0.0682,3,0.160641,0
11630,2022,12,56,4692.0,573,0.3377,3,0.015902,0
11631,2022,48,52,3492.0,733,0.2236,2,0.354056,0
11632,2022,36,34,6997.0,712,0.0933,3,0.072719,0
11633,2021,24,62,4792.0,623,0.2943,4,0.026804,0
11634,2022,48,41,2856.0,767,0.2205,1,0.681788,0
11635,2022,60,47,6257.0,608,0.2013,1,0.039532,0
11636,2022,36,39,3208.0,621,0.5433,3,0.059026,0
11637,2022,24,37,10810.0,619,0.2849,1,0.045079,0
11638,2022,12,35,6293.0,518,0.3766,3,0.006011,0
11639,2021,12,35,4279.0,680,0.5152,1,0.34163,0
11640,2021,36,44,5191.0,668,0.2951,1,0.201843,0
11641,2021,36,41,7721.0,611,0.211,1,0.044912,0
11642,2022,36,37,5394.0,761,0.0768,4,0.287573,0
11643,2022,24,53,14201.0,585,0.3632,3,0.007849,0
11644,2021,24,22,8673.0,481,0.2349,1,0.005604,0
11645,2022,36,43,6272.0,772,0.2473,4,0.378391,1
11646,2022,48,45,3076.0,700,0.3807,1,0.345752,1
11647,2023,36,49,4567.0,670,0.2492,2,0.081349,0
11648,2021,60,37,6244.0,592,0.3688,1,0.049089,1
11649,2021,12,40,3257.0,647,0.4114,1,0.154225,0
11650,2022,36,47,9384.0,519,0.1882,1,0.00637,0
11651,2022,60,52,3020.0,601,0.3554,2,0.065671,0
11652,2022,24,34,3574.0,547,0.3485,2,0.014919,0
11653,2022,12,40,3710.0,640,0.2586,2,0.048439,0
11654,2021,24,54,7129.0,693,0.0382,1,0.059178,0
11655,2022,24,22,3286.0,536,0.0714,3,0.004923,0
11656,2022,36,31,1998.0,677,0.4678,2,0.283212,1
11657,2022,36,52,8468.0,635,0.3495,4,0.035778,0
11658,2023,36,48,3936.0,674,0.418,3,0.153508,0
11659,2022,36,43,2881.0,600,0.2714,2,0.061333,0
11660,2022,36,33,3370.0,676,0.1623,4,0.128355,1
11661,2023,36,29,11596.0,564,0.2336,1,0.020326,0
11662,2022,36,32,3539.0,485,0.1826,2,0.005591,0
11663,2022,24,53,4621.0,503,0.4139,2,0.008558,0
11664,2021,24,31,3931.0,579,0.2541,1,0.030953,0
11665,2021,24,39,2654.0,490,0.479,2,0.015226,0
11666,2021,36,30,3390.0,744,0.3665,1,0.623713,1
11667,2021,36,46,2564.0,613,0.1569,2,0.043545,0
11668,2023,12,32,7926.0,693,0.4533,1,0.249747,1
11669,2021,60,37,5169.0,682,0.1176,3,0.095607,0
11670,2021,24,22,17006.0,620,0.284,2,0.033371,1
11671,2022,24,22,3448.0,850,0.1388,1,0.874515,1
11672,2023,48,38,3199.0,850,0.402,2,0.902014,0
11673,2023,48,24,10582.0,731,0.2374,1,0.365317,1
11674,2022,36,59,8341.0,547,0.4293,1,0.017454,0
11675,2023,12,22,5957.0,734,0.445,1,0.72964,1
11676,2022,24,29,2816.0,480,0.2319,1,0.004755,0
11677,2021,48,38,11760.0,731,0.4302,1,0.33292,0
11678,2021,24,34,4741.0,415,0.5686,3,0.001,0
11679,2021,24,26,3963.0,594,0.3783,1,0.113731,0
11680,2021,36,28,8703.0,716,0.0919,1,0.186531,0
11681,2021,24,28,4860.0,650,0.0495,1,0.076342,0
11682,2021,36,35,2744.0,501,0.4864,2,0.006575,0
11683,2021,24,57,5015.0,633,0.3364,2,0.056549,0
11684,2023,24,38,3325.0,650,0.1735,1,0.151287,0
11685,2022,36,49,1092.0,636,0.1306,1,0.059551,0
11686,2022,48,43,3163.0,587,0.1606,3,0.024725,0
11687,2021,60,49,3775.0,688,0.4865,3,0.164591,0
11688,2023,48,22,2758.0,711,0.671,1,0.640334,0
11689,2021,24,34,6553.0,607,0.57,2,0.100014,0
11690,2022,36,51,3332.0,741,0.1577,1,0.270737,0
11691,2022,60,32,6243.0,607,0.2823,3,0.033061,0
11692,2021,24,55,2653.0,580,0.3019,2,0.026813,0
11693,2021,12,52,7744.0,728,0.358,1,0.343213,1
11694,2022,60,33,2596.0,725,0.4443,2,0.470849,1
11695,2022,48,32,1524.0,570,0.4572,1,0.075615,0
11696,2021,12,27,9124.0,558,0.2637,3,0.008816,0
11697,2022,24,31,3204.0,761,0.2383,1,0.438457,1
11698,2023,24,25,11831.0,611,0.1531,2,0.019822,0
11699,2022,12,42,6518.0,620,0.4492,3,0.084038,0
11700,2023,24,23,7296.0,599,0.6601,1,0.121705,0
11701,2023,36,44,8289.0,725,0.0738,1,0.184215,0
11702,2023,12,44,5200.0,791,0.0552,3,0.319421,0
11703,2023,36,22,5229.0,625,0.097,3,0.06615,0
11704,2021,36,53,9327.0,813,0.3486,1,0.623252,1
11705,2023,12,43,5196.0,575,0.5001,1,0.04436,0
11706,2021,12,45,3415.0,597,0.2915,4,0.01779,0
11707,2023,36,30,6587.0,673,0.0984,2,0.06752,0
11708,2023,24,44,1708.0,554,0.2259,2,0.010604,0
11709,2023,60,49,9507.0,672,0.3046,1,0.122055,0
11710,2023,12,37,9607.0,578,0.2802,1,0.017009,0
11711,2022,48,58,8947.0,496,0.3608,1,0.003306,0
11712,2023,24,38,8777.0,480,0.2091,4,0.001,0
11713,2022,24,49,4712.0,594,0.1888,1,0.024469,0
11714,2021,60,40,4659.0,653,0.2674,2,0.096889,0
11715,2021,24,43,2658.0,511,0.5613,1,0.027027,0
11716,2021,36,22,11778.0,634,0.012,2,0.022798,0
11717,2022,24,41,3856.0,634,0.1753,3,0.056074,0
11718,2021,36,30,5825.0,606,0.425,4,0.032124,0
11719,2023,12,29,5580.0,545,0.2676,1,0.014348,0
11720,2022,60,55,2514.0,639,0.2927,1,0.112301,0
11721,2021,24,35,2054.0,608,0.4564,2,0.062082,0
11722,2023,36,27,4929.0,698,0.3497,1,0.289788,1
11723,2022,24,34,3917.0,516,0.3972,1,0.013198,0
11724,2022,24,24,4700.0,629,0.3553,1,0.133804,0
11725,2021,36,52,8373.0,518,0.2473,1,0.004885,1
11726,2022,36,31,5500.0,601,0.2074,3,0.023061,0
11727,2022,24,43,7181.0,532,0.5489,1,0.016332,0
11728,2021,36,51,6141.0,546,0.1326,3,0.005741,0
11729,2022,24,32,4196.0,619,0.3202,2,0.076819,0
11730,2021,60,43,2978.0,574,0.1289,1,0.023456,0
11731,2021,12,27,5610.0,737,0.5052,1,0.36625,0
11732,2022,36,62,5125.0,714,0.3155,2,0.212585,0
11733,2021,36,47,7767.0,684,0.4888,2,0.131067,0
11734,2021,24,36,4558.0,682,0.475,4,0.162228,0
11735,2022,12,30,4236.0,630,0.1905,1,0.060605,0
11736,2023,36,36,4382.0,724,0.3927,2,0.336845,1
11737,2021,48,34,3105.0,596,0.2615,1,0.055352,0
11738,2021,12,57,10132.0,789,0.2112,3,0.410636,0
11739,2022,60,25,8689.0,544,0.3409,3,0.007471,0
11740,2021,36,39,2680.0,529,0.272,3,0.003608,0
11741,2021,24,37,7346.0,508,0.4317,3,0.006122,0
11742,2023,12,36,1954.0,522,0.2132,1,0.013291,0
11743,2022,36,36,8044.0,489,0.1883,1,0.002847,0
11744,2021,36,36,3470.0,637,0.0416,1,0.051645,0
11745,2023,24,46,5884.0,688,0.1957,3,0.089752,0
11746,2022,24,44,1873.0,622,0.3696,3,0.062411,0
11747,2022,24,42,2699.0,509,0.1866,2,0.009268,0
11748,2021,12,22,6213.0,582,0.1045,4,0.01129,0
11749,2022,36,40,3462.0,687,0.217,2,0.170087,0
11750,2023,24,22,3229.0,592,0.2148,2,0.051502,0
11751,2023,12,44,9877.0,556,0.1393,2,0.007875,0
11752,2021,12,52,14846.0,498,0.2468,3,0.001004,0
11753,2021,36,28,7852.0,586,0.5498,1,0.045835,0
11754,2022,36,35,2847.0,563,0.2285,4,0.013693,0
11755,2021,24,32,11870.0,613,0.2686,2,0.021502,0
11756,2022,12,50,2251.0,658,0.3967,2,0.25217,0
11757,2022,36,38,4221.0,597,0.2799,1,0.056738,0
11758,2022,60,55,5051.0,634,0.3716,1,0.11823,0
11759,2021,24,42,12862.0,657,0.3217,2,0.071735,0
11760,2021,36,40,7757.0,521,0.1443,4,0.002049,0
11761,2021,36,38,3898.0,770,0.4164,2,0.73083,1
11762,2022,48,46,3064.0,560,0.116,2,0.012975,0
11763,2022,24,22,8112.0,661,0.1429,1,0.098169,0
11764,2022,24,38,3764.0,529,0.6136,4,0.0106,0
11765,2022,48,37,5477.0,628,0.301,2,0.070894,0
11766,2021,36,45,2478.0,631,0.0858,3,0.049215,0
11767,2021,36,36,6533.0,752,0.0535,1,0.375578,0
11768,2023,36,27,6275.0,601,0.1925,3,0.038354,0
11769,2022,36,38,2642.0,723,0.6023,1,0.828476,1
11770,2022,24,27,8232.0,643,0.4762,4,0.089812,0
11771,2022,60,22,6486.0,768,0.1915,1,0.533192,0
11772,2021,36,45,7115.0,477,0.17,1,0.001577,0
11773,2022,24,43,4067.0,658,0.1813,1,0.146623,0
11774,2023,12,42,5375.0,406,0.3852,1,0.00178,0
11775,2022,48,51,5073.0,615,0.4684,4,0.038863,0
11776,2023,48,31,4564.0,701,0.3309,2,0.210712,0
11777,2022,36,23,5352.0,735,0.3311,3,0.396398,1
11778,2022,12,37,9212.0,679,0.3164,1,0.176405,1
11779,2023,36,34,8413.0,596,0.1036,4,0.011466,0
11780,2021,36,29,2722.0,663,0.5699,3,0.280227,0
11781,2021,12,37,8044.0,821,0.2148,4,0.42294,0
11782,2023,12,31,8916.0,626,0.3869,1,0.063017,0
11783,2022,24,22,4557.0,696,0.4955,1,0.331873,1
11784,2021,36,33,6337.0,585,0.2303,3,0.015568,0
11785,2021,36,26,6292.0,705,0.3509,1,0.280736,0
11786,2023,24,40,3213.0,692,0.1786,1,0.217582,0
11787,2022,24,31,4060.0,571,0.5166,4,0.011894,0
11788,2022,48,49,7154.0,682,0.1031,1,0.164729,1
11789,2023,48,54,3836.0,685,0.159,1,0.114984,0
11790,2021,48,44,8004.0,679,0.23,1,0.105501,0
11791,2022,36,22,9438.0,616,0.2459,2,0.03821,0
11792,2023,24,53,8707.0,718,0.2979,2,0.164678,0
11793,2023,48,53,13226.0,545,0.3416,1,0.0083,0
11794,2021,48,38,4697.0,620,0.3319,2,0.062874,0
11795,2023,24,51,5370.0,628,0.5112,2,0.103033,0
11796,2021,36,32,5769.0,713,0.0637,2,0.108583,0
11797,2021,36,22,4769.0,542,0.1209,3,0.007032,0
11798,2021,48,30,6445.0,639,0.5838,2,0.144226,0
11799,2021,36,55,2089.0,580,0.0765,1,0.015349,0
11800,2021,12,23,5445.0,628,0.2031,1,0.050231,1
11801,2022,48,37,2468.0,651,0.5859,3,0.139348,0
11802,2023,12,38,3037.0,517,0.3279,3,0.005989,0
11803,2022,12,32,7090.0,721,0.2444,2,0.41184,1
11804,2022,36,33,4449.0,654,0.258,3,0.087019,0
11805,2021,60,38,6966.0,551,0.2573,2,0.015624,0
11806,2022,24,32,4401.0,592,0.3096,1,0.048697,0
11807,2022,60,23,8546.0,739,0.4514,1,0.778512,1
11808,2023,24,40,4361.0,653,0.2197,1,0.126704,0
11809,2023,48,48,1849.0,542,0.434,2,0.024877,0
11810,2021,36,46,5501.0,557,0.4585,1,0.027289,0
11811,2022,24,29,1662.0,669,0.4474,3,0.237376,0
11812,2023,24,25,2377.0,679,0.3012,3,0.174427,0
11813,2022,48,35,3161.0,649,0.2068,3,0.075915,0
11814,2022,12,53,2969.0,596,0.2466,2,0.037992,0
11815,2022,36,44,3742.0,684,0.1116,4,0.066055,0
11816,2022,36,45,2919.0,595,0.2904,3,0.013533,0
11817,2022,36,46,2433.0,551,0.4046,1,0.034055,1
11818,2023,24,42,10624.0,746,0.1855,1,0.194939,0
11819,2022,36,39,3501.0,659,0.444,1,0.20117,0
11820,2022,12,44,1611.0,557,0.4618,2,0.030758,1
11821,2023,36,32,4103.0,630,0.2137,2,0.07441,0
11822,2022,36,23,2801.0,622,0.2491,1,0.081578,0
11823,2021,60,45,3157.0,592,0.1524,4,0.008236,0
11824,2022,36,50,7011.0,638,0.2808,2,0.037769,0
11825,2021,24,26,3928.0,545,0.4713,1,0.017099,0
11826,2022,24,46,2762.0,689,0.0669,3,0.069596,0
11827,2023,36,54,6143.0,619,0.0973,2,0.023536,0
11828,2021,48,37,8734.0,491,0.4304,3,0.003528,0
11829,2022,24,29,6428.0,601,0.1615,1,0.040561,0
11830,2023,48,39,1441.0,570,0.122,1,0.017573,0
11831,2022,36,32,2814.0,380,0.1517,4,0.001,0
11832,2023,36,31,5033.0,607,0.0202,3,0.014812,0
11833,2021,48,42,4350.0,702,0.1546,1,0.34558,0
11834,2023,36,22,4173.0,611,0.6447,3,0.067677,0
11835,2022,24,23,3007.0,676,0.4426,3,0.319135,0
11836,2022,24,38,2434.0,620,0.1937,3,0.032303,0
11837,2021,48,37,13412.0,583,0.2291,1,0.016141,0
11838,2021,12,41,4982.0,561,0.47,1,0.028308,0
11839,2021,12,56,6775.0,517,0.671,2,0.013052,0
11840,2022,36,39,4930.0,694,0.3812,3,0.188309,0
11841,2021,12,43,5030.0,678,0.1455,2,0.08756,0
11842,2022,24,28,4765.0,597,0.3115,2,0.038211,0
11843,2021,36,45,2807.0,458,0.3296,2,0.002787,0
11844,2022,36,32,2305.0,657,0.1001,4,0.025392,0
11845,2021,60,38,5962.0,547,0.1969,4,0.003192,0
11846,2022,36,36,5399.0,631,0.4624,4,0.046342,0
11847,2021,60,48,7857.0,496,0.1309,1,0.005891,0
11848,2021,24,24,7099.0,627,0.3943,1,0.07137,1
11849,2021,12,22,3280.0,609,0.0501,4,0.018296,0
11850,2022,24,35,8658.0,427,0.2964,1,0.001457,0
11851,2021,24,42,7205.0,749,0.3104,4,0.238178,1
11852,2021,24,39,6943.0,593,0.224,2,0.018225,0
11853,2022,24,50,15133.0,599,0.2779,2,0.014911,0
11854,2021,36,42,13657.0,662,0.1632,1,0.048971,0
11855,2022,24,32,6939.0,615,0.125,4,0.022843,0
11856,2022,24,22,6520.0,649,0.2237,1,0.156805,0
11857,2023,36,35,8441.0,528,0.0695,3,0.003383,0
11858,2023,36,48,3670.0,608,0.561,1,0.135927,0
11859,2021,12,34,3696.0,467,0.0838,1,0.00287,0
11860,2022,12,38,6882.0,600,0.1052,1,0.02441,0
11861,2021,36,42,3203.0,735,0.6201,1,0.552058,1
11862,2023,36,27,6610.0,499,0.2467,2,0.001963,0
11863,2021,24,44,5316.0,591,0.2151,1,0.042832,0
11864,2022,36,54,3203.0,450,0.0642,3,0.001,0
11865,2021,12,36,4979.0,620,0.4422,3,0.051804,0
11866,2021,36,26,9438.0,657,0.1766,2,0.080784,0
11867,2021,48,37,5121.0,650,0.3118,3,0.078328,0
11868,2022,24,22,5132.0,571,0.5441,2,0.038418,0
11869,2021,36,41,5794.0,448,0.1503,4,0.001,0
11870,2021,60,42,6183.0,520,0.33,2,0.006118,0
11871,2022,24,54,4165.0,720,0.5441,2,0.315711,0
11872,2023,36,36,5855.0,690,0.3886,1,0.364254,1
11873,2022,24,42,2909.0,612,0.26,3,0.028032,0
11874,2022,12,29,3296.0,632,0.0782,2,0.064196,0
11875,2022,24,34,3514.0,537,0.6423,2,0.040767,0
11876,2022,24,22,6216.0,723,0.328,1,0.505733,0
11877,2021,24,36,5325.0,562,0.5332,2,0.05772,0
11878,2022,60,34,4595.0,654,0.3104,2,0.101994,0
11879,2022,48,40,6942.0,513,0.3135,3,0.005281,0
11880,2021,12,31,5940.0,605,0.4353,1,0.084836,0
11881,2021,36,38,4251.0,719,0.1637,1,0.342627,0
11882,2022,48,34,2929.0,544,0.2981,2,0.015127,0
11883,2021,36,34,3262.0,679,0.428,3,0.235914,0
11884,2021,36,38,2360.0,533,0.4542,2,0.022523,0
11885,2021,48,38,5273.0,547,0.0896,3,0.004203,0
11886,2021,48,45,3194.0,619,0.4566,1,0.073645,0
11887,2022,36,36,3837.0,697,0.1345,1,0.224018,0
11888,2022,36,34,4611.0,596,0.174,1,0.038537,0
11889,2021,36,36,8283.0,669,0.4325,1,0.138625,0
11890,2021,12,30,7820.0,711,0.2602,4,0.140527,1
11891,2023,12,34,4782.0,558,0.3672,4,0.010137,0
11892,2022,24,58,9253.0,497,0.2365,2,0.001345,0
11893,2022,60,28,1797.0,591,0.3627,2,0.037057,0
11894,2023,24,35,12564.0,721,0.0806,3,0.115404,0
11895,2022,36,34,6948.0,554,0.0368,1,0.010082,0
11896,2021,12,35,5174.0,701,0.3641,1,0.264167,0
11897,2021,24,34,3147.0,598,0.261,3,0.023514,0
11898,2022,24,40,3948.0,760,0.1517,1,0.553987,0
11899,2023,36,22,6665.0,799,0.1,4,0.382429,0
11900,2023,36,48,6742.0,702,0.2713,3,0.160459,0
11901,2022,36,44,6865.0,488,0.1639,3,0.002582,0
11902,2021,36,25,3414.0,427,0.5254,1,0.004608,0
11903,2023,24,22,3087.0,624,0.0661,3,0.030012,0
11904,2023,24,28,5419.0,692,0.51,1,0.309582,1
11905,2022,12,35,7222.0,660,0.0421,2,0.049781,0
11906,2022,36,63,4923.0,562,0.5609,2,0.023428,0
11907,2023,60,43,10309.0,501,0.1385,4,0.001234,0
11908,2021,12,22,4997.0,694,0.2783,2,0.16783,0
11909,2023,12,31,4913.0,768,0.04,2,0.556044,0
11910,2022,36,37,6872.0,566,0.5098,4,0.021563,0
11911,2022,48,40,9042.0,686,0.3322,1,0.156002,0
11912,2023,24,24,2503.0,828,0.1622,2,0.821043,0
11913,2022,36,36,2810.0,604,0.1126,3,0.024798,0
11914,2023,48,30,4202.0,606,0.1027,3,0.020591,0
11915,2022,60,26,20000.0,664,0.2017,1,0.043231,0
11916,2021,36,40,4312.0,597,0.0843,1,0.030876,0
11917,2022,60,45,4624.0,727,0.2312,3,0.184853,0
11918,2023,24,46,6695.0,587,0.4607,1,0.071055,0
11919,2022,48,43,8010.0,617,0.127,1,0.031387,0
11920,2022,24,33,5350.0,504,0.162,2,0.003787,0
11921,2022,48,45,8797.0,601,0.3477,2,0.021025,0
11922,2021,36,41,2705.0,539,0.2377,3,0.008467,0
11923,2022,12,39,3351.0,647,0.4577,1,0.290655,1
11924,2022,24,31,8789.0,486,0.4785,2,0.003378,0
11925,2022,24,33,4942.0,698,0.2587,2,0.186172,1
11926,2022,12,38,2614.0,550,0.2528,3,0.016023,0
11927,2022,48,62,2537.0,762,0.3199,1,0.497098,1
11928,2022,24,41,3276.0,729,0.5632,3,0.548021,1
11929,2021,24,31,4920.0,662,0.1078,3,0.069008,0
11930,2023,36,29,6209.0,496,0.4447,4,0.005908,0
11931,2022,48,33,4169.0,569,0.3884,2,0.028622,0
11932,2022,48,59,5958.0,548,0.159,1,0.010137,0
11933,2022,24,34,3950.0,558,0.5927,3,0.019783,0
11934,2023,24,47,9063.0,746,0.258,3,0.309268,0
11935,2022,12,34,17605.0,607,0.3392,1,0.035015,0
11936,2022,36,40,4039.0,567,0.3825,3,0.026413,0
11937,2022,24,45,6248.0,560,0.3173,2,0.013403,1
11938,2023,48,32,5998.0,577,0.5832,1,0.064951,0
11939,2022,24,31,5268.0,662,0.2014,2,0.098608,0
11940,2022,48,54,6813.0,489,0.1736,2,0.004163,0
11941,2022,48,47,6244.0,627,0.4441,1,0.158753,1
11942,2021,36,45,3883.0,653,0.3028,2,0.089939,0
11943,2021,24,45,9493.0,481,0.2517,1,0.001947,0
11944,2022,36,42,5436.0,506,0.226,1,0.008878,0
11945,2023,36,58,4055.0,616,0.0771,4,0.014119,0
11946,2023,12,38,16674.0,735,0.2083,2,0.158766,0
11947,2021,60,43,4637.0,716,0.1934,3,0.206832,0
11948,2022,60,23,5583.0,571,0.2901,1,0.05051,0
11949,2021,12,29,5365.0,732,0.2474,1,0.291068,0
11950,2023,24,25,4606.0,594,0.2825,2,0.040336,0
11951,2023,24,50,6151.0,593,0.3643,3,0.037206,0
11952,2023,36,22,3221.0,627,0.6309,4,0.192655,0
11953,2023,60,33,6623.0,687,0.1859,1,0.196331,0
11954,2022,24,22,2040.0,571,0.4068,2,0.036431,0
11955,2021,48,29,2568.0,588,0.389,3,0.036045,0
11956,2022,24,33,12245.0,520,0.1958,2,0.00324,0
11957,2022,60,51,2623.0,648,0.0836,2,0.087792,1
11958,2023,36,41,1845.0,694,0.6743,1,0.692038,0
11959,2023,48,29,2655.0,699,0.0785,2,0.220614,0
11960,2022,24,48,11731.0,510,0.3942,3,0.003371,0
11961,2022,36,38,2006.0,589,0.0989,2,0.024674,0
11962,2023,24,38,3048.0,719,0.4374,2,0.39621,1
11963,2021,36,25,2371.0,638,0.4759,3,0.100255,0
11964,2021,36,28,4285.0,622,0.184,2,0.032447,0
11965,2023,24,29,3952.0,620,0.4295,1,0.112732,0
11966,2022,24,38,3865.0,663,0.2468,1,0.18205,0
11967,2022,48,38,12432.0,642,0.0913,2,0.037679,0
11968,2022,12,53,2699.0,573,0.1966,1,0.026496,0
11969,2023,24,41,4670.0,690,0.2908,1,0.269898,0
11970,2023,24,22,5821.0,523,0.2533,1,0.01065,0
11971,2021,36,40,3011.0,725,0.3011,4,0.214921,0
11972,2021,48,23,6269.0,548,0.2062,2,0.017344,0
11973,2021,48,28,4024.0,663,0.1037,4,0.065028,0
11974,2021,24,29,5926.0,606,0.1951,1,0.047614,0
11975,2021,12,31,4656.0,581,0.1468,2,0.027255,0
11976,2022,48,24,1763.0,728,0.3185,2,0.532364,1
11977,2021,24,40,9443.0,679,0.0178,4,0.043014,0
11978,2021,12,23,13839.0,615,0.4973,2,0.054231,0
11979,2022,12,41,4499.0,759,0.3351,2,0.54052,1
11980,2023,12,60,3137.0,698,0.5908,3,0.362812,0
11981,2022,48,24,10436.0,555,0.179,1,0.015931,0
11982,2023,24,35,12647.0,439,0.3695,4,0.001,0
11983,2023,24,22,4517.0,628,0.0335,1,0.0795,0
11984,2023,48,34,4406.0,730,0.1845,2,0.350344,0
11985,2021,36,44,4722.0,668,0.4452,2,0.142792,1
11986,2022,36,45,2128.0,745,0.1035,3,0.352381,0
11987,2023,24,38,4249.0,572,0.1824,1,0.024366,0
11988,2021,36,46,11585.0,610,0.3967,2,0.024339,0
11989,2021,36,63,4517.0,612,0.2449,1,0.050692,0
11990,2022,36,55,2922.0,639,0.1358,1,0.083646,0
11991,2021,48,32,6300.0,681,0.3719,2,0.168288,0
11992,2023,48,23,3521.0,750,0.4758,1,0.751979,0
11993,2022,48,33,4754.0,767,0.4853,2,0.565619,1
11994,2023,12,28,2606.0,753,0.5305,4,0.384964,0
11995,2023,24,42,2927.0,673,0.1749,4,0.117701,0
11996,2023,36,26,7107.0,592,0.3655,2,0.061622,0
11997,2021,24,37,5208.0,638,0.3696,2,0.085932,1
11998,2022,24,46,3334.0,672,0.0416,2,0.094823,0
11999,2021,60,36,5217.0,630,0.2025,2,0.056275,0
12000,2021,36,28,3628.0,546,0.2779,2,0.011132,0
12001,2023,36,49,3321.0,583,0.4251,2,0.041713,0
12002,2023,60,22,8796.0,689,0.1288,2,0.08511,0
12003,2022,60,34,7269.0,600,0.1301,1,0.018139,0
12004,2021,12,37,4863.0,621,0.4324,2,0.060373,0
12005,2021,36,38,5283.0,613,0.5037,3,0.059115,0
12006,2021,24,39,4894.0,548,0.2105,1,0.024225,0
12007,2022,60,44,6270.0,606,0.1916,4,0.012482,0
12008,2023,36,37,3295.0,583,0.1769,3,0.017865,0
12009,2022,12,34,7565.0,564,0.1169,1,0.011563,0
12010,2021,48,33,5865.0,535,0.1285,1,0.007262,0
12011,2022,24,31,4309.0,611,0.2429,4,0.018064,0
12012,2021,36,45,3851.0,669,0.2672,2,0.094315,1
12013,2022,60,31,7484.0,709,0.5278,1,0.439598,1
12014,2022,24,46,4559.0,508,0.2583,1,0.006924,0
12015,2021,24,38,3465.0,748,0.1981,3,0.471426,1
12016,2023,36,32,4055.0,643,0.3156,3,0.075463,0
12017,2021,48,44,7220.0,529,0.2713,1,0.016622,0
12018,2023,12,30,2197.0,587,0.1245,2,0.021915,0
12019,2021,48,44,4115.0,469,0.5234,3,0.002259,0
12020,2021,12,40,8394.0,490,0.3759,2,0.004938,0
12021,2022,36,32,4518.0,757,0.119,1,0.369565,0
12022,2022,36,43,5633.0,564,0.0979,2,0.008889,0
12023,2023,36,43,8462.0,662,0.5502,1,0.115684,0
12024,2021,60,49,7678.0,611,0.1268,1,0.035058,0
12025,2023,24,47,3944.0,621,0.3881,2,0.098374,0
12026,2022,36,42,4605.0,649,0.6057,1,0.29763,0
12027,2022,48,26,7726.0,453,0.254,3,0.001409,0
12028,2022,36,62,7862.0,725,0.0896,2,0.130723,0
12029,2023,24,23,4703.0,612,0.1426,2,0.051596,0
12030,2021,24,47,4785.0,579,0.2378,1,0.025879,0
12031,2022,48,42,5619.0,657,0.5537,2,0.127357,0
12032,2021,36,26,9735.0,562,0.3258,1,0.021757,0
12033,2023,48,36,8382.0,636,0.74,1,0.249591,1
12034,2021,36,37,6951.0,606,0.5728,3,0.046286,0
12035,2022,24,51,2866.0,676,0.3622,2,0.106794,0
12036,2021,48,30,4284.0,602,0.3306,2,0.044682,0
12037,2021,24,35,4398.0,537,0.1627,2,0.008588,0
12038,2021,24,22,9989.0,648,0.4628,2,0.112616,0
12039,2023,12,55,4361.0,598,0.2393,4,0.011959,0
12040,2021,60,27,9198.0,474,0.1842,4,0.001276,0
12041,2023,36,41,3695.0,635,0.5339,1,0.234243,0
12042,2022,12,36,3845.0,577,0.0581,1,0.015561,0
12043,2023,24,37,6252.0,647,0.5011,4,0.067531,0
12044,2022,12,46,10765.0,551,0.5858,1,0.013879,0
12045,2022,60,54,4421.0,523,0.2948,4,0.004511,0
12046,2021,48,40,1365.0,714,0.029,2,0.184792,0
12047,2022,24,44,2248.0,687,0.5009,4,0.330699,1
12048,2023,48,41,5704.0,619,0.1744,2,0.049909,0
12049,2022,36,48,2351.0,655,0.0555,2,0.105134,0
12050,2021,36,33,3188.0,684,0.4446,4,0.147301,0
12051,2022,24,48,4945.0,619,0.1028,3,0.028515,0
12052,2022,36,49,1444.0,523,0.1449,3,0.004491,0
12053,2021,36,48,4065.0,643,0.3172,1,0.123783,0
12054,2023,36,31,2745.0,700,0.3559,2,0.257933,1
12055,2021,48,36,2323.0,667,0.4579,2,0.155106,0
12056,2022,24,40,3291.0,624,0.2663,1,0.110966,0
12057,2021,24,24,2880.0,665,0.2035,1,0.124039,1
12058,2021,36,53,6215.0,602,0.0199,3,0.01159,0
12059,2021,36,37,8940.0,703,0.352,1,0.313007,0
12060,2022,36,40,4096.0,727,0.2723,3,0.33516,0
12061,2022,36,32,3648.0,516,0.3067,1,0.015172,0
12062,2021,36,24,3995.0,709,0.2977,1,0.408466,1
12063,2023,36,31,2824.0,798,0.086,1,0.833135,1
12064,2023,12,40,2580.0,662,0.1605,2,0.14582,1
12065,2022,24,44,2159.0,698,0.1794,1,0.244796,0
12066,2021,12,39,2528.0,568,0.1084,1,0.01516,0
12067,2022,48,41,11114.0,579,0.4512,2,0.022025,0
12068,2023,36,34,3480.0,603,0.0594,2,0.020788,0
12069,2023,60,42,1129.0,587,0.3938,1,0.049828,0
12070,2021,36,52,3665.0,515,0.5294,3,0.009835,0
12071,2021,24,45,2219.0,606,0.2312,1,0.049065,0
12072,2022,36,46,5063.0,686,0.492,1,0.294447,1
12073,2022,60,40,4797.0,516,0.1228,3,0.003564,0
12074,2022,24,22,5054.0,634,0.2941,2,0.075875,0
12075,2022,36,27,4816.0,631,0.4398,1,0.097135,0
12076,2021,12,42,4079.0,595,0.2942,1,0.060532,0
12077,2021,24,37,2373.0,659,0.4977,2,0.204311,0
12078,2022,24,42,4735.0,652,0.2864,1,0.142741,0
12079,2021,48,54,8180.0,590,0.2953,3,0.018906,0
12080,2022,24,45,12171.0,704,0.578,3,0.11812,0
12081,2022,36,50,4363.0,664,0.2443,2,0.123361,0
12082,2021,36,38,4606.0,745,0.0885,2,0.384267,1
12083,2023,12,29,6312.0,614,0.6724,1,0.122549,0
12084,2022,12,37,10369.0,594,0.4513,2,0.031124,0
12085,2021,24,29,3854.0,603,0.2516,4,0.020344,0
12086,2022,12,53,6949.0,714,0.1179,1,0.140326,0
12087,2023,36,45,3257.0,608,0.191,1,0.033568,0
12088,2023,12,43,5796.0,612,0.2201,1,0.061421,0
12089,2023,36,50,7985.0,776,0.3374,3,0.399182,0
12090,2023,24,22,2577.0,512,0.1806,1,0.012033,0
12091,2021,36,43,3780.0,648,0.173,2,0.070295,0
12092,2023,12,24,7922.0,615,0.221,1,0.072187,0
12093,2022,24,37,6688.0,599,0.2392,4,0.009924,0
12094,2023,60,34,8250.0,543,0.3479,1,0.014438,0
12095,2023,24,44,7512.0,566,0.397,1,0.031349,0
12096,2023,36,40,4144.0,587,0.2894,2,0.025699,0
12097,2021,36,51,14759.0,659,0.0984,1,0.032407,0
12098,2022,24,31,5263.0,688,0.374,2,0.154024,0
12099,2022,60,45,1067.0,477,0.5793,1,0.011872,0
12100,2021,36,39,4268.0,523,0.0941,3,0.003265,0
12101,2022,36,22,3887.0,663,0.0616,3,0.067445,0
12102,2023,60,28,7315.0,670,0.4622,4,0.086406,0
12103,2021,36,36,3922.0,502,0.4017,1,0.00784,0
12104,2023,12,49,8514.0,689,0.2778,3,0.113251,0
12105,2022,36,42,6497.0,618,0.2001,3,0.030638,0
12106,2022,12,26,2981.0,679,0.2855,1,0.302918,0
12107,2022,60,36,4582.0,551,0.3359,2,0.010044,0
12108,2022,24,58,3335.0,508,0.4599,4,0.005299,0
12109,2022,48,39,5390.0,595,0.1066,3,0.01531,0
12110,2022,36,34,3325.0,598,0.1944,2,0.044264,0
12111,2022,48,42,5101.0,594,0.2984,2,0.022776,0
12112,2023,36,45,4289.0,588,0.3926,3,0.042602,0
12113,2022,48,33,4555.0,755,0.2882,3,0.382956,0
12114,2021,60,43,13704.0,484,0.3489,2,0.001421,0
12115,2021,48,34,4104.0,552,0.3085,3,0.012875,0
12116,2021,48,45,1868.0,586,0.1442,1,0.039309,0
12117,2022,60,39,8167.0,621,0.4748,1,0.094208,0
12118,2022,12,42,8135.0,676,0.0952,1,0.083259,0
12119,2023,60,30,1827.0,689,0.0464,3,0.096024,0
12120,2022,48,29,3462.0,706,0.4287,1,0.409619,1
12121,2021,24,47,6111.0,658,0.1764,1,0.095747,0
12122,2023,36,37,6388.0,481,0.2836,2,0.004832,0
12123,2023,36,40,4903.0,486,0.4048,2,0.003926,0
12124,2022,12,34,4959.0,711,0.0897,1,0.259112,0
12125,2022,36,46,3074.0,706,0.2615,1,0.328824,0
12126,2021,12,31,1480.0,670,0.1967,2,0.120453,0
12127,2023,24,36,13695.0,554,0.2962,1,0.014157,0
12128,2023,36,45,3028.0,594,0.4986,1,0.102824,0
12129,2021,60,49,5368.0,588,0.1012,1,0.035823,0
12130,2022,12,32,4540.0,538,0.2575,3,0.007493,0
12131,2021,12,57,7697.0,640,0.5549,1,0.138822,0
12132,2021,12,41,5205.0,792,0.1625,2,0.554027,0
12133,2021,24,27,5307.0,580,0.5557,1,0.057684,0
12134,2021,48,41,1317.0,723,0.1236,3,0.201633,0
12135,2021,36,34,3240.0,549,0.0795,4,0.004141,0
12136,2021,36,42,7132.0,497,0.2707,3,0.002147,0
12137,2022,36,37,6818.0,698,0.2713,2,0.152714,1
12138,2022,24,38,3054.0,602,0.4968,3,0.057944,0
12139,2021,36,28,2233.0,721,0.3693,3,0.448574,0
12140,2022,36,47,5236.0,737,0.1997,1,0.221947,1
12141,2023,12,26,1149.0,597,0.1547,2,0.027764,0
12142,2022,60,26,2767.0,727,0.4557,2,0.399283,0
12143,2021,24,41,11850.0,549,0.2899,1,0.009381,0
12144,2022,24,54,10123.0,548,0.3196,4,0.004597,0
12145,2021,36,34,6271.0,705,0.4936,3,0.283253,1
12146,2021,12,45,5731.0,496,0.3467,3,0.005439,0
12147,2021,36,48,1854.0,619,0.3223,4,0.025437,0
12148,2022,24,46,3394.0,719,0.099,4,0.079559,1
12149,2022,24,34,4240.0,725,0.133,2,0.222564,0
12150,2022,24,27,3430.0,585,0.6066,2,0.070524,0
12151,2021,60,22,4125.0,700,0.7458,3,0.642499,1
12152,2021,36,35,9411.0,530,0.3906,2,0.00902,0
12153,2021,24,49,3748.0,566,0.1633,1,0.016079,0
12154,2023,12,26,4144.0,638,0.2472,2,0.097889,0
12155,2023,36,45,7114.0,650,0.3237,2,0.069933,0
12156,2023,36,28,2417.0,536,0.095,1,0.011679,0
12157,2021,36,39,3229.0,768,0.358,4,0.404705,0
12158,2021,48,45,3399.0,469,0.2931,1,0.002568,0
12159,2022,12,31,5053.0,624,0.5649,4,0.05183,0
12160,2022,36,39,4136.0,635,0.0947,2,0.069654,0
12161,2021,12,33,4202.0,480,0.199,2,0.003971,0
12162,2021,24,45,3525.0,725,0.6038,1,0.659657,1
12163,2022,60,40,2877.0,560,0.0893,4,0.00567,0
12164,2022,24,38,6665.0,627,0.4479,1,0.111117,0
12165,2022,24,53,4151.0,646,0.5509,3,0.175723,0
12166,2023,60,44,6698.0,503,0.2294,1,0.004599,0
12167,2021,12,31,2819.0,534,0.1653,4,0.004715,0
12168,2021,24,37,3524.0,745,0.1421,4,0.29217,1
12169,2021,48,37,4400.0,614,0.3446,1,0.056708,0
12170,2022,48,38,4610.0,404,0.1822,2,0.001,0
12171,2023,48,63,7167.0,595,0.3422,3,0.015715,0
12172,2021,36,41,3963.0,617,0.508,1,0.119351,0
12173,2021,36,22,7139.0,637,0.4833,1,0.149261,0
12174,2021,36,32,5928.0,460,0.1618,4,0.001,0
12175,2021,24,22,4659.0,617,0.4227,1,0.111946,0
12176,2021,36,34,3054.0,553,0.1135,1,0.014197,0
12177,2022,24,22,7176.0,637,0.3804,1,0.099635,0
12178,2023,24,29,3093.0,660,0.2578,2,0.182516,0
12179,2023,60,22,4863.0,651,0.5249,1,0.277605,0
12180,2021,24,41,4784.0,732,0.2201,2,0.395141,1
12181,2022,48,38,4431.0,795,0.1284,3,0.479227,0
12182,2021,12,41,4045.0,529,0.4914,2,0.012136,0
12183,2021,24,36,3258.0,589,0.0687,4,0.011446,0
12184,2023,36,24,2190.0,679,0.504,1,0.3844,0
12185,2022,36,43,9916.0,609,0.1906,4,0.011661,0
12186,2022,48,57,3843.0,402,0.1442,2,0.001,0
12187,2021,36,42,4610.0,604,0.1407,1,0.023148,0
12188,2023,12,33,4596.0,718,0.1409,3,0.20693,0
12189,2022,24,23,8500.0,508,0.1043,1,0.005853,0
12190,2022,36,28,12921.0,637,0.1848,2,0.03886,0
12191,2022,12,42,5324.0,467,0.5115,1,0.004246,0
12192,2023,48,48,4544.0,689,0.3036,1,0.182974,0
12193,2022,48,40,2803.0,639,0.2591,3,0.052913,0
12194,2023,12,45,2388.0,574,0.0525,2,0.015596,0
12195,2022,36,45,2024.0,586,0.2273,2,0.034694,0
12196,2023,12,43,3301.0,500,0.4234,3,0.007603,0
12197,2022,60,31,1728.0,700,0.1144,2,0.196543,1
12198,2022,24,39,8429.0,556,0.2853,3,0.009928,0
12199,2021,12,29,6073.0,660,0.4077,2,0.138688,0
12200,2022,60,38,4334.0,543,0.4737,2,0.019538,0
12201,2023,24,41,8559.0,795,0.1511,3,0.457436,1
12202,2023,36,54,2877.0,744,0.0679,1,0.162108,0
12203,2021,36,24,3262.0,785,0.339,4,0.39723,1
12204,2021,24,42,1869.0,795,0.4962,1,0.838794,0
12205,2021,24,52,7239.0,569,0.2804,1,0.021414,0
12206,2021,36,45,3277.0,549,0.2937,2,0.027687,0
12207,2023,36,46,4953.0,782,0.138,1,0.611172,0
12208,2023,48,43,8114.0,608,0.1564,1,0.03679,1
12209,2023,36,50,9754.0,686,0.4642,3,0.141625,0
12210,2021,36,27,4844.0,570,0.4542,2,0.041224,0
12211,2022,24,24,5956.0,571,0.0682,2,0.012322,0
12212,2022,36,37,3128.0,686,0.2408,2,0.157041,1
12213,2023,48,22,11404.0,462,0.4908,2,0.001741,0
12214,2022,48,50,4523.0,682,0.6315,4,0.17445,1
12215,2021,60,50,5116.0,661,0.1631,1,0.089625,0
12216,2023,48,33,4010.0,577,0.3929,2,0.029289,0
12217,2021,36,34,8952.0,621,0.1928,3,0.027599,0
12218,2021,36,37,5431.0,634,0.3444,1,0.107547,0
12219,2023,48,38,7190.0,638,0.3505,3,0.093539,0
12220,2023,24,39,5866.0,675,0.3697,1,0.277354,0
12221,2023,60,43,4402.0,554,0.1945,3,0.010736,0
12222,2021,48,36,7822.0,835,0.0612,1,0.741562,1
12223,2022,60,47,5841.0,603,0.1124,2,0.016126,1
12224,2022,60,42,3040.0,609,0.6111,2,0.096198,0
12225,2022,48,31,2997.0,775,0.0573,3,0.493698,1
12226,2022,24,51,5294.0,473,0.1554,3,0.001339,0
12227,2022,12,24,7737.0,774,0.3267,1,0.732275,1
12228,2022,24,37,11156.0,627,0.1426,1,0.024683,0
12229,2021,24,47,2021.0,577,0.1061,1,0.015482,0
12230,2023,36,30,4978.0,530,0.2158,1,0.011324,0
12231,2021,36,41,6278.0,518,0.4138,4,0.002512,0
12232,2021,24,43,5698.0,592,0.6128,2,0.081514,0
12233,2022,36,29,8141.0,642,0.367,1,0.152271,0
12234,2021,12,37,6821.0,669,0.515,2,0.216644,1
12235,2021,48,36,3003.0,641,0.1208,3,0.028341,0
12236,2023,12,32,2959.0,579,0.6415,1,0.084606,0
12237,2021,48,61,5746.0,727,0.2857,2,0.224403,1
12238,2023,36,30,8065.0,833,0.2517,1,0.810397,1
12239,2021,60,48,5280.0,739,0.312,3,0.159411,0
12240,2021,60,34,2233.0,591,0.3654,1,0.078845,0
12241,2022,12,27,2911.0,660,0.3791,2,0.278783,0
12242,2021,24,39,6945.0,665,0.1005,1,0.054558,0
12243,2021,24,44,4129.0,748,0.3783,1,0.440416,0
12244,2021,24,47,5213.0,592,0.214,2,0.029691,0
12245,2022,24,53,8373.0,542,0.2881,1,0.010161,0
12246,2023,36,67,2694.0,710,0.3592,1,0.307778,0
12247,2023,24,40,3995.0,652,0.3085,4,0.059117,0
12248,2021,24,31,3784.0,531,0.0481,2,0.006982,0
12249,2023,12,42,5871.0,676,0.1298,1,0.083529,0
12250,2022,60,35,7233.0,767,0.2788,2,0.455661,0
12251,2023,12,47,2345.0,564,0.3538,4,0.013317,0
12252,2021,12,25,4901.0,548,0.1303,2,0.00931,0
12253,2023,48,61,7591.0,622,0.3041,2,0.072893,0
12254,2021,24,46,1944.0,674,0.2005,2,0.139002,0
12255,2022,36,22,4759.0,614,0.2638,1,0.072225,0
12256,2022,36,30,2676.0,710,0.2865,2,0.266251,0
12257,2021,24,46,3566.0,640,0.2824,2,0.06638,0
12258,2022,36,49,1405.0,700,0.4028,2,0.378997,0
12259,2022,24,25,9861.0,562,0.5146,2,0.045148,0
12260,2022,36,45,4114.0,521,0.5128,1,0.017304,0
12261,2022,24,22,3283.0,592,0.0528,2,0.041539,0
12262,2022,60,37,5791.0,512,0.4775,2,0.008607,0
12263,2021,60,49,2919.0,652,0.1892,4,0.056647,0
12264,2021,24,32,2783.0,458,0.2738,1,0.003712,0
12265,2023,12,22,10458.0,583,0.4699,3,0.018022,0
12266,2022,12,39,12141.0,597,0.2391,3,0.015433,0
12267,2022,48,31,3655.0,536,0.1344,3,0.004817,0
12268,2023,24,44,8381.0,595,0.2371,2,0.027472,0
12269,2022,36,29,5872.0,620,0.3863,2,0.070776,0
12270,2021,36,30,2424.0,721,0.4452,3,0.340375,1
12271,2023,24,22,3090.0,536,0.3081,1,0.021804,0
12272,2021,36,39,10674.0,648,0.25,1,0.084096,0
12273,2022,36,36,2408.0,664,0.325,2,0.070492,0
12274,2021,24,26,15375.0,618,0.2812,3,0.023018,0
12275,2023,48,39,3693.0,580,0.2589,1,0.034484,1
12276,2022,24,48,10834.0,528,0.2818,3,0.002985,0
12277,2022,60,35,4218.0,771,0.312,2,0.500899,1
12278,2022,24,40,7332.0,625,0.3041,1,0.081349,0
12279,2023,48,40,9873.0,594,0.052,1,0.012911,0
12280,2021,48,25,9848.0,789,0.333,2,0.524189,1
12281,2023,36,58,3670.0,637,0.1447,3,0.055999,0
12282,2021,12,33,3201.0,823,0.3918,1,0.960837,1
12283,2022,12,44,4719.0,506,0.3265,2,0.003789,0
12284,2022,24,45,2565.0,601,0.4042,1,0.06249,0
12285,2022,36,36,5539.0,510,0.1338,1,0.003989,0
12286,2023,36,44,3260.0,610,0.1809,2,0.050459,0
12287,2023,36,40,8445.0,609,0.5911,4,0.028849,0
12288,2023,36,23,3696.0,583,0.1296,2,0.01475,0
12289,2022,12,34,2057.0,624,0.1751,2,0.073608,0
12290,2022,24,31,9902.0,587,0.3428,3,0.015983,0
12291,2021,36,33,5387.0,611,0.2055,1,0.105069,0
12292,2021,24,24,4987.0,559,0.3331,3,0.013018,0
12293,2022,24,49,8495.0,735,0.0861,3,0.091454,0
12294,2022,12,54,7599.0,531,0.1557,2,0.003053,0
12295,2021,48,47,3358.0,636,0.3897,1,0.075585,0
12296,2021,24,50,3925.0,524,0.5006,4,0.003381,0
12297,2022,24,34,2817.0,553,0.267,2,0.018107,0
12298,2021,60,31,2363.0,561,0.1084,1,0.024981,0
12299,2023,24,30,6564.0,609,0.6391,2,0.171743,0
12300,2022,48,44,5979.0,634,0.2929,2,0.071904,0
12301,2022,36,40,7190.0,531,0.5066,1,0.024576,0
12302,2023,24,37,9328.0,586,0.1735,2,0.013197,0
12303,2021,24,50,7239.0,540,0.1559,2,0.007178,0
12304,2022,48,42,7568.0,537,0.4913,3,0.005431,0
12305,2021,36,29,1739.0,710,0.1878,4,0.149968,0
12306,2021,36,31,4215.0,508,0.345,2,0.012654,0
12307,2021,24,44,7961.0,625,0.2905,1,0.047725,0
12308,2021,48,48,2740.0,755,0.3,2,0.453232,0
12309,2022,48,43,5145.0,716,0.1716,1,0.339033,0
12310,2023,12,56,6372.0,654,0.2881,1,0.10429,0
12311,2021,48,54,6133.0,618,0.3553,3,0.023653,0
12312,2023,48,42,5910.0,678,0.1715,3,0.1095,0
12313,2021,60,29,6631.0,649,0.2599,3,0.080178,0
12314,2021,24,24,5380.0,733,0.3034,3,0.242047,0
12315,2021,12,34,2365.0,609,0.3266,1,0.112846,0
12316,2023,60,45,6333.0,700,0.3253,2,0.19891,0
12317,2022,12,56,5667.0,593,0.3659,2,0.027796,0
12318,2022,48,42,2381.0,771,0.2407,1,0.460941,0
12319,2023,48,49,9797.0,607,0.5757,1,0.087584,0
12320,2022,24,35,6418.0,490,0.0557,3,0.001832,0
12321,2022,24,44,2465.0,626,0.1784,1,0.092031,0
12322,2021,12,46,3266.0,681,0.395,3,0.213826,0
12323,2023,24,22,3707.0,750,0.2412,2,0.446093,1
12324,2022,24,33,3706.0,540,0.0949,1,0.008593,0
12325,2022,36,47,5690.0,480,0.5537,3,0.006423,0
12326,2022,36,40,3016.0,659,0.1192,1,0.066139,0
12327,2023,36,26,8639.0,657,0.0593,3,0.066345,0
12328,2022,24,22,8291.0,507,0.1464,2,0.003905,0
12329,2021,24,34,6699.0,593,0.163,3,0.011599,0
12330,2022,36,37,5025.0,597,0.154,2,0.022314,0
12331,2021,12,29,7854.0,685,0.1671,3,0.076911,0
12332,2022,48,39,4281.0,586,0.4598,2,0.054919,0
12333,2022,24,43,3421.0,585,0.1788,3,0.019896,0
12334,2022,24,44,8911.0,629,0.4114,1,0.105301,0
12335,2021,36,22,5760.0,509,0.4946,1,0.02207,0
12336,2021,36,24,3491.0,772,0.0749,1,0.557174,1
12337,2021,24,34,3988.0,694,0.3161,1,0.209736,0
12338,2022,24,43,3401.0,563,0.2593,3,0.013625,0
12339,2023,36,42,13509.0,530,0.5523,1,0.008482,0
12340,2021,24,42,4925.0,536,0.0752,3,0.004754,0
12341,2021,48,34,5318.0,666,0.341,2,0.097107,0
12342,2021,48,34,7049.0,539,0.2903,3,0.004744,0
12343,2022,36,30,2677.0,600,0.1211,3,0.025226,0
12344,2022,24,45,8504.0,484,0.2966,3,0.001694,0
12345,2021,24,28,3627.0,663,0.3967,2,0.148355,0
12346,2021,24,46,12271.0,666,0.1683,1,0.054285,0
12347,2022,36,40,4203.0,605,0.3957,2,0.071842,0
12348,2022,12,37,8257.0,635,0.5878,2,0.119527,0
12349,2023,24,31,1410.0,683,0.0932,1,0.210385,0
12350,2021,36,24,2731.0,633,0.1419,1,0.071061,0
12351,2022,12,31,4244.0,682,0.3585,1,0.231774,1
12352,2023,60,34,1780.0,526,0.1823,2,0.007014,0
12353,2023,24,22,6637.0,650,0.2561,1,0.120438,0
12354,2023,24,36,5747.0,635,0.5631,2,0.13065,0
12355,2022,12,47,2995.0,716,0.6807,2,0.469585,1
12356,2021,36,43,4876.0,622,0.09,4,0.017426,0
12357,2021,36,33,7356.0,612,0.0939,1,0.027981,0
12358,2021,36,38,1717.0,575,0.4583,3,0.027546,0
12359,2022,36,32,2600.0,739,0.2045,3,0.449551,0
12360,2022,36,39,4157.0,431,0.4853,3,0.00169,0
12361,2023,48,53,4973.0,660,0.5014,3,0.095412,1
12362,2022,48,47,4773.0,618,0.2808,4,0.039406,1
12363,2023,12,43,7667.0,605,0.2118,2,0.011428,0
12364,2021,12,33,6239.0,593,0.086,3,0.026477,0
12365,2023,12,45,6963.0,615,0.4086,1,0.083227,1
12366,2021,12,22,2453.0,658,0.1242,1,0.134638,0
12367,2021,36,35,5284.0,556,0.3287,1,0.017324,0
12368,2023,12,43,4215.0,630,0.2464,1,0.085642,0
12369,2021,36,45,10209.0,648,0.4708,1,0.084844,0
12370,2021,36,44,5363.0,543,0.3382,4,0.007336,0
12371,2023,24,40,3517.0,660,0.2552,3,0.111487,1
12372,2022,12,36,7527.0,648,0.09,3,0.04626,0
12373,2021,36,43,6514.0,556,0.0507,2,0.009703,0
12374,2022,24,28,3259.0,524,0.1528,1,0.00917,0
12375,2023,36,29,4129.0,555,0.1145,1,0.036163,0
12376,2022,24,38,4164.0,630,0.1646,2,0.045225,0
12377,2023,12,39,9079.0,613,0.5275,2,0.072153,1
12378,2021,36,22,5440.0,731,0.2741,2,0.223509,1
12379,2023,24,42,7068.0,590,0.4578,2,0.038271,0
12380,2023,36,45,3841.0,548,0.5276,1,0.030121,0
12381,2021,12,37,5810.0,672,0.0636,2,0.073001,0
12382,2022,60,61,9430.0,541,0.593,2,0.01191,0
12383,2022,48,31,4103.0,556,0.4415,1,0.045049,0
12384,2022,24,34,5206.0,557,0.5638,3,0.037518,0
12385,2022,36,34,2486.0,380,0.6973,2,0.001046,0
12386,2023,12,37,3352.0,665,0.3962,4,0.193433,0
12387,2022,12,34,4158.0,695,0.1795,2,0.198389,0
12388,2022,24,23,2892.0,693,0.4246,1,0.440101,0
12389,2022,36,32,9518.0,770,0.0704,4,0.169903,0
12390,2022,36,37,3232.0,740,0.6171,2,0.657504,1
12391,2023,24,50,7284.0,593,0.4267,4,0.016729,0
12392,2021,12,60,5396.0,708,0.17,2,0.202342,1
12393,2021,24,51,4991.0,612,0.2931,2,0.048864,0
12394,2023,36,30,10333.0,585,0.4314,1,0.033009,0
12395,2021,36,31,1587.0,559,0.62,1,0.055284,0
12396,2022,12,36,4456.0,598,0.1817,1,0.029348,0
12397,2023,48,55,2864.0,646,0.0917,2,0.049449,0
12398,2021,36,36,1843.0,746,0.0328,2,0.381008,1
12399,2022,12,24,2704.0,678,0.1901,4,0.106812,0
12400,2022,36,32,4957.0,558,0.6331,2,0.029088,0
12401,2023,48,45,3420.0,536,0.2086,1,0.008572,0
12402,2021,60,44,7695.0,665,0.4345,1,0.223341,0
12403,2023,36,35,4416.0,692,0.0904,3,0.152578,0
12404,2022,12,44,4178.0,718,0.2165,3,0.17267,0
12405,2023,24,22,4188.0,598,0.7372,1,0.108194,0
12406,2022,60,39,4679.0,657,0.0947,4,0.042192,0
12407,2021,24,46,3987.0,688,0.5915,1,0.2191,0
12408,2022,24,29,3211.0,511,0.5503,1,0.025066,0
12409,2022,12,29,8059.0,642,0.5559,1,0.223382,0
12410,2021,12,22,3597.0,692,0.3902,3,0.283161,0
12411,2021,36,53,4057.0,660,0.2172,4,0.060435,0
12412,2023,24,30,6092.0,613,0.4152,3,0.062506,0
12413,2023,60,40,5764.0,828,0.0971,1,0.85215,1
12414,2023,24,44,3144.0,774,0.469,3,0.614932,1
12415,2023,36,53,7169.0,620,0.0551,3,0.012921,0
12416,2023,24,36,6431.0,604,0.1902,2,0.030408,0
12417,2022,12,32,5372.0,676,0.0186,1,0.091039,0
12418,2021,12,39,3961.0,615,0.3224,2,0.077649,0
12419,2022,36,50,4010.0,721,0.1279,1,0.268817,0
12420,2023,12,36,4443.0,518,0.2293,1,0.006978,0
12421,2022,12,28,2655.0,600,0.1413,2,0.045592,0
12422,2022,60,22,4819.0,674,0.3254,1,0.334033,0
12423,2021,60,25,7678.0,700,0.293,1,0.236612,0
12424,2021,36,46,7617.0,501,0.4707,1,0.00615,0
12425,2022,12,34,4063.0,543,0.1866,3,0.005433,0
12426,2023,36,31,8367.0,485,0.3619,1,0.003094,0
12427,2021,24,30,12746.0,550,0.3439,4,0.005693,0
12428,2022,12,38,4196.0,517,0.0944,3,0.004077,0
12429,2021,24,35,6945.0,663,0.277,1,0.109649,0
12430,2021,36,35,1585.0,638,0.2005,1,0.112337,0
12431,2021,24,51,2620.0,607,0.1581,1,0.028536,0
12432,2021,24,53,5144.0,622,0.1696,3,0.036377,0
12433,2021,60,22,2971.0,715,0.4142,2,0.47097,0
12434,2021,24,41,13624.0,536,0.1461,3,0.003344,0
12435,2022,36,30,6627.0,465,0.1028,1,0.00213,0
12436,2021,24,35,7966.0,676,0.6364,1,0.268174,1
12437,2022,48,41,4844.0,588,0.2855,2,0.031371,0
12438,2023,24,35,2976.0,538,0.7606,3,0.055218,0
12439,2022,60,40,3792.0,664,0.306,3,0.11143,0
12440,2022,36,44,5581.0,462,0.1843,4,0.001,0
12441,2022,24,40,3573.0,551,0.1585,1,0.011943,0
12442,2021,24,31,6875.0,428,0.206,3,0.001,0
12443,2022,48,31,7014.0,640,0.2796,1,0.127894,0
12444,2023,36,23,4927.0,745,0.5723,4,0.599787,0
12445,2022,36,29,1973.0,574,0.3987,1,0.06647,0
12446,2022,36,57,11584.0,556,0.1873,1,0.009658,0
12447,2022,48,30,4419.0,762,0.1802,4,0.27693,0
12448,2023,48,26,19046.0,670,0.2813,1,0.075077,0
12449,2021,36,41,6811.0,810,0.1353,3,0.544152,0
12450,2021,48,36,4425.0,632,0.3132,3,0.071101,0
12451,2022,24,36,6148.0,638,0.0977,1,0.047063,0
12452,2022,48,52,1791.0,735,0.5592,2,0.455002,0
12453,2022,36,43,8210.0,608,0.3687,1,0.071074,0
12454,2022,24,32,17738.0,639,0.3741,1,0.037169,0
12455,2022,12,33,1729.0,426,0.1586,1,0.00166,0
12456,2021,60,32,4257.0,759,0.3913,4,0.489703,1
12457,2021,60,46,4663.0,651,0.2304,2,0.061338,0
12458,2022,24,34,7613.0,611,0.4547,2,0.041693,0
12459,2021,36,22,14087.0,692,0.4753,4,0.083099,0
12460,2021,24,37,5952.0,525,0.4822,3,0.009378,0
12461,2021,12,22,14341.0,575,0.0363,4,0.004257,0
12462,2021,60,59,5352.0,664,0.4602,2,0.155395,0
12463,2023,60,28,6159.0,623,0.2782,1,0.14257,0
12464,2023,24,36,5791.0,655,0.3586,2,0.136416,0
12465,2021,36,40,9047.0,639,0.337,2,0.046013,0
12466,2023,12,35,3979.0,670,0.387,3,0.113868,0
12467,2022,24,35,7399.0,514,0.425,1,0.012718,0
12468,2022,36,42,2656.0,722,0.5527,2,0.335426,0
12469,2023,12,53,4263.0,581,0.1841,2,0.011669,0
12470,2021,36,45,3575.0,624,0.2041,2,0.036024,0
12471,2022,60,52,5136.0,571,0.0983,1,0.015048,0
12472,2022,48,27,4196.0,597,0.4299,2,0.051276,0
12473,2022,24,41,8657.0,638,0.0771,2,0.035727,0
12474,2023,24,39,3167.0,678,0.3296,1,0.200017,0
12475,2022,36,41,2068.0,692,0.0508,1,0.1235,0
12476,2022,24,51,2493.0,654,0.1723,1,0.144941,0
12477,2022,36,35,8079.0,572,0.2431,1,0.028198,0
12478,2021,24,33,3027.0,649,0.5321,1,0.351381,0
12479,2021,36,43,5996.0,639,0.0562,2,0.053496,0
12480,2022,24,22,4241.0,624,0.3475,1,0.105378,0
12481,2021,48,35,7421.0,662,0.1961,3,0.069412,0
12482,2022,48,36,4379.0,517,0.2648,4,0.005425,0
12483,2021,24,28,19578.0,457,0.402,2,0.001,0
12484,2021,12,48,12696.0,715,0.6313,1,0.38043,0
12485,2022,36,27,4198.0,609,0.3814,2,0.053816,0
12486,2021,36,36,3920.0,653,0.2319,1,0.151376,0
12487,2021,12,40,20000.0,550,0.578,3,0.009128,0
12488,2022,24,51,2866.0,720,0.2265,2,0.313469,1
12489,2022,48,37,4781.0,648,0.3278,1,0.130224,0
12490,2023,48,47,4970.0,605,0.4695,2,0.053292,0
12491,2022,24,45,4909.0,642,0.1831,2,0.083947,0
12492,2021,12,39,2060.0,480,0.0627,1,0.004063,0
12493,2022,12,27,6300.0,649,0.171,1,0.07991,0
12494,2023,60,23,3025.0,738,0.0257,1,0.363868,0
12495,2021,36,39,10077.0,645,0.1531,2,0.032578,0
12496,2021,12,32,2373.0,634,0.158,2,0.043042,0
12497,2023,12,47,5063.0,594,0.2317,3,0.030236,0
12498,2022,36,45,1623.0,706,0.0261,3,0.087715,0
12499,2023,48,36,1674.0,718,0.5591,1,0.705898,0
12500,2023,12,26,3230.0,585,0.2451,3,0.030412,0
12501,2022,48,43,3466.0,648,0.307,1,0.152222,0
12502,2022,24,27,10228.0,638,0.2711,1,0.067404,0
12503,2022,24,30,4816.0,652,0.1805,1,0.10161,0
12504,2023,12,28,9379.0,558,0.085,3,0.005373,0
12505,2022,24,36,4065.0,711,0.4639,1,0.569996,0
12506,2022,60,49,6654.0,665,0.2137,2,0.084396,0
12507,2022,60,37,3420.0,716,0.1428,2,0.148297,0
12508,2023,36,33,3305.0,530,0.4032,2,0.01427,0
12509,2021,36,22,1977.0,535,0.2665,3,0.00883,0
12510,2021,60,43,5813.0,784,0.7002,1,0.842957,1
12511,2022,48,30,5603.0,711,0.4542,4,0.284229,0
12512,2023,36,39,7249.0,554,0.3384,2,0.008403,0
12513,2023,24,34,5472.0,689,0.1376,3,0.055947,0
12514,2023,24,46,13536.0,582,0.278,1,0.017897,0
12515,2022,24,36,5367.0,484,0.3983,4,0.001741,0
12516,2023,60,37,8070.0,451,0.516,1,0.004493,0
12517,2021,24,42,4179.0,618,0.3273,3,0.031245,0
12518,2023,60,59,3121.0,744,0.1438,3,0.19318,0
12519,2023,48,46,7036.0,741,0.2341,2,0.389471,1
12520,2022,48,37,4701.0,720,0.1087,3,0.200998,0
12521,2021,60,38,7450.0,686,0.0921,1,0.17987,0
12522,2022,48,32,5863.0,645,0.2908,1,0.063235,0
12523,2023,60,28,3306.0,712,0.2714,2,0.331531,0
12524,2022,36,32,8410.0,459,0.2221,1,0.001358,0
12525,2022,48,30,3179.0,699,0.0732,3,0.178201,0
12526,2022,48,44,6719.0,530,0.1738,1,0.00675,0
12527,2023,24,27,9328.0,546,0.1253,2,0.003539,0
12528,2021,48,51,4055.0,675,0.611,1,0.267069,0
12529,2023,60,45,8760.0,694,0.4871,1,0.336113,1
12530,2021,12,38,5996.0,571,0.3369,1,0.019038,0
12531,2022,12,38,7525.0,671,0.2699,1,0.103291,0
12532,2022,36,32,3234.0,665,0.2517,3,0.110951,0
12533,2021,24,40,5471.0,595,0.136,4,0.015671,0
12534,2021,12,48,2431.0,632,0.2656,2,0.086395,0
12535,2021,12,30,11564.0,786,0.199,1,0.492609,1
12536,2021,36,22,1795.0,597,0.4202,3,0.077264,0
12537,2021,36,45,4116.0,600,0.286,1,0.045395,0
12538,2021,48,41,3085.0,632,0.2205,1,0.09067,0
12539,2021,24,26,6887.0,605,0.3642,4,0.018215,0
12540,2021,36,30,12861.0,683,0.2977,1,0.119931,0
12541,2022,24,29,6819.0,737,0.4001,2,0.364957,0
12542,2023,36,30,20000.0,600,0.2143,4,0.006229,0
12543,2022,36,34,2468.0,551,0.5345,3,0.014973,0
12544,2021,12,35,2564.0,777,0.1732,3,0.444889,0
12545,2022,48,31,3145.0,629,0.2449,1,0.086719,0
12546,2023,60,30,5222.0,483,0.3305,3,0.004572,0
12547,2021,60,35,2941.0,768,0.1434,1,0.519528,0
12548,2023,36,39,3375.0,710,0.2845,2,0.307772,1
12549,2022,12,34,6703.0,748,0.3163,2,0.450158,0
12550,2022,60,49,2645.0,734,0.0925,2,0.303266,1
12551,2021,12,43,2789.0,831,0.4366,3,0.838215,1
12552,2022,24,22,4027.0,537,0.2462,2,0.016529,0
12553,2021,24,43,4221.0,556,0.3294,3,0.013156,0
12554,2021,60,44,8144.0,580,0.1935,4,0.005646,0
12555,2023,36,33,3133.0,578,0.4322,3,0.021664,0
12556,2021,24,23,3428.0,629,0.2978,4,0.063241,0
12557,2022,12,38,6574.0,580,0.065,1,0.018849,0
12558,2021,24,37,7337.0,524,0.4602,3,0.011037,0
12559,2022,36,26,10040.0,550,0.6592,2,0.039668,0
12560,2021,48,23,6214.0,596,0.1617,3,0.020316,0
12561,2022,60,37,5246.0,711,0.2912,1,0.254292,0
12562,2021,60,35,6552.0,573,0.2371,2,0.020624,0
12563,2023,24,33,4300.0,684,0.0492,1,0.178913,0
12564,2021,24,37,4284.0,514,0.2511,2,0.004487,0
12565,2021,48,26,2024.0,364,0.1556,1,0.001,0
12566,2021,36,33,7683.0,609,0.4678,2,0.02878,0
12567,2021,24,43,5463.0,571,0.3303,3,0.017685,0
12568,2022,24,34,7248.0,549,0.1824,1,0.019075,0
12569,2022,24,22,1202.0,540,0.231,3,0.015539,0
12570,2022,36,33,4800.0,563,0.5215,3,0.016984,0
12571,2021,24,27,3204.0,541,0.0315,3,0.003743,0
12572,2022,36,40,10412.0,548,0.5824,1,0.022346,0
12573,2022,24,41,6682.0,511,0.4981,1,0.015634,0
12574,2021,60,22,5525.0,449,0.4237,2,0.004512,0
12575,2023,36,45,3960.0,443,0.0909,1,0.001366,0
12576,2021,60,26,5995.0,816,0.5846,2,0.762394,0
12577,2021,24,53,3090.0,614,0.2183,4,0.022734,0
12578,2021,24,37,4676.0,741,0.2645,1,0.475275,1
12579,2021,48,25,3681.0,605,0.0601,1,0.043252,0
12580,2021,24,26,15264.0,608,0.214,2,0.021527,0
12581,2023,24,41,10249.0,644,0.237,4,0.015069,0
12582,2021,24,34,8363.0,671,0.488,1,0.258815,0
12583,2023,24,37,2333.0,520,0.2452,4,0.003416,0
12584,2023,36,54,7571.0,589,0.218,2,0.017174,0
12585,2023,24,31,5398.0,644,0.423,3,0.155304,0
12586,2022,36,38,9061.0,465,0.6164,1,0.005326,0
12587,2022,48,52,5774.0,723,0.278,2,0.196826,0
12588,2021,24,40,4898.0,705,0.0882,1,0.239312,0
12589,2021,12,22,5524.0,451,0.1479,2,0.001063,0
12590,2021,24,43,1993.0,549,0.3981,2,0.028757,0
12591,2022,12,26,3349.0,628,0.2844,3,0.047899,0
12592,2022,12,52,5923.0,687,0.2439,1,0.120097,0
12593,2023,48,29,8688.0,742,0.0488,1,0.379869,0
12594,2023,48,67,3732.0,569,0.1843,4,0.007312,0
12595,2022,36,52,4816.0,807,0.2001,1,0.759964,1
12596,2023,36,30,2207.0,616,0.2743,1,0.100811,0
12597,2022,36,38,10195.0,602,0.0808,2,0.008416,0
12598,2021,60,45,8577.0,664,0.1112,3,0.052341,0
12599,2021,36,45,6809.0,644,0.2747,1,0.087241,1
12600,2021,24,42,6023.0,640,0.695,2,0.108159,0
12601,2023,12,50,10682.0,779,0.1327,2,0.364509,1
12602,2023,36,36,3286.0,639,0.3181,3,0.061291,0
12603,2021,48,34,3113.0,541,0.2741,3,0.011053,0
12604,2022,36,34,8356.0,552,0.0911,1,0.007206,0
12605,2023,60,46,8080.0,737,0.1003,2,0.287547,1
12606,2022,24,41,2706.0,674,0.4265,2,0.224284,0
12607,2021,24,40,3768.0,495,0.2932,2,0.006355,0
12608,2022,12,45,11436.0,491,0.4849,3,0.002692,0
12609,2022,36,22,6038.0,622,0.343,1,0.101148,0
12610,2022,24,41,7285.0,669,0.1684,1,0.158375,0
12611,2022,24,40,2753.0,565,0.2592,3,0.017135,0
12612,2023,12,54,6825.0,485,0.0812,2,0.001836,0
12613,2022,36,22,2417.0,529,0.2922,2,0.018035,0
12614,2022,48,53,1826.0,751,0.4787,3,0.59915,0
12615,2022,24,38,7069.0,659,0.5306,1,0.116864,0
12616,2021,36,42,10069.0,700,0.0185,1,0.063285,0
12617,2021,36,54,4329.0,713,0.2098,2,0.264741,1
12618,2022,12,43,3740.0,569,0.2405,1,0.02852,0
12619,2023,24,42,11561.0,590,0.6183,3,0.023059,0
12620,2021,12,40,4459.0,606,0.6907,1,0.108977,0
12621,2022,12,33,4756.0,653,0.2954,2,0.118624,0
12622,2021,12,37,11464.0,707,0.1471,3,0.08467,0
12623,2022,12,30,4118.0,769,0.2073,1,0.473998,0
12624,2022,24,37,3544.0,685,0.2581,1,0.141313,0
12625,2021,36,22,7389.0,685,0.2381,4,0.088514,0
12626,2023,36,42,3443.0,774,0.0649,4,0.287245,0
12627,2023,24,36,4572.0,603,0.3044,3,0.026519,0
12628,2023,24,34,2541.0,715,0.5558,1,0.567645,1
12629,2021,48,40,5392.0,666,0.2068,3,0.080414,0
12630,2023,36,23,5085.0,669,0.2044,4,0.095186,0
12631,2021,60,57,7975.0,602,0.0927,3,0.011783,0
12632,2021,12,36,7545.0,508,0.4281,2,0.008768,0
12633,2022,12,36,6475.0,647,0.6893,1,0.153648,0
12634,2023,36,28,5986.0,647,0.0982,1,0.107493,0
12635,2022,24,38,4738.0,573,0.1842,1,0.011825,0
12636,2021,24,51,6666.0,612,0.2206,2,0.036585,0
12637,2022,24,48,2818.0,549,0.2793,1,0.015824,0
12638,2023,24,46,1519.0,550,0.2659,2,0.015743,0
12639,2023,12,43,8786.0,581,0.2513,2,0.014843,0
12640,2021,12,34,6885.0,513,0.0713,1,0.003588,0
12641,2021,12,23,4612.0,573,0.2468,1,0.024686,0
12642,2023,48,35,8411.0,677,0.3578,3,0.166077,0
12643,2023,48,35,3409.0,736,0.6707,2,0.609792,1
12644,2023,60,48,3454.0,786,0.2866,1,0.771181,1
12645,2021,36,41,3223.0,587,0.5322,2,0.051516,0
12646,2021,60,54,6528.0,716,0.2777,2,0.259109,0
12647,2023,24,49,2227.0,646,0.4476,1,0.172088,0
12648,2022,24,33,3349.0,601,0.1909,4,0.019224,0
12649,2022,12,22,5681.0,652,0.2729,3,0.077204,0
12650,2021,24,51,2692.0,708,0.1167,2,0.235885,0
12651,2021,24,51,3533.0,580,0.2372,1,0.025857,1
12652,2021,24,24,1627.0,578,0.2534,1,0.059225,0
12653,2022,24,53,6654.0,587,0.414,2,0.027463,0
12654,2021,36,41,3485.0,569,0.175,4,0.008503,0
12655,2021,24,39,2837.0,715,0.3177,2,0.396095,1
12656,2021,48,54,2572.0,558,0.1645,1,0.029477,0
12657,2022,36,51,3987.0,572,0.1787,2,0.01443,0
12658,2021,36,44,2230.0,644,0.3553,4,0.066045,0
12659,2021,60,42,12980.0,638,0.6369,2,0.101085,0
12660,2023,36,44,1492.0,587,0.2298,3,0.020904,0
12661,2021,36,33,3923.0,754,0.0712,3,0.210569,0
12662,2021,36,37,5185.0,569,0.2274,1,0.019863,0
12663,2021,48,28,3335.0,606,0.3279,2,0.088538,0
12664,2023,48,34,5465.0,465,0.2397,1,0.002757,0
12665,2021,60,34,3295.0,595,0.234,1,0.044136,0
12666,2021,24,31,10562.0,514,0.3336,2,0.003642,0
12667,2021,36,39,2809.0,546,0.2405,1,0.012296,0
12668,2022,24,34,1517.0,463,0.2758,1,0.005924,0
12669,2022,36,43,2568.0,548,0.2522,1,0.022114,0
12670,2021,36,22,5963.0,613,0.1577,3,0.030162,0
12671,2023,36,36,4633.0,600,0.6832,1,0.104406,0
12672,2022,24,39,7159.0,586,0.4533,3,0.022429,0
12673,2021,12,34,6316.0,594,0.313,2,0.035825,0
12674,2023,24,36,3575.0,579,0.3676,4,0.020652,0
12675,2022,36,22,3849.0,617,0.1967,1,0.056506,0
12676,2021,24,41,4053.0,611,0.1772,3,0.032845,0
12677,2022,24,44,12609.0,641,0.263,2,0.028324,0
12678,2022,48,42,6942.0,603,0.4434,1,0.0599,0
12679,2022,60,48,12655.0,585,0.1144,3,0.004447,0
12680,2021,36,40,7483.0,682,0.2317,2,0.138325,0
12681,2023,60,42,4761.0,668,0.1785,2,0.073513,0
12682,2022,24,39,2952.0,617,0.2886,2,0.056782,0
12683,2022,60,44,5436.0,715,0.1928,1,0.298332,0
12684,2022,36,22,4767.0,626,0.2367,2,0.066568,0
12685,2023,12,29,4690.0,607,0.4103,1,0.048996,0
12686,2023,48,53,4427.0,614,0.5183,1,0.057173,0
12687,2022,24,22,1761.0,633,0.2168,2,0.107331,0
12688,2021,36,36,9232.0,546,0.5669,2,0.009997,0
12689,2023,48,49,4792.0,470,0.096,1,0.003086,0
12690,2021,24,37,2423.0,642,0.4395,1,0.207697,0
12691,2022,36,33,6253.0,686,0.2789,1,0.255517,0
12692,2023,60,39,3204.0,539,0.4283,1,0.030368,0
12693,2021,36,34,6510.0,705,0.1848,2,0.218942,1
12694,2021,36,38,7638.0,488,0.1083,2,0.002172,0
12695,2022,12,31,8183.0,575,0.3165,3,0.015367,0
12696,2021,12,49,4535.0,756,0.3333,2,0.515866,1
12697,2021,36,52,3996.0,648,0.4018,1,0.125406,0
12698,2022,60,36,3595.0,595,0.504,2,0.0691,0
12699,2022,48,24,3425.0,640,0.1486,4,0.031446,0
12700,2021,24,32,4873.0,715,0.5015,3,0.298615,0
12701,2023,36,36,4426.0,504,0.2005,3,0.003031,0
12702,2022,24,43,3253.0,725,0.0996,2,0.251289,0
12703,2022,36,27,2774.0,580,0.2376,1,0.03681,0
12704,2022,24,30,4655.0,676,0.5248,2,0.269365,1
12705,2021,48,43,3956.0,570,0.5174,2,0.035099,0
12706,2021,36,47,2778.0,754,0.4347,3,0.518716,0
12707,2021,12,31,7445.0,617,0.311,4,0.036834,0
12708,2023,48,24,11921.0,513,0.3176,3,0.003657,0
12709,2022,24,70,7953.0,657,0.4016,2,0.078614,0
12710,2021,36,45,3429.0,724,0.1729,1,0.350503,1
12711,2021,12,35,4793.0,715,0.1983,2,0.175135,0
12712,2022,24,46,10617.0,627,0.221,3,0.02241,0
12713,2022,12,36,2733.0,684,0.1236,3,0.127363,0
12714,2023,48,46,7268.0,586,0.0864,2,0.017801,0
12715,2022,48,39,2383.0,667,0.2466,1,0.173604,0
12716,2021,24,38,11407.0,649,0.0774,1,0.050627,0
12717,2022,24,36,3963.0,388,0.5562,1,0.001163,0
12718,2023,24,23,14981.0,539,0.1861,2,0.005689,0
12719,2021,12,57,11661.0,636,0.1048,2,0.027648,0
12720,2022,24,28,4660.0,633,0.2742,2,0.091603,0
12721,2023,36,24,3430.0,617,0.0807,2,0.038199,0
12722,2021,36,35,5417.0,627,0.2584,4,0.028734,0
12723,2022,60,28,4491.0,716,0.578,3,0.51723,1
12724,2021,24,37,4021.0,648,0.2186,3,0.093099,0
12725,2022,24,44,2145.0,433,0.2316,2,0.001,0
12726,2022,12,47,3800.0,775,0.3729,1,0.805043,0
12727,2022,48,46,2821.0,467,0.4367,4,0.003524,0
12728,2023,24,34,6476.0,696,0.077,1,0.198953,0
12729,2022,36,38,8067.0,494,0.246,1,0.003435,0
12730,2023,36,42,7118.0,733,0.597,3,0.357041,1
12731,2022,60,22,5832.0,597,0.1229,1,0.018272,0
12732,2022,12,43,3208.0,650,0.4903,2,0.12018,1
12733,2021,48,23,5446.0,461,0.1025,3,0.002084,0
12734,2021,12,58,7305.0,678,0.1138,3,0.030369,0
12735,2022,60,33,3666.0,653,0.4812,2,0.215145,0
12736,2023,36,36,5216.0,669,0.0198,2,0.076555,0
12737,2022,24,30,4570.0,695,0.084,1,0.174433,0
12738,2022,24,31,11284.0,634,0.3929,2,0.054839,0
12739,2022,48,60,7523.0,603,0.5069,2,0.069141,1
12740,2023,36,47,6665.0,555,0.6261,2,0.021854,0
12741,2023,12,22,2083.0,584,0.1279,1,0.028805,0
12742,2023,24,53,5358.0,716,0.163,3,0.17314,1
12743,2022,36,49,4548.0,552,0.3456,2,0.012849,0
12744,2021,36,35,4529.0,472,0.2575,1,0.00656,0
12745,2022,60,41,2249.0,540,0.2011,1,0.018708,0
12746,2022,36,37,2853.0,668,0.0807,3,0.05644,0
12747,2021,24,57,4750.0,595,0.1618,1,0.031364,1
12748,2022,48,30,8580.0,668,0.2564,2,0.105153,0
12749,2023,48,39,3658.0,459,0.0591,2,0.001,0
12750,2022,36,33,4024.0,381,0.1889,2,0.001,0
12751,2021,24,23,11975.0,641,0.1704,3,0.021221,0
12752,2022,12,59,4237.0,700,0.3261,3,0.220923,0
12753,2022,12,26,4608.0,483,0.5535,4,0.003731,0
12754,2022,24,40,4640.0,662,0.4447,3,0.228967,0
12755,2021,24,22,2508.0,715,0.3466,1,0.56153,0
12756,2021,24,34,6541.0,619,0.1986,2,0.040621,0
12757,2022,36,42,3546.0,692,0.2774,2,0.219902,1
12758,2021,36,29,4841.0,635,0.1669,2,0.048758,0
12759,2023,24,43,6138.0,598,0.3603,1,0.060429,0
12760,2022,12,35,12981.0,685,0.1363,3,0.056656,0
12761,2023,24,49,2543.0,773,0.3448,4,0.442429,0
12762,2022,36,51,7574.0,575,0.3054,1,0.023549,0
12763,2021,36,32,7588.0,612,0.1111,1,0.039191,0
12764,2021,36,38,3572.0,540,0.5512,1,0.051773,0
12765,2021,24,39,6633.0,632,0.1964,4,0.019478,0
12766,2021,12,44,11178.0,607,0.1535,2,0.01602,0
12767,2021,24,38,3353.0,712,0.103,1,0.236061,0
12768,2023,12,39,5545.0,733,0.4358,1,0.550612,0
12769,2023,24,35,6017.0,683,0.1157,4,0.060323,0
12770,2022,24,39,6419.0,703,0.0382,1,0.24251,1
12771,2023,48,50,7220.0,563,0.2204,1,0.015131,0
12772,2021,36,44,5341.0,543,0.3985,2,0.017559,0
12773,2021,36,45,6353.0,654,0.4,1,0.209956,1
12774,2021,24,45,3116.0,621,0.3623,1,0.106814,0
12775,2022,24,36,5335.0,779,0.1617,3,0.431386,1
12776,2022,48,41,3873.0,466,0.0728,4,0.001,0
12777,2022,24,27,2657.0,669,0.1566,1,0.212113,0
12778,2021,36,50,3810.0,668,0.4564,2,0.160612,0
12779,2023,12,22,5624.0,559,0.352,1,0.038394,0
12780,2022,48,37,6111.0,542,0.1468,2,0.009763,0
12781,2021,48,49,2607.0,592,0.4309,3,0.060299,0
12782,2022,24,24,3075.0,488,0.0582,2,0.001654,0
12783,2023,60,41,7061.0,736,0.1079,3,0.183813,1
12784,2021,24,31,6336.0,836,0.4532,2,0.737829,1
12785,2021,36,34,7658.0,592,0.0981,4,0.011149,0
12786,2023,36,47,9739.0,568,0.0894,2,0.005821,0
12787,2022,24,39,6431.0,515,0.0794,3,0.002736,0
12788,2023,24,22,3994.0,532,0.0482,1,0.00674,0
12789,2023,36,28,5205.0,572,0.2978,1,0.057833,0
12790,2023,24,47,11271.0,716,0.2566,1,0.122119,0
12791,2022,24,42,19579.0,850,0.425,1,0.675749,1
12792,2022,36,55,6195.0,562,0.3912,1,0.024534,0
12793,2022,24,54,6424.0,547,0.5253,1,0.019754,0
12794,2023,36,34,7065.0,526,0.423,2,0.017695,0
12795,2021,48,63,4974.0,656,0.287,2,0.065725,1
12796,2021,48,38,8795.0,647,0.5244,2,0.13388,0
12797,2022,24,28,8136.0,628,0.1391,1,0.045059,0
12798,2022,24,31,5868.0,584,0.3172,1,0.033713,0
12799,2023,48,22,4192.0,728,0.2805,3,0.327386,0
12800,2023,24,54,2298.0,681,0.3204,3,0.150426,0
12801,2022,24,53,7088.0,677,0.2007,1,0.12777,0
12802,2021,60,27,5467.0,649,0.0921,2,0.046416,0
12803,2021,12,35,3399.0,604,0.1827,2,0.04981,0
12804,2021,24,38,2793.0,562,0.5803,2,0.042468,0
12805,2023,36,28,6841.0,661,0.2918,2,0.067784,0
12806,2021,24,22,2207.0,653,0.2042,2,0.085216,0
12807,2023,12,35,5709.0,665,0.1016,2,0.071891,0
12808,2021,24,34,7493.0,494,0.0793,2,0.003541,1
12809,2021,24,34,6470.0,647,0.4689,2,0.111872,0
12810,2021,36,40,4043.0,595,0.5425,2,0.063548,0
12811,2022,60,52,2632.0,549,0.1246,3,0.006787,0
12812,2023,60,34,6591.0,678,0.1453,1,0.099988,1
12813,2021,36,39,8958.0,634,0.6092,2,0.080199,0
12814,2022,24,45,3691.0,808,0.0775,2,0.533976,0
12815,2021,36,43,6333.0,658,0.1299,2,0.06111,1
12816,2023,24,31,10837.0,596,0.1177,1,0.017818,0
12817,2021,12,38,5822.0,611,0.4204,1,0.075341,0
12818,2023,24,43,4030.0,526,0.1715,2,0.007445,0
12819,2022,24,26,8270.0,718,0.2362,3,0.253775,0
12820,2022,24,50,3399.0,645,0.451,1,0.115665,0
12821,2022,12,52,2568.0,646,0.1063,3,0.032903,0
12822,2022,36,30,7377.0,534,0.117,3,0.002899,0
12823,2023,12,39,4011.0,682,0.6224,3,0.196379,0
12824,2022,48,44,4195.0,545,0.2138,4,0.006531,0
12825,2022,12,32,3592.0,575,0.3527,2,0.025474,0
12826,2023,36,42,3880.0,630,0.5085,4,0.044028,0
12827,2021,36,39,9912.0,573,0.3823,2,0.017615,0
12828,2021,48,23,11285.0,556,0.2864,2,0.010523,0
12829,2022,24,42,12058.0,615,0.5951,2,0.0692,0
12830,2021,48,26,8477.0,700,0.4026,3,0.225309,0
12831,2021,60,47,6205.0,691,0.0384,3,0.055499,0
12832,2021,24,31,2402.0,676,0.134,2,0.121748,0
12833,2022,12,36,4475.0,658,0.1302,3,0.047803,0
12834,2022,48,51,14449.0,581,0.2855,1,0.013061,0
12835,2022,24,42,3953.0,709,0.1231,2,0.101409,0
12836,2021,36,27,10478.0,481,0.1913,1,0.001703,0
12837,2023,36,27,5052.0,654,0.6804,2,0.189188,0
12838,2023,36,32,1288.0,687,0.1279,1,0.172147,0
12839,2022,24,41,6770.0,612,0.361,1,0.062578,0
12840,2023,36,41,9257.0,562,0.1352,1,0.014213,0
12841,2022,36,29,4796.0,617,0.2088,3,0.038097,0
12842,2022,24,26,9105.0,559,0.5222,2,0.025342,0
12843,2023,24,40,2135.0,661,0.3897,4,0.13219,0
12844,2021,36,36,2458.0,695,0.1798,2,0.159489,0
12845,2023,48,59,5445.0,655,0.4889,2,0.104387,0
12846,2021,24,38,6239.0,650,0.4314,3,0.12419,0
12847,2023,12,56,9685.0,680,0.2872,1,0.121599,0
12848,2023,36,26,6765.0,690,0.4488,4,0.143759,0
12849,2022,24,22,2706.0,557,0.1565,2,0.014749,0
12850,2022,48,26,5467.0,496,0.2629,3,0.002454,0
12851,2022,24,49,6637.0,642,0.1075,3,0.026079,0
12852,2022,48,55,1925.0,693,0.4743,1,0.255983,0
12853,2021,24,30,4809.0,493,0.3666,4,0.004062,0
12854,2023,36,33,4156.0,625,0.3939,1,0.071906,0
12855,2022,24,26,3543.0,710,0.4011,4,0.226564,0
12856,2021,24,22,6307.0,610,0.3072,1,0.058263,0
12857,2023,36,45,2766.0,741,0.2879,1,0.417019,1
12858,2022,48,40,6054.0,726,0.0293,4,0.105617,0
12859,2023,36,38,6501.0,605,0.3848,1,0.066593,1
12860,2022,36,23,8450.0,590,0.4399,1,0.040297,0
12861,2022,24,54,2803.0,592,0.2019,3,0.01803,0
12862,2021,12,32,2316.0,630,0.1544,1,0.081778,0
12863,2022,24,43,5650.0,526,0.4067,1,0.012859,0
12864,2022,24,23,4259.0,511,0.1584,2,0.006429,0
12865,2021,48,36,20000.0,438,0.246,2,0.001,0
12866,2021,12,40,6181.0,618,0.2122,3,0.033077,0
12867,2023,36,41,5060.0,783,0.1866,1,0.451684,1
12868,2022,24,39,4508.0,460,0.3615,4,0.00225,0
12869,2023,24,42,2673.0,605,0.0732,1,0.044793,0
12870,2023,36,26,6516.0,602,0.4437,3,0.041453,0
12871,2023,24,39,4724.0,607,0.3571,3,0.033118,0
12872,2021,24,39,4726.0,720,0.4493,2,0.298165,0
12873,2022,48,40,5152.0,548,0.3847,4,0.008116,0
12874,2022,36,38,5490.0,464,0.2589,2,0.00232,0
12875,2023,36,25,2060.0,577,0.2731,3,0.015912,1
12876,2021,60,24,7469.0,566,0.6464,1,0.063185,0
12877,2022,36,22,3219.0,441,0.2666,1,0.001495,0
12878,2021,36,46,4587.0,639,0.3119,1,0.149279,0
12879,2021,24,46,9348.0,525,0.1736,3,0.002944,0
12880,2023,24,46,11965.0,613,0.4213,2,0.044423,0
12881,2023,12,41,2100.0,590,0.2149,2,0.035633,0
12882,2021,36,22,4990.0,534,0.4181,2,0.012289,0
12883,2023,60,27,5633.0,691,0.1988,2,0.231075,0
12884,2022,36,39,2313.0,597,0.4541,1,0.087875,0
12885,2022,24,39,7341.0,624,0.7627,1,0.267021,0
12886,2021,60,35,5209.0,666,0.0219,3,0.049852,0
12887,2022,24,41,5416.0,643,0.5598,4,0.051596,0
12888,2022,24,38,3106.0,631,0.5288,1,0.120053,0
12889,2021,36,39,6042.0,554,0.1698,2,0.014271,0
12890,2022,24,31,7473.0,531,0.3046,3,0.007144,0
12891,2023,36,47,5238.0,632,0.2724,4,0.040922,0
12892,2023,36,33,3801.0,543,0.6382,2,0.043766,0
12893,2021,24,24,3952.0,683,0.363,1,0.356768,1
12894,2021,36,30,5487.0,609,0.4353,2,0.090085,0
12895,2023,60,34,5036.0,671,0.4382,2,0.172225,0
12896,2023,60,47,7726.0,541,0.5334,2,0.029873,0
12897,2023,12,37,3866.0,528,0.1608,1,0.006339,0
12898,2023,24,36,2673.0,754,0.2014,1,0.646511,1
12899,2021,48,25,5882.0,608,0.2534,3,0.04097,0
12900,2022,12,45,3871.0,693,0.3126,4,0.152168,0
12901,2022,36,31,7272.0,507,0.4101,2,0.005015,0
12902,2022,36,36,4933.0,597,0.2178,2,0.053965,0
12903,2023,24,52,6819.0,724,0.1534,1,0.144738,0
12904,2022,24,43,2960.0,494,0.1011,1,0.001831,0
12905,2021,12,22,5280.0,802,0.189,1,0.552996,0
12906,2023,12,22,3465.0,636,0.2948,1,0.165573,1
12907,2022,60,37,2670.0,554,0.2322,1,0.010546,0
12908,2023,60,25,3195.0,648,0.0087,1,0.069816,0
12909,2023,24,44,3743.0,708,0.3393,1,0.304244,1
12910,2021,36,38,9158.0,553,0.2051,1,0.015499,0
12911,2021,48,39,3694.0,565,0.3587,4,0.012272,0
12912,2022,36,30,2603.0,639,0.162,1,0.132472,0
12913,2023,12,55,5249.0,657,0.0649,2,0.039848,0
12914,2022,48,66,4987.0,604,0.1723,1,0.044029,0
12915,2022,36,35,3843.0,652,0.1665,2,0.125763,0
12916,2022,48,41,4534.0,688,0.4829,1,0.285008,0
12917,2022,48,38,8007.0,633,0.048,2,0.031541,0
12918,2022,24,35,6873.0,564,0.2978,1,0.016406,0
12919,2023,48,29,6582.0,618,0.2612,2,0.050646,0
12920,2023,60,27,2719.0,760,0.2293,1,0.600858,1
12921,2021,48,26,20000.0,646,0.4052,2,0.04546,0
12922,2022,60,42,8313.0,719,0.6494,3,0.34743,1
12923,2023,36,32,6365.0,578,0.5264,2,0.021577,0
12924,2021,24,22,2746.0,641,0.337,4,0.080288,0
12925,2023,24,42,7894.0,683,0.4107,1,0.191891,0
12926,2021,60,37,3825.0,739,0.3817,1,0.51172,0
12927,2021,24,51,4460.0,718,0.2438,1,0.310016,0
12928,2022,36,41,2121.0,530,0.0311,1,0.013026,0
12929,2021,24,23,2642.0,712,0.3004,1,0.405571,0
12930,2022,60,22,6120.0,754,0.0933,1,0.538183,0
12931,2023,36,30,8128.0,574,0.6247,1,0.087912,0
12932,2021,48,31,6922.0,548,0.1281,1,0.010922,0
12933,2021,24,47,6805.0,618,0.5277,1,0.117389,0
12934,2022,60,37,4758.0,634,0.3607,1,0.13213,0
12935,2022,48,49,4010.0,591,0.1426,4,0.014214,0
12936,2021,36,24,5679.0,525,0.1772,4,0.003917,0
12937,2022,60,47,7411.0,737,0.2649,1,0.440959,0
12938,2022,36,45,4927.0,551,0.2813,3,0.008925,0
12939,2022,24,22,9001.0,579,0.6228,1,0.109068,0
12940,2021,12,51,4414.0,628,0.4958,2,0.090989,0
12941,2023,12,38,3010.0,502,0.1951,2,0.006104,0
12942,2023,24,41,4889.0,496,0.4135,4,0.003429,0
12943,2023,36,29,5182.0,585,0.1086,2,0.019696,0
12944,2023,12,50,4717.0,686,0.2984,2,0.149622,0
12945,2021,36,26,9324.0,635,0.3087,4,0.028858,0
12946,2022,36,46,7351.0,455,0.3691,1,0.002775,0
12947,2023,24,46,2403.0,731,0.3205,2,0.418362,0
12948,2021,12,28,10585.0,683,0.4644,1,0.31736,1
12949,2023,12,57,1248.0,635,0.3726,1,0.151974,1
12950,2021,48,40,14408.0,633,0.4684,3,0.030812,0
12951,2023,24,44,4257.0,673,0.278,2,0.160921,1
12952,2021,48,22,4470.0,806,0.3801,1,0.59589,1
12953,2021,24,59,4769.0,690,0.1488,2,0.105192,0
12954,2022,60,25,5959.0,643,0.075,4,0.026183,0
12955,2022,60,48,4914.0,521,0.3775,1,0.014249,1
12956,2021,48,28,4598.0,633,0.0405,1,0.041053,0
12957,2022,36,31,9457.0,681,0.1724,2,0.12809,0
12958,2022,12,45,6521.0,610,0.372,1,0.089517,0
12959,2022,36,48,3043.0,578,0.2367,3,0.009826,0
12960,2022,12,25,7118.0,664,0.1939,4,0.04418,1
12961,2023,48,48,6387.0,540,0.3376,1,0.021857,0
12962,2023,24,48,3742.0,689,0.0212,1,0.161644,0
12963,2022,36,28,7303.0,585,0.2156,2,0.023382,0
12964,2021,36,53,4542.0,450,0.587,2,0.00258,0
12965,2022,36,23,4399.0,583,0.2858,2,0.024651,0
12966,2021,24,31,4340.0,615,0.5179,2,0.122715,0
12967,2023,24,42,1460.0,664,0.5154,3,0.075735,0
12968,2021,12,29,3777.0,654,0.3036,1,0.16758,1
12969,2023,36,40,7020.0,516,0.1247,3,0.003181,0
12970,2022,12,40,4860.0,629,0.5476,1,0.145662,0
12971,2022,60,36,2585.0,577,0.2808,3,0.018348,0
12972,2022,48,46,7961.0,591,0.1133,3,0.008075,0
12973,2021,60,35,4233.0,540,0.3722,4,0.011609,0
12974,2023,36,40,2668.0,615,0.2459,2,0.04879,1
12975,2023,48,49,14809.0,850,0.262,1,0.76324,1
12976,2023,12,45,2903.0,768,0.2011,2,0.335995,1
12977,2021,24,45,7629.0,540,0.3523,1,0.011468,0
12978,2023,48,26,3345.0,625,0.3955,2,0.108072,0
12979,2022,12,43,5260.0,594,0.104,3,0.025481,1
12980,2022,24,29,3130.0,631,0.0203,4,0.02892,0
12981,2022,24,25,2645.0,693,0.3108,1,0.409326,0
12982,2022,36,37,6381.0,609,0.3146,2,0.068933,0
12983,2022,24,28,6019.0,563,0.3293,4,0.010753,0
12984,2022,36,45,8711.0,712,0.3128,2,0.253407,0
12985,2022,24,46,4831.0,521,0.187,4,0.003233,0
12986,2022,36,22,14916.0,635,0.2053,2,0.033776,0
12987,2021,36,29,5620.0,501,0.0678,3,0.003443,0
12988,2022,24,23,6525.0,537,0.5264,1,0.027395,0
12989,2022,24,33,2492.0,679,0.35,1,0.260882,0
12990,2023,60,42,3615.0,565,0.3165,1,0.032323,0
12991,2022,24,35,6373.0,469,0.0883,1,0.00169,0
12992,2021,48,32,4712.0,562,0.1197,2,0.008566,0
12993,2022,36,51,5398.0,553,0.2595,3,0.011604,0
12994,2021,36,22,3267.0,519,0.3166,1,0.016339,0
12995,2022,60,50,5224.0,664,0.0152,1,0.080085,0
12996,2021,24,32,5215.0,496,0.2822,3,0.004267,0
12997,2021,24,37,2724.0,572,0.1259,1,0.03443,0
12998,2022,48,32,6777.0,630,0.2699,2,0.05416,0
12999,2022,48,53,2101.0,592,0.4588,1,0.074822,0
13000,2023,24,25,5389.0,587,0.1104,2,0.024898,0
13001,2022,24,38,11882.0,562,0.094,2,0.01291,0
13002,2023,24,43,6907.0,522,0.3949,4,0.007623,0
13003,2023,24,22,6885.0,569,0.1332,3,0.007953,0
13004,2023,36,28,3138.0,672,0.1305,1,0.189042,0
13005,2022,36,36,11903.0,585,0.2813,2,0.017987,0
13006,2022,36,29,9783.0,633,0.1695,2,0.072407,0
13007,2023,36,29,3223.0,709,0.4944,2,0.542919,0
13008,2022,48,34,3876.0,667,0.2417,1,0.177008,0
13009,2021,48,44,9203.0,517,0.1612,1,0.004478,0
13010,2022,36,34,12065.0,655,0.0805,1,0.045459,0
13011,2022,48,48,2611.0,703,0.3544,1,0.28297,0
13012,2021,12,28,2975.0,573,0.1991,3,0.03211,0
13013,2023,36,25,4574.0,493,0.2055,2,0.004246,0
13014,2022,24,57,1660.0,584,0.1576,1,0.051531,0
13015,2021,36,31,4962.0,635,0.2733,3,0.072318,0
13016,2021,24,24,8892.0,667,0.164,3,0.046636,0
13017,2021,12,22,2394.0,578,0.0683,1,0.017488,0
13018,2023,12,48,5237.0,457,0.1744,1,0.001737,0
13019,2023,36,34,3674.0,517,0.3139,1,0.015229,0
13020,2022,24,35,11159.0,648,0.165,1,0.063992,0
13021,2021,24,36,3696.0,779,0.6944,3,0.708977,0
13022,2022,48,48,10504.0,618,0.5485,1,0.075987,0
13023,2023,24,36,3646.0,725,0.093,3,0.189666,0
13024,2021,24,61,7227.0,535,0.3665,4,0.006406,0
13025,2022,36,39,5575.0,568,0.3267,1,0.015989,0
13026,2021,36,48,4586.0,432,0.1708,2,0.001,0
13027,2021,24,46,3310.0,649,0.2277,1,0.121927,0
13028,2021,24,37,5776.0,548,0.352,1,0.012965,0
13029,2023,36,32,3943.0,667,0.2559,4,0.063297,0
13030,2021,48,41,3481.0,579,0.2483,1,0.030579,0
13031,2021,24,43,10264.0,781,0.4329,2,0.604085,1
13032,2021,60,32,6462.0,763,0.166,2,0.479764,1
13033,2021,24,39,6781.0,435,0.2568,2,0.001,0
13034,2022,36,50,4041.0,667,0.3196,4,0.08366,1
13035,2021,48,58,4478.0,560,0.2484,3,0.009663,0
13036,2021,48,46,4340.0,671,0.2509,4,0.069622,0
13037,2023,24,56,5817.0,512,0.2096,2,0.003245,0
13038,2021,36,31,6774.0,735,0.5787,2,0.565328,0
13039,2021,48,45,4841.0,702,0.3053,1,0.279253,0
13040,2022,36,51,3307.0,506,0.0802,4,0.002117,0
13041,2022,48,29,7189.0,605,0.233,1,0.06764,0
13042,2021,24,33,4998.0,632,0.1284,1,0.084835,0
13043,2023,48,55,2391.0,677,0.5136,1,0.458683,0
13044,2023,36,28,1690.0,619,0.3119,2,0.08785,0
13045,2023,60,24,5704.0,682,0.7066,3,0.305041,0
13046,2023,12,53,3246.0,614,0.3866,2,0.060662,0
13047,2022,36,49,6097.0,668,0.1663,4,0.045827,0
13048,2023,12,42,3335.0,510,0.4789,3,0.007772,0
13049,2021,24,37,5253.0,617,0.2447,1,0.062825,0
13050,2022,12,33,4068.0,712,0.0934,4,0.127643,0
13051,2022,12,40,11801.0,732,0.3979,2,0.272902,0
13052,2022,36,53,7904.0,633,0.0804,1,0.053695,1
13053,2021,24,40,9640.0,612,0.4285,2,0.030916,0
13054,2022,24,59,4974.0,729,0.3139,2,0.259953,1
13055,2022,24,29,7414.0,611,0.2192,2,0.026644,0
13056,2022,60,37,5145.0,711,0.4025,4,0.278184,0
13057,2023,24,34,10248.0,611,0.2225,1,0.039705,0
13058,2023,24,27,4740.0,623,0.2863,2,0.065241,0
13059,2022,24,36,2444.0,531,0.1141,1,0.00787,0
13060,2021,36,42,1809.0,520,0.1998,4,0.003713,0
13061,2022,36,43,11318.0,698,0.0687,4,0.071772,0
13062,2022,48,59,6243.0,757,0.4506,3,0.24487,1
13063,2022,36,42,6452.0,628,0.406,1,0.090825,0
13064,2023,36,49,10351.0,606,0.2724,2,0.021178,0
13065,2021,48,38,2152.0,701,0.2976,1,0.307058,0
13066,2021,36,54,4108.0,646,0.1302,2,0.062104,0
13067,2023,36,61,4368.0,428,0.0996,1,0.001,0
13068,2023,48,43,7123.0,699,0.4111,3,0.145478,0
13069,2022,36,28,3476.0,513,0.2911,3,0.010717,0
13070,2023,36,32,2695.0,619,0.0674,1,0.037185,0
13071,2021,36,40,2683.0,584,0.3041,4,0.021027,0
13072,2022,24,42,8732.0,568,0.3372,1,0.019791,0
13073,2023,36,44,3391.0,623,0.2486,3,0.048928,0
13074,2023,24,42,3729.0,691,0.0822,1,0.16375,0
13075,2023,60,38,6750.0,622,0.5163,1,0.100398,0
13076,2022,60,31,3465.0,732,0.0925,2,0.321282,0
13077,2022,36,42,2095.0,742,0.2073,1,0.434103,0
13078,2023,36,56,2229.0,741,0.4708,1,0.454864,0
13079,2022,36,48,4777.0,615,0.6193,2,0.085213,1
13080,2021,36,43,6302.0,581,0.1405,1,0.031562,0
13081,2021,36,48,4442.0,617,0.2017,1,0.055888,0
13082,2021,36,34,6095.0,710,0.2887,2,0.197807,0
13083,2022,36,32,2194.0,705,0.1756,4,0.172394,0
13084,2022,36,30,2270.0,412,0.3239,4,0.001,0
13085,2023,60,36,15168.0,644,0.1804,2,0.028658,0
13086,2022,36,33,9103.0,430,0.1265,3,0.001,0
13087,2023,48,50,7219.0,618,0.2624,2,0.04277,0
13088,2022,24,33,3534.0,577,0.3263,1,0.041966,0
13089,2021,24,29,4363.0,553,0.2789,4,0.007132,0
13090,2022,48,57,4911.0,687,0.1282,3,0.10682,0
13091,2022,36,33,9482.0,568,0.1319,1,0.01415,0
13092,2023,24,39,6011.0,619,0.695,4,0.087893,0
13093,2021,24,42,6393.0,545,0.3494,1,0.012302,0
13094,2022,24,26,4520.0,625,0.1862,1,0.091477,0
13095,2022,24,50,7305.0,696,0.7629,2,0.395238,1
13096,2022,12,44,5717.0,549,0.0721,2,0.007337,0
13097,2023,24,53,5024.0,671,0.0732,2,0.118326,0
13098,2022,36,31,3390.0,624,0.3581,1,0.08945,0
13099,2022,36,38,4643.0,623,0.2739,1,0.066484,0
13100,2022,36,38,2865.0,591,0.2992,1,0.055525,0
13101,2022,24,40,4817.0,681,0.3122,1,0.248033,0
13102,2022,36,23,5138.0,673,0.2496,3,0.117069,1
13103,2021,48,39,1477.0,609,0.4414,1,0.08429,0
13104,2023,48,23,4380.0,636,0.2901,1,0.09672,0
13105,2023,36,41,2730.0,679,0.303,4,0.088649,0
13106,2021,60,22,6306.0,663,0.2317,1,0.14546,1
13107,2022,12,22,6759.0,595,0.6498,2,0.06804,0
13108,2023,36,46,3971.0,713,0.1832,1,0.325631,0
13109,2022,36,32,6467.0,689,0.1712,1,0.173454,0
13110,2022,24,28,6605.0,788,0.263,1,0.618089,1
13111,2021,36,50,4381.0,494,0.3167,2,0.004915,0
13112,2022,12,41,10584.0,676,0.405,1,0.247379,0
13113,2022,36,46,3420.0,712,0.112,1,0.262201,0
13114,2023,36,36,10257.0,700,0.293,1,0.189942,0
13115,2022,48,64,4391.0,599,0.2634,1,0.066491,1
13116,2022,48,31,3224.0,510,0.3202,3,0.006484,0
13117,2022,48,55,4123.0,743,0.6199,2,0.550771,1
13118,2023,24,37,2836.0,581,0.252,2,0.037111,0
13119,2021,36,22,7276.0,596,0.2998,1,0.040338,0
13120,2021,48,42,2205.0,785,0.4257,3,0.57025,1
13121,2023,36,41,9846.0,518,0.346,1,0.008842,0
13122,2022,12,27,3078.0,685,0.3085,2,0.296656,0
13123,2022,36,28,7468.0,559,0.1262,4,0.009305,0
13124,2022,48,37,4975.0,557,0.2973,2,0.014082,0
13125,2021,12,41,5627.0,633,0.5567,3,0.073229,0
13126,2022,36,22,3659.0,674,0.1407,1,0.176023,0
13127,2023,24,48,5863.0,696,0.4504,2,0.266977,0
13128,2021,36,33,5258.0,706,0.2031,1,0.202221,0
13129,2023,60,24,2371.0,563,0.2495,3,0.018418,0
13130,2023,12,47,3037.0,528,0.2861,1,0.021326,0
13131,2023,24,37,3750.0,592,0.0642,2,0.028011,0
13132,2023,24,50,3369.0,647,0.2569,2,0.091905,0
13133,2023,12,42,9195.0,603,0.4098,3,0.02556,0
13134,2023,24,37,4932.0,329,0.4484,2,0.001,0
13135,2022,36,36,3330.0,473,0.2581,3,0.001924,0
13136,2021,12,42,3845.0,600,0.2753,4,0.012248,0
13137,2022,24,33,3819.0,688,0.0602,2,0.178177,0
13138,2022,24,29,4256.0,547,0.2777,1,0.016754,0
13139,2021,24,44,2871.0,678,0.4029,2,0.257148,1
13140,2021,48,36,3272.0,500,0.6057,2,0.014174,0
13141,2022,12,38,7211.0,640,0.1632,1,0.052156,0
13142,2022,12,48,5392.0,641,0.013,1,0.041012,0
13143,2021,24,36,4554.0,657,0.0913,1,0.03483,0
13144,2021,24,38,4921.0,539,0.3534,2,0.007495,0
13145,2023,36,32,4804.0,496,0.2096,1,0.008113,0
13146,2023,24,42,4427.0,678,0.3208,1,0.190903,0
13147,2023,36,41,6365.0,497,0.319,3,0.003821,0
13148,2021,36,47,6134.0,558,0.0577,2,0.009522,0
13149,2021,60,32,2240.0,731,0.2055,4,0.259876,1
13150,2023,36,33,4602.0,633,0.2063,1,0.106608,1
13151,2022,24,45,2315.0,649,0.8059,1,0.472035,0
13152,2023,12,40,6753.0,669,0.141,3,0.038543,0
13153,2021,24,28,7214.0,667,0.2903,2,0.084838,0
13154,2023,60,51,3621.0,618,0.0895,2,0.019089,0
13155,2021,24,22,4636.0,547,0.2312,2,0.012552,0
13156,2021,36,45,1710.0,834,0.353,3,0.818302,1
13157,2023,60,25,7994.0,596,0.3431,2,0.032643,0
13158,2022,48,56,7008.0,646,0.3997,1,0.116648,0
13159,2021,48,22,8735.0,655,0.1117,3,0.066107,0
13160,2022,60,49,10335.0,577,0.6223,2,0.043079,0
13161,2023,36,37,2665.0,585,0.1012,1,0.024694,0
13162,2023,60,34,7662.0,739,0.388,1,0.333059,0
13163,2021,24,39,10297.0,560,0.1029,3,0.008217,0
13164,2023,24,44,2328.0,652,0.0713,4,0.034298,0
13165,2022,36,28,4512.0,691,0.325,2,0.264476,0
13166,2021,36,29,4098.0,602,0.2172,3,0.016504,0
13167,2021,36,44,7538.0,612,0.1263,1,0.036418,0
13168,2022,36,22,1485.0,696,0.4261,2,0.3356,0
13169,2021,24,32,12185.0,609,0.2698,2,0.015068,0
13170,2023,36,68,4646.0,453,0.2939,4,0.001,0
13171,2022,24,28,7770.0,740,0.1432,4,0.134896,0
13172,2023,48,49,4769.0,541,0.1988,2,0.007982,0
13173,2021,48,32,6286.0,637,0.1695,1,0.059474,0
13174,2021,36,43,1540.0,514,0.2283,2,0.006415,0
13175,2021,36,44,4054.0,579,0.484,2,0.047011,0
13176,2022,36,49,7509.0,585,0.0516,3,0.011302,0
13177,2023,48,35,5678.0,633,0.4211,1,0.128433,0
13178,2022,48,57,2168.0,549,0.3111,3,0.014983,0
13179,2021,60,32,5068.0,778,0.0703,4,0.548161,1
13180,2021,36,40,3264.0,621,0.1792,1,0.064445,0
13181,2022,60,40,3125.0,690,0.078,2,0.086746,0
13182,2023,24,26,2298.0,619,0.2233,3,0.045561,0
13183,2022,60,35,6697.0,699,0.1794,1,0.218077,1
13184,2022,60,39,8574.0,451,0.1379,1,0.001,0
13185,2022,60,33,14187.0,563,0.0934,4,0.003006,0
13186,2022,36,62,2352.0,578,0.2739,3,0.014678,0
13187,2022,24,29,7213.0,577,0.107,1,0.027896,0
13188,2023,24,49,7455.0,661,0.2044,2,0.090485,0
13189,2022,24,46,3677.0,666,0.2709,2,0.110938,0
13190,2023,60,37,3106.0,614,0.397,4,0.056732,0
13191,2022,24,29,2856.0,616,0.2545,1,0.062216,0
13192,2021,12,30,3776.0,815,0.3424,3,0.69257,0
13193,2021,12,32,5439.0,645,0.2089,1,0.08338,0
13194,2022,24,22,9702.0,441,0.6047,3,0.001129,0
13195,2021,48,27,8541.0,681,0.5752,3,0.155442,0
13196,2023,48,23,2191.0,664,0.1333,4,0.099875,0
13197,2021,36,51,3313.0,712,0.1191,1,0.189378,0
13198,2022,60,44,9413.0,667,0.2774,4,0.043999,0
13199,2021,36,45,3410.0,547,0.2152,3,0.004832,0
13200,2022,36,43,4777.0,691,0.4644,1,0.360834,1
13201,2021,36,39,2095.0,627,0.2934,1,0.072519,0
13202,2023,36,52,8747.0,703,0.1376,3,0.075178,0
13203,2021,24,31,1889.0,743,0.1753,2,0.427567,1
13204,2022,60,39,2162.0,610,0.5581,3,0.070378,0
13205,2021,48,45,8312.0,690,0.2063,2,0.129824,0
13206,2023,24,24,12836.0,702,0.0841,2,0.099242,1
13207,2022,24,68,4250.0,632,0.1761,1,0.065857,0
13208,2021,36,38,4801.0,776,0.0537,2,0.38946,0
13209,2021,60,39,7740.0,703,0.151,3,0.130621,0
13210,2022,12,50,5680.0,573,0.3299,2,0.013543,0
13211,2021,36,47,4078.0,640,0.3952,2,0.087938,0
13212,2022,48,38,3856.0,688,0.0336,1,0.113383,0
13213,2022,24,39,2245.0,773,0.0824,2,0.343526,0
13214,2021,12,22,5522.0,669,0.336,1,0.199429,0
13215,2021,60,32,4694.0,643,0.2215,2,0.105179,0
13216,2022,48,43,3948.0,721,0.6381,2,0.595284,0
13217,2022,60,42,2978.0,602,0.0732,2,0.028886,0
13218,2022,36,50,3133.0,540,0.089,3,0.006949,0
13219,2023,24,36,6695.0,676,0.082,2,0.076761,0
13220,2021,36,24,7638.0,589,0.2252,1,0.031956,0
13221,2022,24,48,4173.0,837,0.1463,2,0.779821,1
13222,2021,48,52,3959.0,640,0.1344,3,0.027898,0
13223,2022,60,46,3207.0,676,0.2233,3,0.12914,0
13224,2021,36,36,7851.0,569,0.2043,1,0.019008,0
13225,2022,12,48,4992.0,721,0.3349,1,0.284333,0
13226,2021,48,70,5907.0,617,0.2402,1,0.058115,0
13227,2022,24,39,5880.0,610,0.395,3,0.058608,0
13228,2023,36,24,4214.0,611,0.5082,2,0.122469,1
13229,2023,12,32,2744.0,516,0.3997,4,0.007197,0
13230,2021,48,44,2987.0,599,0.1798,1,0.041761,0
13231,2022,36,22,8638.0,663,0.3617,1,0.163117,0
13232,2021,36,39,3419.0,496,0.1322,2,0.005279,0
13233,2021,36,41,4003.0,701,0.4046,1,0.352745,0
13234,2023,24,53,2787.0,598,0.1728,1,0.038397,0
13235,2021,36,51,2676.0,639,0.2099,2,0.056999,0
13236,2021,24,46,3346.0,441,0.2608,2,0.001487,0
13237,2022,24,22,11432.0,637,0.2808,1,0.075733,0
13238,2021,12,47,6830.0,536,0.2479,3,0.005765,0
13239,2023,36,45,3777.0,591,0.3107,1,0.078022,0
13240,2022,60,40,8446.0,494,0.4403,4,0.003755,0
13241,2021,48,22,4554.0,549,0.231,3,0.008594,0
13242,2023,12,30,9674.0,606,0.4672,1,0.044639,0
13243,2022,36,26,14852.0,598,0.1805,2,0.010903,0
13244,2022,12,22,8218.0,690,0.3738,1,0.315237,0
13245,2021,12,37,5153.0,470,0.2015,4,0.001682,0
13246,2021,12,30,6972.0,615,0.0842,2,0.031531,0
13247,2021,48,64,4952.0,612,0.1468,2,0.026252,0
13248,2022,36,36,1963.0,583,0.7239,2,0.073893,0
13249,2021,60,50,3543.0,546,0.1648,1,0.009747,0
13250,2021,60,22,3054.0,708,0.1182,1,0.307066,1
13251,2021,36,32,3504.0,783,0.2454,2,0.549361,0
13252,2022,24,38,12050.0,482,0.4534,1,0.003632,0
13253,2021,36,28,8613.0,546,0.3613,1,0.013062,0
13254,2022,24,33,6127.0,539,0.1724,4,0.005107,0
13255,2022,60,35,7377.0,597,0.1827,1,0.034476,0
13256,2021,48,35,1908.0,720,0.1329,1,0.22433,0
13257,2022,24,56,7073.0,662,0.0468,3,0.031443,0
13258,2021,36,41,7862.0,607,0.1784,3,0.021643,0
13259,2022,24,42,1604.0,621,0.2213,1,0.063774,0
13260,2022,36,43,7206.0,594,0.5577,1,0.051348,0
13261,2022,36,44,2411.0,679,0.2228,1,0.263693,0
13262,2022,36,37,1835.0,688,0.3899,2,0.440785,1
13263,2022,36,34,9539.0,667,0.337,3,0.107882,0
13264,2021,24,39,2970.0,444,0.1114,3,0.001,0
13265,2022,24,49,3436.0,621,0.1555,1,0.052046,0
13266,2023,60,49,8061.0,605,0.4908,2,0.074733,0
13267,2022,48,35,4219.0,699,0.4729,3,0.201637,1
13268,2023,60,45,4491.0,639,0.2682,1,0.11392,0
13269,2023,24,36,4442.0,664,0.0852,3,0.090398,0
13270,2022,24,38,5848.0,580,0.027,3,0.011533,0
13271,2022,48,33,4389.0,695,0.161,3,0.111033,0
13272,2021,36,36,5203.0,718,0.3258,4,0.194369,0
13273,2021,36,51,3821.0,489,0.3181,1,0.010844,0
13274,2021,48,38,5860.0,516,0.621,3,0.014132,0
13275,2023,36,39,5750.0,680,0.4205,2,0.196252,1
13276,2022,36,23,12695.0,606,0.2172,3,0.026326,0
13277,2022,12,34,4062.0,702,0.1531,1,0.229222,0
13278,2023,12,35,4482.0,639,0.4525,1,0.129296,0
13279,2021,36,29,5538.0,675,0.4586,1,0.326774,1
13280,2022,48,38,7960.0,560,0.1087,1,0.009246,0
13281,2022,36,33,2848.0,647,0.1131,1,0.051083,0
13282,2022,60,38,5176.0,647,0.2985,1,0.121233,0
13283,2022,48,39,1403.0,564,0.2595,1,0.030342,0
13284,2022,48,28,4291.0,700,0.2408,1,0.371031,1
13285,2022,48,34,8403.0,468,0.1498,1,0.001617,0
13286,2021,36,38,3418.0,636,0.0682,2,0.07318,0
13287,2023,60,49,5369.0,516,0.2467,2,0.005932,0
13288,2023,24,40,3773.0,538,0.1403,4,0.002548,0
13289,2022,24,31,3198.0,698,0.3733,3,0.199078,0
13290,2023,36,41,7988.0,532,0.4126,3,0.011886,0
13291,2021,60,55,2914.0,528,0.6379,1,0.025258,0
13292,2022,36,47,5690.0,666,0.1878,4,0.048068,0
13293,2022,24,43,5734.0,531,0.5608,4,0.006824,0
13294,2022,36,45,3210.0,701,0.3257,1,0.396922,0
13295,2023,48,52,5313.0,671,0.2819,3,0.068244,0
13296,2023,48,48,3080.0,557,0.2233,2,0.013998,0
13297,2022,48,43,6380.0,698,0.7327,1,0.521792,1
13298,2021,36,48,2547.0,464,0.303,2,0.001585,0
13299,2022,24,27,4147.0,657,0.1637,1,0.146073,1
13300,2022,48,22,4331.0,520,0.0461,1,0.00594,0
13301,2021,48,39,8574.0,578,0.1403,2,0.022256,0
13302,2022,36,38,5271.0,583,0.0506,2,0.01528,0
13303,2022,48,32,7923.0,722,0.0944,3,0.15183,0
13304,2021,36,46,6486.0,579,0.5612,2,0.042546,0
13305,2021,24,22,6465.0,613,0.091,3,0.015187,0
13306,2021,36,32,4163.0,584,0.2661,1,0.033258,0
13307,2021,24,33,8188.0,541,0.2565,3,0.007585,0
13308,2021,24,22,4113.0,537,0.311,2,0.013695,0
13309,2022,36,52,2070.0,644,0.0437,2,0.061937,0
13310,2021,36,24,4414.0,617,0.5304,3,0.065089,0
13311,2022,24,32,6166.0,681,0.1373,3,0.08776,0
13312,2022,36,47,2201.0,600,0.3129,2,0.046801,0
13313,2023,24,44,3157.0,603,0.3849,1,0.097472,0
13314,2022,60,26,2656.0,681,0.2419,1,0.223514,0
13315,2021,24,44,7283.0,590,0.0611,1,0.023661,0
13316,2022,36,40,11344.0,504,0.0538,4,0.001546,0
13317,2021,36,61,4426.0,687,0.1607,3,0.106087,0
13318,2021,24,42,6411.0,565,0.2124,2,0.010437,0
13319,2022,36,36,6328.0,625,0.4405,3,0.058048,0
13320,2023,24,29,10688.0,569,0.4193,1,0.015456,0
13321,2022,36,30,3547.0,542,0.4826,1,0.047464,0
13322,2022,12,29,4403.0,468,0.3715,2,0.003882,0
13323,2023,24,51,4145.0,647,0.3472,2,0.079051,0
13324,2021,24,38,5104.0,348,0.1174,2,0.001,0
13325,2023,12,43,17191.0,723,0.1538,1,0.136532,0
13326,2022,24,53,4991.0,702,0.4499,1,0.390358,1
13327,2022,36,22,3206.0,547,0.1979,4,0.004706,0
13328,2022,24,50,2759.0,747,0.5014,1,0.535163,0
13329,2023,36,38,9194.0,784,0.1103,4,0.292743,0
13330,2021,36,42,3198.0,598,0.5124,2,0.053689,0
13331,2021,24,29,6849.0,652,0.284,2,0.090062,0
13332,2022,48,30,3499.0,630,0.501,1,0.172847,0
13333,2023,24,42,2609.0,741,0.1192,2,0.296171,0
13334,2021,36,61,6652.0,508,0.2083,2,0.002362,0
13335,2021,12,48,3585.0,601,0.4894,1,0.058897,0
13336,2022,24,50,6080.0,693,0.3915,3,0.175994,0
13337,2022,12,36,6308.0,685,0.1305,1,0.151117,0
13338,2021,24,31,6458.0,616,0.451,1,0.079101,0
13339,2023,36,30,4298.0,731,0.1573,3,0.183057,0
13340,2022,36,33,6926.0,638,0.4142,2,0.209524,0
13341,2023,24,22,3099.0,629,0.3904,1,0.091932,0
13342,2021,60,30,1441.0,675,0.4929,1,0.241693,1
13343,2021,48,32,6998.0,615,0.2534,4,0.016162,0
13344,2023,36,36,5339.0,624,0.2617,3,0.037925,1
13345,2021,48,39,3623.0,557,0.4269,3,0.018626,0
13346,2023,48,41,2355.0,850,0.0336,1,0.746139,1
13347,2023,24,37,1775.0,582,0.2203,1,0.066801,1
13348,2023,24,32,5044.0,678,0.0262,4,0.085669,0
13349,2023,48,22,11208.0,772,0.1315,4,0.150688,1
13350,2023,36,32,4586.0,512,0.0616,2,0.003419,0
13351,2023,24,28,4102.0,668,0.2924,3,0.111436,1
13352,2022,36,42,4855.0,621,0.2317,3,0.034003,0
13353,2022,12,47,14612.0,763,0.3136,4,0.193973,1
13354,2021,24,47,7158.0,547,0.387,3,0.011714,0
13355,2022,36,45,3082.0,559,0.3289,1,0.028363,0
13356,2021,24,36,4984.0,616,0.2733,2,0.038735,0
13357,2022,36,32,5804.0,580,0.286,2,0.028095,0
13358,2021,36,30,2898.0,583,0.4815,2,0.028086,0
13359,2023,24,22,7184.0,782,0.229,2,0.584178,1
13360,2021,36,47,3265.0,630,0.1536,4,0.019398,0
13361,2022,12,36,2309.0,557,0.3236,1,0.039701,0
13362,2023,60,25,5105.0,588,0.1069,2,0.018825,0
13363,2023,48,29,4717.0,652,0.6956,4,0.152588,0
13364,2022,24,29,4912.0,646,0.2209,1,0.134812,0
13365,2022,36,38,3353.0,573,0.3867,2,0.038678,0
13366,2021,36,48,3596.0,489,0.3017,1,0.005208,0
13367,2022,36,34,8641.0,615,0.2645,3,0.026345,0
13368,2022,24,22,6128.0,613,0.3333,3,0.039629,0
13369,2021,24,36,3046.0,568,0.1293,1,0.022929,0
13370,2023,24,36,1853.0,722,0.2247,1,0.357914,0
13371,2023,48,35,3111.0,665,0.218,1,0.134164,0
13372,2022,60,31,5317.0,630,0.0673,3,0.058941,0
13373,2021,60,40,3583.0,591,0.1013,2,0.017731,0
13374,2021,48,38,3447.0,758,0.2087,3,0.41402,1
13375,2021,60,37,3661.0,527,0.3054,2,0.011963,0
13376,2021,12,42,4739.0,580,0.0782,3,0.01137,0
13377,2022,36,33,7276.0,583,0.2684,2,0.014562,0
13378,2022,12,33,4914.0,643,0.3061,3,0.107943,0
13379,2023,36,51,5069.0,672,0.2072,1,0.176651,0
13380,2023,24,43,4392.0,513,0.2098,1,0.011681,0
13381,2021,60,46,3829.0,565,0.381,1,0.028093,0
13382,2021,60,50,7686.0,655,0.4712,2,0.098051,0
13383,2021,12,43,7124.0,566,0.2087,3,0.012484,0
13384,2022,12,47,13666.0,587,0.4836,1,0.021376,0
13385,2023,36,22,6669.0,633,0.1124,1,0.046974,0
13386,2021,36,40,3831.0,541,0.1483,2,0.014607,0
13387,2023,36,36,3127.0,642,0.0226,4,0.029815,0
13388,2022,24,54,7915.0,669,0.215,2,0.070947,0
13389,2023,24,47,3270.0,623,0.3728,1,0.082312,0
13390,2023,12,31,7368.0,734,0.1638,2,0.354761,0
13391,2021,60,41,3361.0,678,0.16,2,0.170918,0
13392,2023,36,39,5852.0,616,0.0814,2,0.028973,0
13393,2022,36,42,2893.0,594,0.1721,1,0.057572,0
13394,2022,48,27,7259.0,760,0.1986,2,0.312965,1
13395,2021,24,41,2652.0,567,0.4655,1,0.041409,0
13396,2022,60,35,5633.0,598,0.2211,2,0.026629,0
13397,2022,36,40,4452.0,587,0.3456,3,0.044188,0
13398,2022,24,30,5171.0,651,0.3464,1,0.188621,0
13399,2021,24,32,4032.0,800,0.1534,1,0.600051,1
13400,2021,24,49,3985.0,639,0.2653,2,0.061403,0
13401,2021,24,27,5310.0,594,0.1032,3,0.013501,0
13402,2021,48,28,2978.0,635,0.2662,1,0.134251,0
13403,2023,36,37,2969.0,514,0.4951,2,0.015143,0
13404,2022,48,30,4108.0,604,0.21,1,0.040875,0
13405,2023,24,29,4029.0,756,0.2924,2,0.570051,1
13406,2021,24,39,2973.0,672,0.1271,1,0.110415,0
13407,2021,12,22,7802.0,718,0.2989,1,0.371821,0
13408,2021,48,27,4158.0,701,0.1221,3,0.127473,1
13409,2022,24,58,4388.0,563,0.4042,2,0.019491,0
13410,2023,24,42,2531.0,772,0.619,2,0.764079,1
13411,2022,36,30,13847.0,477,0.1232,1,0.00142,0
13412,2022,36,42,16540.0,646,0.288,3,0.026158,0
13413,2021,36,43,3327.0,455,0.4188,1,0.004356,0
13414,2021,24,47,9073.0,482,0.09,2,0.001,0
13415,2022,48,36,4694.0,694,0.3011,2,0.21354,0
13416,2021,12,47,10959.0,564,0.4284,1,0.015695,0
13417,2022,24,22,5815.0,719,0.0978,3,0.164933,0
13418,2021,36,27,5166.0,446,0.6625,1,0.009322,0
13419,2022,12,39,1409.0,612,0.1423,3,0.057135,0
13420,2022,24,41,3167.0,522,0.1336,1,0.009934,0
13421,2022,48,28,4965.0,593,0.4439,1,0.079014,0
13422,2022,24,40,5428.0,743,0.4517,2,0.443862,0
13423,2023,48,31,2677.0,763,0.3014,1,0.486412,0
13424,2023,24,35,3414.0,661,0.4008,2,0.174796,0
13425,2022,36,48,6482.0,492,0.185,1,0.002753,0
13426,2021,36,47,2461.0,523,0.0773,1,0.005711,0
13427,2022,60,28,5255.0,632,0.1476,3,0.026278,0
13428,2022,24,27,9127.0,555,0.0572,3,0.003666,0
13429,2021,24,33,5959.0,672,0.4685,3,0.178745,0
13430,2021,24,37,5812.0,754,0.0545,2,0.331154,0
13431,2023,48,31,1790.0,541,0.3658,2,0.013902,0
13432,2022,36,48,3259.0,548,0.0637,4,0.006892,0
13433,2021,36,41,13727.0,525,0.3894,1,0.005854,0
13434,2023,48,42,3642.0,599,0.326,1,0.061022,0
13435,2022,36,25,9249.0,624,0.0376,3,0.013878,0
13436,2022,12,49,3621.0,621,0.0595,1,0.070012,0
13437,2022,24,22,4277.0,691,0.4544,1,0.309837,0
13438,2023,36,46,6360.0,651,0.4333,4,0.059091,0
13439,2023,24,47,5169.0,615,0.4653,1,0.076217,0
13440,2022,36,33,5948.0,623,0.26,1,0.058645,0
13441,2023,24,50,3264.0,626,0.4142,1,0.137295,0
13442,2021,36,37,2785.0,615,0.4772,3,0.045513,0
13443,2022,60,38,3156.0,565,0.079,3,0.007276,0
13444,2021,12,41,3766.0,523,0.2997,2,0.010054,0
13445,2022,24,69,4382.0,631,0.0983,1,0.038484,0
13446,2022,48,51,8256.0,580,0.2885,3,0.007151,0
13447,2021,12,45,5134.0,662,0.1386,1,0.093379,1
13448,2021,36,28,6262.0,625,0.2215,1,0.084867,0
13449,2022,24,39,5275.0,621,0.2007,1,0.058309,0
13450,2022,48,29,2814.0,698,0.4805,1,0.378684,0
13451,2021,24,46,4957.0,507,0.3861,2,0.004624,0
13452,2023,60,39,5247.0,761,0.3803,1,0.664993,1
13453,2021,60,26,7187.0,445,0.3367,1,0.002293,0
13454,2023,24,38,2880.0,736,0.1609,2,0.290123,0
13455,2023,24,29,1772.0,636,0.2288,2,0.108815,0
13456,2022,24,39,5368.0,578,0.2913,1,0.021156,0
13457,2022,36,29,5866.0,502,0.3946,4,0.004976,0
13458,2021,36,38,4493.0,572,0.2261,1,0.02184,0
13459,2022,24,45,4984.0,606,0.2017,2,0.038706,0
13460,2022,60,37,7627.0,635,0.1249,4,0.016295,0
13461,2021,48,34,3907.0,735,0.3165,1,0.426094,1
13462,2021,48,40,4276.0,625,0.2179,2,0.033068,0
13463,2021,24,44,5113.0,645,0.3477,3,0.064386,0
13464,2022,12,26,2671.0,648,0.0598,1,0.062871,0
13465,2022,36,40,4555.0,593,0.2183,3,0.030841,0
13466,2023,24,51,4761.0,604,0.6159,3,0.067932,0
13467,2023,36,43,11142.0,611,0.487,1,0.066279,0
13468,2022,48,38,4234.0,670,0.2005,1,0.165446,0
13469,2022,36,44,5432.0,546,0.447,2,0.018744,0
13470,2023,36,42,7780.0,579,0.2505,3,0.011953,0
13471,2021,48,45,3233.0,648,0.3338,1,0.180688,1
13472,2023,24,22,9778.0,533,0.2376,3,0.004242,0
13473,2022,60,22,11872.0,629,0.2705,3,0.040822,0
13474,2021,12,48,4844.0,576,0.2776,1,0.028249,0
13475,2023,24,22,3753.0,660,0.3483,1,0.181721,0
13476,2021,36,42,11087.0,729,0.2305,1,0.331534,0
13477,2022,24,34,7316.0,576,0.638,1,0.060665,0
13478,2022,48,28,5120.0,680,0.0688,3,0.05842,0
13479,2022,36,41,10031.0,636,0.6856,2,0.130244,0
13480,2022,24,40,9514.0,589,0.2193,2,0.015989,0
13481,2022,36,59,4154.0,620,0.2234,3,0.024867,0
13482,2022,36,31,5566.0,723,0.3859,3,0.405345,0
13483,2023,12,52,6558.0,606,0.4993,2,0.040941,0
13484,2023,36,41,4986.0,724,0.6878,2,0.646016,0
13485,2022,48,31,2452.0,610,0.3213,2,0.104809,0
13486,2021,48,45,3074.0,507,0.5017,2,0.02354,0
13487,2023,60,43,2492.0,608,0.2984,3,0.068816,0
13488,2022,36,38,6288.0,500,0.2677,1,0.005113,0
13489,2023,12,40,2718.0,594,0.3045,1,0.047113,0
13490,2021,36,32,5411.0,591,0.1731,1,0.025005,0
13491,2021,60,29,12283.0,765,0.419,3,0.513473,0
13492,2023,24,45,10036.0,748,0.4372,2,0.543015,0
13493,2023,48,35,1961.0,626,0.145,3,0.036467,0
13494,2023,12,37,2593.0,716,0.183,2,0.373652,0
13495,2022,48,40,3333.0,588,0.3174,1,0.074117,0
13496,2023,36,40,2739.0,505,0.1433,1,0.008531,0
13497,2023,60,23,2150.0,662,0.3368,1,0.221991,0
13498,2022,36,50,4888.0,648,0.2651,1,0.058172,0
13499,2021,12,39,6992.0,544,0.3746,4,0.006628,0
13500,2023,60,35,7919.0,548,0.2831,3,0.012352,0
13501,2022,24,42,3877.0,695,0.3318,1,0.343601,0
13502,2021,24,40,4290.0,485,0.3984,1,0.006951,0
13503,2022,36,45,5871.0,664,0.0714,2,0.075303,0
13504,2021,48,43,4655.0,594,0.2679,3,0.020851,0
13505,2021,24,45,7371.0,664,0.0904,3,0.047151,0
13506,2022,48,51,6095.0,699,0.3087,3,0.125228,0
13507,2021,36,46,4072.0,550,0.1214,1,0.007848,0
13508,2022,36,36,1942.0,528,0.4282,4,0.010993,0
13509,2021,48,26,10400.0,737,0.2584,1,0.323521,0
13510,2021,36,54,3488.0,615,0.0735,1,0.025458,0
13511,2023,48,35,5877.0,646,0.0828,2,0.066747,0
13512,2022,36,33,1885.0,692,0.1338,3,0.091878,0
13513,2021,36,22,4887.0,543,0.2527,1,0.01493,0
13514,2021,36,41,5167.0,692,0.3767,2,0.242685,1
13515,2022,24,39,5294.0,671,0.5567,4,0.08864,0
13516,2022,36,22,20000.0,737,0.254,2,0.268873,0
13517,2023,36,42,3585.0,736,0.0778,2,0.192568,0
13518,2021,24,33,7408.0,625,0.3809,3,0.042263,0
13519,2021,48,64,6384.0,680,0.157,1,0.1532,0
13520,2022,60,32,3501.0,623,0.3311,3,0.044807,0
13521,2021,36,33,7353.0,631,0.4592,1,0.109267,0
13522,2023,24,29,4527.0,529,0.4853,4,0.014374,0
13523,2022,48,50,7613.0,602,0.0583,1,0.023625,0
13524,2022,24,34,13101.0,476,0.1322,2,0.001573,0
13525,2023,48,30,5300.0,609,0.4203,3,0.050343,0
13526,2021,24,45,4270.0,725,0.3219,1,0.443929,1
13527,2021,24,24,8315.0,682,0.4337,2,0.134442,0
13528,2022,36,44,9881.0,628,0.2198,1,0.051521,0
13529,2021,24,55,3160.0,603,0.1249,3,0.023482,0
13530,2021,24,43,3919.0,576,0.1466,1,0.014742,0
13531,2023,24,44,6889.0,546,0.553,3,0.017822,0
13532,2023,36,46,4601.0,685,0.3023,1,0.211515,0
13533,2022,36,55,3050.0,497,0.4347,1,0.006534,0
13534,2021,36,50,6440.0,495,0.3004,3,0.00165,0
13535,2022,24,42,6876.0,692,0.5044,1,0.359956,0
13536,2022,12,47,4158.0,636,0.4497,1,0.17212,0
13537,2022,36,29,5068.0,623,0.3341,1,0.074983,0
13538,2021,24,45,3684.0,636,0.0834,2,0.042584,0
13539,2021,24,27,2842.0,780,0.2761,2,0.659995,1
13540,2022,24,34,3833.0,624,0.1929,1,0.09934,0
13541,2023,12,22,5100.0,643,0.3622,2,0.157539,0
13542,2022,12,42,2351.0,784,0.262,3,0.529013,1
13543,2021,36,31,3976.0,614,0.3682,1,0.118842,0
13544,2021,12,49,5135.0,758,0.1247,1,0.431902,1
13545,2022,48,41,8931.0,451,0.3194,3,0.001119,0
13546,2021,24,49,4204.0,527,0.2751,2,0.014933,0
13547,2022,36,27,2636.0,566,0.4977,1,0.058233,0
13548,2023,48,48,4426.0,666,0.2235,1,0.199843,0
13549,2023,48,59,3702.0,761,0.2999,4,0.446544,0
13550,2022,12,45,6477.0,572,0.433,2,0.018115,0
13551,2021,24,45,4151.0,698,0.0523,3,0.084768,0
13552,2021,36,39,1267.0,798,0.1843,1,0.674868,0
13553,2022,24,32,20000.0,745,0.3216,2,0.223292,0
13554,2021,12,45,5277.0,587,0.2528,4,0.008544,0
13555,2023,48,22,5139.0,689,0.3388,1,0.259908,0
13556,2021,24,33,2274.0,647,0.1262,1,0.102165,0
13557,2021,24,22,2363.0,567,0.0313,2,0.033469,0
13558,2022,36,30,4694.0,654,0.4096,1,0.179582,0
13559,2023,12,44,5814.0,582,0.1061,2,0.008957,0
13560,2022,36,43,6982.0,629,0.1183,2,0.040346,0
13561,2021,48,38,5534.0,509,0.4467,1,0.009319,0
13562,2021,36,39,2716.0,478,0.3925,2,0.006116,0
13563,2022,60,22,1405.0,597,0.0656,2,0.030116,0
13564,2021,24,34,4675.0,645,0.2249,1,0.101978,0
13565,2022,60,31,3763.0,529,0.2023,2,0.00532,0
13566,2023,12,31,2614.0,662,0.1808,3,0.095247,0
13567,2023,48,43,7436.0,623,0.4044,1,0.102261,0
13568,2022,36,29,2235.0,672,0.2478,1,0.18927,0
13569,2021,24,31,6691.0,695,0.2066,2,0.183312,0
13570,2022,12,22,2428.0,727,0.3326,1,0.537174,0
13571,2022,12,35,5256.0,668,0.0728,4,0.037955,0
13572,2022,36,27,7840.0,596,0.5341,2,0.041088,0
13573,2023,24,38,4151.0,635,0.3082,1,0.218664,0
13574,2022,60,28,11441.0,806,0.4629,2,0.645097,1
13575,2021,24,39,12822.0,698,0.4254,2,0.180337,1
13576,2022,60,36,5534.0,625,0.3572,4,0.05801,0
13577,2023,60,54,6443.0,607,0.1848,1,0.031135,0
13578,2023,36,42,8353.0,572,0.3277,2,0.022977,0
13579,2022,24,22,6452.0,525,0.402,2,0.015647,0
13580,2023,24,25,6116.0,756,0.0948,1,0.501669,1
13581,2022,24,38,3782.0,658,0.2569,4,0.049183,0
13582,2022,24,28,2114.0,518,0.1507,1,0.009781,0
13583,2021,12,22,2453.0,609,0.2108,3,0.057261,0
13584,2023,36,51,16174.0,721,0.4872,3,0.171075,1
13585,2023,60,45,5775.0,584,0.2414,2,0.015813,0
13586,2021,24,43,4347.0,554,0.3182,1,0.017711,0
13587,2021,24,31,9243.0,648,0.5752,1,0.161632,0
13588,2022,48,42,3379.0,672,0.5822,3,0.159473,0
13589,2022,12,30,6578.0,584,0.3153,3,0.035479,0
13590,2021,36,40,5108.0,572,0.519,1,0.030749,0
13591,2023,24,28,6186.0,656,0.4477,2,0.186139,0
13592,2022,36,53,4154.0,530,0.6189,3,0.022448,0
13593,2022,24,22,3034.0,576,0.3311,2,0.031807,0
13594,2023,48,50,3257.0,610,0.1614,1,0.053264,0
13595,2022,24,38,3321.0,679,0.073,3,0.09102,1
13596,2022,60,33,4907.0,585,0.2013,3,0.020034,0
13597,2022,24,39,2257.0,665,0.1367,4,0.090545,0
13598,2022,36,45,2634.0,713,0.5928,3,0.435645,1
13599,2022,12,51,5259.0,579,0.1736,2,0.017266,0
13600,2022,24,41,4611.0,850,0.2443,2,0.831454,1
13601,2021,36,29,5405.0,733,0.3213,4,0.315398,0
13602,2022,24,38,4805.0,641,0.2041,4,0.037407,0
13603,2023,48,56,17318.0,605,0.7579,2,0.027175,0
13604,2023,60,51,5236.0,575,0.2645,3,0.012725,0
13605,2021,24,47,4066.0,752,0.1741,1,0.370739,1
13606,2022,48,45,5170.0,636,0.1169,1,0.094523,0
13607,2021,60,44,8184.0,504,0.2138,4,0.001735,0
13608,2023,24,49,4794.0,483,0.3091,1,0.004264,0
13609,2021,24,33,6921.0,628,0.3692,3,0.071489,0
13610,2023,36,24,5991.0,630,0.0635,3,0.029305,0
13611,2023,36,38,4251.0,546,0.2855,3,0.015835,0
13612,2022,48,29,5195.0,498,0.0549,3,0.001836,0
13613,2021,24,27,10932.0,462,0.203,1,0.001807,0
13614,2021,36,30,5550.0,559,0.2753,3,0.014507,0
13615,2023,48,62,3002.0,590,0.2395,3,0.037118,0
13616,2022,24,39,4189.0,675,0.2732,4,0.107297,0
13617,2023,60,41,1708.0,609,0.1219,4,0.015704,0
13618,2021,36,25,5264.0,705,0.1283,1,0.156341,0
13619,2023,24,22,9471.0,668,0.142,1,0.133507,0
13620,2022,24,29,2513.0,661,0.068,4,0.047037,0
13621,2023,24,52,5297.0,698,0.2398,2,0.232993,0
13622,2023,24,41,8044.0,509,0.1474,1,0.003103,0
13623,2023,36,43,8481.0,577,0.2821,1,0.035272,0
13624,2021,60,45,9320.0,812,0.0303,1,0.402523,0
13625,2023,36,32,1931.0,467,0.169,1,0.001964,0
13626,2023,36,51,6326.0,596,0.3068,2,0.035553,0
13627,2022,36,31,2315.0,658,0.3575,4,0.064387,0
13628,2022,48,52,2983.0,469,0.6516,3,0.00567,0
13629,2022,24,42,7410.0,559,0.2951,3,0.009318,0
13630,2021,36,22,5319.0,779,0.4863,4,0.427217,1
13631,2023,36,30,7067.0,633,0.3369,4,0.058374,0
13632,2022,36,22,3089.0,574,0.3967,3,0.024004,0
13633,2022,48,49,10268.0,636,0.5946,2,0.094866,0
13634,2022,60,37,6934.0,573,0.1348,1,0.019724,0
13635,2021,36,22,7667.0,757,0.372,1,0.565167,1
13636,2023,48,41,2864.0,540,0.5215,3,0.016456,0
13637,2022,36,32,8828.0,578,0.4748,1,0.027015,0
13638,2022,24,23,4196.0,500,0.3507,2,0.008343,0
13639,2023,60,54,3621.0,596,0.4437,3,0.024213,0
13640,2023,36,39,6719.0,606,0.1878,2,0.023453,0
13641,2021,48,35,6579.0,715,0.1226,3,0.20543,0
13642,2023,12,34,3218.0,538,0.3125,2,0.009184,0
13643,2022,36,22,13741.0,658,0.2973,1,0.081004,0
13644,2022,36,24,12175.0,626,0.4067,3,0.038769,0
13645,2022,48,50,6651.0,468,0.1443,3,0.001,0
13646,2022,48,33,6095.0,561,0.3979,2,0.018976,0
13647,2023,12,38,5796.0,558,0.1965,2,0.014477,0
13648,2023,24,22,2264.0,754,0.3215,1,0.742157,1
13649,2021,24,24,5200.0,663,0.3932,3,0.228593,1
13650,2022,36,44,5166.0,631,0.2824,3,0.04577,0
13651,2023,36,41,3685.0,300,0.1789,2,0.001,0
13652,2022,12,55,4210.0,467,0.0157,2,0.001382,0
13653,2022,12,51,1494.0,678,0.1201,1,0.111646,0
13654,2021,12,35,2839.0,682,0.4027,2,0.257502,0
13655,2023,36,42,7792.0,560,0.3421,3,0.009992,0
13656,2022,36,34,11680.0,622,0.2914,1,0.038881,0
13657,2022,48,58,3067.0,616,0.2312,2,0.061289,0
13658,2023,12,49,5385.0,633,0.0925,1,0.040849,0
13659,2021,36,39,8512.0,590,0.2332,2,0.031698,0
13660,2021,24,40,3789.0,685,0.2729,3,0.128131,0
13661,2022,24,52,6892.0,708,0.2609,2,0.23832,0
13662,2022,60,43,4832.0,543,0.4374,2,0.020172,0
13663,2022,12,53,8912.0,524,0.3255,3,0.004849,0
13664,2023,12,22,2588.0,556,0.3812,4,0.012021,0
13665,2021,36,42,2829.0,623,0.4874,2,0.115537,0
13666,2023,24,32,5652.0,648,0.173,1,0.107101,0
13667,2022,24,55,5157.0,683,0.2977,1,0.174021,0
13668,2021,36,53,4778.0,697,0.3387,3,0.112364,0
13669,2022,36,38,6555.0,648,0.5312,2,0.140026,0
13670,2023,24,53,3086.0,638,0.1465,1,0.089955,0
13671,2021,36,55,2478.0,751,0.4413,1,0.519932,0
13672,2023,36,38,3827.0,620,0.5441,1,0.144278,0
13673,2022,60,62,4048.0,667,0.308,2,0.105151,0
13674,2022,48,37,4265.0,645,0.3642,1,0.123687,0
13675,2022,24,35,9270.0,606,0.1416,1,0.024691,0
13676,2022,36,46,7224.0,606,0.1142,1,0.025401,0
13677,2022,36,34,6416.0,725,0.317,3,0.250324,0
13678,2022,12,38,5492.0,612,0.579,1,0.106959,0
13679,2023,36,52,3956.0,591,0.3901,1,0.046306,0
13680,2021,36,38,3207.0,561,0.4795,1,0.051843,0
13681,2023,24,22,2701.0,653,0.1761,1,0.13412,0
13682,2022,24,41,3473.0,579,0.1026,1,0.014366,0
13683,2022,24,31,4810.0,646,0.4314,1,0.150288,1
13684,2022,36,46,2759.0,634,0.5705,3,0.148328,0
13685,2022,12,44,5350.0,585,0.1167,2,0.015143,0
13686,2022,60,52,4459.0,508,0.6815,1,0.027905,0
13687,2021,12,47,4029.0,537,0.4521,1,0.017665,0
13688,2021,24,48,8785.0,550,0.353,4,0.004338,0
13689,2021,12,31,1436.0,539,0.3069,2,0.0134,0
13690,2023,24,46,4057.0,656,0.3563,4,0.055233,0
13691,2021,12,57,1516.0,790,0.4477,4,0.646393,1
13692,2023,36,31,5537.0,579,0.191,1,0.020919,0
13693,2021,60,55,7195.0,589,0.1491,2,0.013535,0
13694,2023,24,32,2501.0,573,0.216,3,0.013556,0
13695,2022,60,29,2666.0,688,0.391,1,0.379756,1
13696,2022,24,40,2102.0,654,0.165,2,0.070427,0
13697,2022,48,45,5074.0,618,0.2298,1,0.044974,0
13698,2023,36,47,4145.0,522,0.2001,2,0.004458,0
13699,2023,24,28,4276.0,542,0.3766,1,0.022581,0
13700,2021,36,42,4089.0,634,0.0305,3,0.027382,0
13701,2022,48,31,3021.0,637,0.5264,2,0.151119,0
13702,2023,24,23,8655.0,618,0.1699,2,0.056608,0
13703,2021,36,28,5632.0,673,0.5732,1,0.297745,0
13704,2022,36,30,2718.0,522,0.4495,2,0.013761,0
13705,2023,24,43,3462.0,644,0.6008,3,0.168305,1
13706,2022,36,49,3178.0,639,0.1269,1,0.096828,0
13707,2021,36,23,9927.0,543,0.3987,4,0.006073,0
13708,2021,12,41,7014.0,571,0.4166,1,0.012275,0
13709,2023,36,26,4614.0,675,0.5715,1,0.368887,0
13710,2022,36,44,11540.0,528,0.3361,1,0.004141,0
13711,2022,36,31,10158.0,817,0.5549,4,0.821299,1
13712,2021,36,27,4379.0,664,0.4649,1,0.198294,0
13713,2022,36,45,4003.0,615,0.3338,2,0.041459,0
13714,2023,36,32,4100.0,599,0.3514,1,0.044317,0
13715,2021,36,34,3052.0,683,0.155,3,0.119902,0
13716,2022,48,22,11696.0,587,0.1671,4,0.008032,0
13717,2023,48,47,2971.0,590,0.0635,4,0.00714,0
13718,2022,36,46,7587.0,736,0.2589,1,0.393756,0
13719,2022,24,38,6941.0,582,0.32,3,0.013635,0
13720,2021,12,22,4220.0,630,0.175,2,0.078524,0
13721,2023,36,50,12149.0,559,0.2216,3,0.006741,0
13722,2022,60,31,2254.0,640,0.3469,1,0.149286,0
13723,2021,24,33,4723.0,666,0.4397,1,0.218001,0
13724,2023,36,61,3849.0,754,0.2426,2,0.41969,0
13725,2022,48,30,7945.0,545,0.4276,4,0.009689,0
13726,2021,36,45,5865.0,504,0.3928,1,0.006498,0
13727,2023,36,43,2072.0,598,0.3015,4,0.023352,0
13728,2023,24,41,9134.0,570,0.1352,2,0.011628,0
13729,2023,12,40,6265.0,618,0.1103,2,0.035131,0
13730,2023,24,41,2929.0,661,0.2896,1,0.137123,0
13731,2021,48,40,4126.0,801,0.3334,3,0.469162,0
13732,2021,12,37,2566.0,583,0.3091,1,0.082451,0
13733,2022,24,53,4512.0,443,0.181,2,0.001282,0
13734,2021,12,24,5298.0,600,0.5179,2,0.06065,0
13735,2023,36,48,4158.0,648,0.1115,4,0.025194,0
13736,2021,36,46,3924.0,542,0.3638,3,0.007489,0
13737,2021,60,44,2194.0,638,0.1512,1,0.062638,0
13738,2021,60,49,5817.0,630,0.3246,4,0.045611,0
13739,2022,60,37,1878.0,640,0.1034,1,0.103548,0
13740,2023,60,22,4992.0,683,0.256,1,0.174399,0
13741,2022,36,37,1999.0,613,0.3252,4,0.046315,0
13742,2021,36,28,5040.0,663,0.2302,2,0.177092,0
13743,2022,36,30,4900.0,476,0.0839,1,0.003264,0
13744,2023,12,25,6013.0,543,0.5054,1,0.019524,0
13745,2021,24,33,7564.0,592,0.1884,2,0.014331,0
13746,2021,24,32,8298.0,539,0.3703,4,0.006504,0
13747,2023,36,22,2197.0,620,0.0689,4,0.01985,0
13748,2021,24,45,4774.0,592,0.2193,2,0.030764,0
13749,2023,24,60,13433.0,583,0.1788,1,0.018813,0
13750,2022,60,44,5216.0,690,0.483,2,0.341339,1
13751,2023,24,35,3243.0,626,0.039,2,0.063569,1
13752,2023,24,37,4723.0,533,0.1558,3,0.004735,0
13753,2021,24,33,4057.0,571,0.0872,4,0.010104,0
13754,2023,24,38,2729.0,680,0.4281,4,0.200973,0
13755,2021,24,37,7590.0,635,0.3085,2,0.067365,0
13756,2021,48,29,6583.0,715,0.2954,3,0.342404,0
13757,2021,36,54,2522.0,687,0.348,3,0.13235,0
13758,2022,48,23,4691.0,588,0.6661,2,0.047602,0
13759,2023,36,45,3703.0,734,0.3218,2,0.25434,0
13760,2023,60,36,2207.0,741,0.1406,4,0.2112,0
13761,2021,24,57,2423.0,477,0.2072,1,0.004496,0
13762,2021,36,41,2610.0,622,0.1463,2,0.039909,0
13763,2021,36,34,4773.0,576,0.6038,2,0.042196,0
13764,2022,12,35,3909.0,599,0.1831,3,0.022237,0
13765,2022,36,38,3042.0,554,0.1883,2,0.008948,0
13766,2022,60,26,4040.0,544,0.162,2,0.00929,0
13767,2022,36,30,7142.0,692,0.2414,1,0.295467,0
13768,2023,12,22,5874.0,526,0.2335,1,0.006949,0
13769,2021,48,28,8111.0,627,0.541,2,0.096323,0
13770,2022,12,38,4385.0,512,0.1656,2,0.004946,0
13771,2022,36,41,10952.0,721,0.0644,1,0.171157,0
13772,2021,12,22,5849.0,622,0.0619,2,0.045606,0
13773,2022,24,36,3849.0,679,0.1408,2,0.131111,1
13774,2022,48,43,5149.0,635,0.4933,1,0.133527,0
13775,2022,48,36,2633.0,599,0.4722,3,0.060888,0
13776,2022,24,31,4217.0,625,0.0444,2,0.054348,1
13777,2021,24,33,6094.0,740,0.4192,1,0.526457,1
13778,2022,36,32,6673.0,548,0.3575,2,0.0113,0
13779,2023,48,31,4003.0,416,0.3779,3,0.001017,0
13780,2023,24,39,19282.0,557,0.2626,3,0.002574,0
13781,2023,24,61,4509.0,523,0.3401,1,0.00826,0
13782,2021,60,30,2123.0,697,0.5884,4,0.359632,1
13783,2023,24,34,9015.0,605,0.2907,1,0.064666,1
13784,2021,36,37,6658.0,686,0.3843,1,0.259813,1
13785,2023,24,31,5518.0,622,0.1357,1,0.041677,0
13786,2021,24,48,3895.0,620,0.1725,3,0.032908,0
13787,2021,36,22,5983.0,633,0.3384,2,0.078044,0
13788,2021,24,32,11043.0,738,0.3763,2,0.420727,1
13789,2022,24,46,5436.0,634,0.2734,2,0.06273,0
13790,2021,12,35,2357.0,708,0.1484,2,0.265729,1
13791,2022,24,29,874.0,703,0.5675,1,0.766128,1
13792,2022,24,42,5957.0,606,0.1658,4,0.013659,0
13793,2022,36,47,3002.0,614,0.3002,2,0.028294,0
13794,2021,48,40,4676.0,589,0.1715,3,0.023155,0
13795,2021,36,29,3280.0,722,0.5971,1,0.655914,1
13796,2022,12,42,3164.0,544,0.0134,1,0.011295,0
13797,2021,48,33,3352.0,562,0.0657,3,0.011345,0
13798,2022,12,45,3507.0,597,0.1885,1,0.05838,1
13799,2022,24,52,7245.0,528,0.5937,3,0.014692,0
13800,2023,36,22,6547.0,572,0.1988,2,0.021602,0
13801,2023,36,39,2687.0,710,0.3145,3,0.25496,1
13802,2023,12,22,2876.0,672,0.5397,3,0.121521,0
13803,2021,12,62,5941.0,586,0.2679,1,0.022915,0
13804,2022,60,33,8319.0,684,0.2496,1,0.259602,0
13805,2021,48,45,8255.0,786,0.1372,1,0.608087,0
13806,2021,12,37,2977.0,645,0.1458,1,0.095775,0
13807,2021,36,29,8060.0,733,0.4432,1,0.410745,1
13808,2021,60,28,2022.0,688,0.396,1,0.433272,0
13809,2022,48,53,4441.0,596,0.0351,2,0.017285,0
13810,2023,24,47,6270.0,635,0.7163,2,0.216789,0
13811,2021,60,57,1738.0,662,0.2382,1,0.155019,0
13812,2021,60,38,13995.0,560,0.0934,2,0.003816,0
13813,2022,36,40,9541.0,411,0.2617,2,0.001,0
13814,2023,36,35,6792.0,553,0.3,1,0.029719,0
13815,2022,24,35,3034.0,447,0.2987,3,0.001,0
13816,2023,36,27,4750.0,559,0.5174,1,0.042245,0
13817,2022,24,38,7297.0,483,0.1278,2,0.00342,0
13818,2023,12,30,2804.0,690,0.4166,3,0.236889,0
13819,2021,36,42,4491.0,525,0.0698,4,0.005755,0
13820,2023,24,39,7748.0,663,0.1529,1,0.064377,0
13821,2021,12,40,2328.0,681,0.3919,1,0.263492,0
13822,2021,12,54,5803.0,676,0.6622,2,0.237132,1
13823,2023,24,37,2044.0,470,0.0971,4,0.001,0
13824,2021,24,45,3066.0,709,0.2685,2,0.305668,1
13825,2022,48,58,3819.0,653,0.0412,1,0.06397,0
13826,2022,24,51,6354.0,684,0.0643,2,0.08358,0
13827,2021,12,49,3462.0,766,0.0809,2,0.463146,1
13828,2022,36,34,5233.0,683,0.4731,3,0.174054,0
13829,2021,24,40,3486.0,525,0.2835,3,0.005516,0
13830,2021,12,24,3769.0,672,0.1737,3,0.072943,0
13831,2021,36,42,9185.0,499,0.1195,3,0.001918,0
13832,2021,24,40,2765.0,614,0.3618,3,0.072644,0
13833,2022,24,38,7184.0,579,0.2915,1,0.034835,0
13834,2022,36,48,4912.0,620,0.3934,1,0.121372,0
13835,2023,60,25,3686.0,499,0.3538,2,0.006123,0
13836,2022,60,54,2674.0,508,0.1666,3,0.002551,0
13837,2022,60,47,2771.0,584,0.4463,1,0.032036,0
13838,2023,12,37,3397.0,602,0.0715,1,0.048703,0
13839,2022,48,36,4560.0,585,0.3449,1,0.021231,0
13840,2022,36,42,6646.0,736,0.4173,2,0.294064,0
13841,2022,48,53,4230.0,653,0.1898,1,0.080933,0
13842,2022,48,39,4374.0,651,0.4678,1,0.095451,0
13843,2022,36,39,4713.0,589,0.2029,1,0.037452,0
13844,2022,12,38,6238.0,508,0.262,3,0.005275,0
13845,2022,60,55,6785.0,619,0.2157,3,0.022747,0
13846,2021,36,34,2457.0,764,0.4088,3,0.639931,1
13847,2023,36,37,4268.0,637,0.1066,1,0.1165,0
13848,2022,36,52,9079.0,709,0.3199,2,0.193878,1
13849,2021,36,39,2545.0,719,0.1997,4,0.218784,1
13850,2022,36,49,5101.0,664,0.4349,3,0.099877,0
13851,2021,24,28,4512.0,637,0.2924,2,0.088634,0
13852,2022,36,35,3702.0,540,0.3934,3,0.016078,0
13853,2023,60,52,10888.0,603,0.3613,1,0.042281,0
13854,2021,36,31,5006.0,591,0.3498,3,0.031785,0
13855,2022,24,36,10463.0,646,0.4291,2,0.108517,0
13856,2023,36,40,4929.0,506,0.1432,1,0.00852,0
13857,2021,60,28,6187.0,577,0.3218,4,0.023081,0
13858,2021,48,33,3683.0,652,0.1649,3,0.117567,0
13859,2022,24,39,3703.0,563,0.3159,3,0.013348,0
13860,2021,36,38,6031.0,546,0.3452,2,0.01301,0
13861,2022,24,50,6087.0,556,0.0804,1,0.010235,0
13862,2022,36,53,6628.0,598,0.1216,2,0.020676,0
13863,2022,24,29,5933.0,429,0.249,2,0.00108,0
13864,2023,24,39,2519.0,560,0.2202,2,0.013393,0
13865,2023,24,44,3284.0,696,0.0571,2,0.152118,1
13866,2023,24,53,7517.0,645,0.1553,4,0.044919,0
13867,2021,48,45,1846.0,653,0.1347,4,0.031636,0
13868,2023,48,40,5689.0,473,0.082,3,0.001059,0
13869,2022,48,44,4647.0,586,0.0278,1,0.02557,0
13870,2023,12,44,7516.0,610,0.2714,1,0.033397,0
13871,2021,12,28,6053.0,657,0.3015,2,0.155786,0
13872,2021,24,39,3526.0,708,0.0676,2,0.118702,0
13873,2023,36,52,3447.0,696,0.3644,3,0.222917,0
13874,2021,24,35,3784.0,573,0.3293,1,0.031524,0
13875,2022,48,39,6568.0,575,0.0817,1,0.018498,0
13876,2022,60,35,1554.0,732,0.4561,1,0.53962,0
13877,2021,48,22,5317.0,591,0.2395,1,0.037598,0
13878,2022,24,38,3160.0,533,0.3054,1,0.019889,0
13879,2022,36,41,5407.0,603,0.0645,1,0.042865,0
13880,2022,12,32,5839.0,727,0.3578,4,0.253706,0
13881,2022,12,26,2141.0,547,0.1363,2,0.019735,0
13882,2021,36,29,4388.0,585,0.3107,2,0.036118,0
13883,2022,12,45,5312.0,550,0.5756,3,0.023892,0
13884,2021,36,57,5136.0,696,0.2901,2,0.124793,0
13885,2021,24,51,4623.0,643,0.0717,2,0.036211,0
13886,2021,60,24,2669.0,694,0.1871,2,0.174633,1
13887,2022,36,46,2880.0,745,0.0372,1,0.340794,0
13888,2022,24,31,2468.0,499,0.0594,3,0.002374,0
13889,2021,24,32,6484.0,559,0.1712,2,0.012241,0
13890,2021,60,33,4639.0,585,0.2615,4,0.012455,0
13891,2022,48,45,4789.0,625,0.5211,3,0.078859,0
13892,2021,24,47,2095.0,660,0.2063,1,0.1852,0
13893,2022,36,37,4833.0,580,0.6874,3,0.033133,0
13894,2022,36,37,6747.0,564,0.2666,1,0.037888,0
13895,2022,60,42,1957.0,696,0.1733,1,0.226502,0
13896,2021,60,43,3760.0,663,0.2465,4,0.069785,1
13897,2023,12,49,2241.0,645,0.357,1,0.082149,0
13898,2021,60,25,3983.0,448,0.2607,1,0.003267,0
13899,2022,24,38,3132.0,716,0.2187,4,0.169304,0
13900,2022,60,27,5946.0,634,0.0351,2,0.056333,0
13901,2023,60,37,5349.0,607,0.0815,3,0.019143,0
13902,2022,24,35,9375.0,554,0.379,3,0.0116,0
13903,2023,36,37,4784.0,569,0.219,1,0.031457,0
13904,2022,24,30,5821.0,548,0.2717,1,0.017684,0
13905,2022,24,23,3719.0,460,0.3587,1,0.00635,0
13906,2023,36,22,2831.0,554,0.1581,2,0.017071,0
13907,2023,36,36,7461.0,492,0.3255,4,0.002339,0
13908,2023,24,33,9151.0,615,0.3171,1,0.054831,0
13909,2022,36,31,6994.0,527,0.3138,3,0.008694,0
13910,2021,24,51,5248.0,678,0.2859,3,0.075926,0
13911,2021,36,29,3020.0,486,0.2142,2,0.004944,0
13912,2022,48,52,8698.0,715,0.3579,1,0.262619,0
13913,2021,24,54,6567.0,686,0.4937,3,0.187569,0
13914,2023,24,22,13527.0,534,0.1436,2,0.001726,0
13915,2021,12,38,2759.0,612,0.0837,2,0.029995,0
13916,2022,60,34,7565.0,551,0.0666,2,0.005985,0
13917,2022,36,22,6468.0,666,0.4256,1,0.184788,1
13918,2023,24,23,4142.0,763,0.2517,1,0.464311,1
13919,2022,24,45,9720.0,714,0.1517,2,0.139791,0
13920,2023,48,58,6010.0,564,0.2456,1,0.013923,0
13921,2021,36,47,3077.0,629,0.2358,1,0.077892,0
13922,2022,24,41,4632.0,741,0.2064,1,0.518073,0
13923,2022,48,37,3058.0,661,0.3883,2,0.084141,0
13924,2022,36,54,3888.0,700,0.5361,1,0.381845,0
13925,2021,36,59,6988.0,672,0.0947,2,0.107551,0
13926,2021,12,32,8060.0,626,0.4612,1,0.069918,0
13927,2021,12,22,5490.0,614,0.2812,2,0.040873,0
13928,2023,48,22,3378.0,523,0.2037,2,0.011874,0
13929,2023,24,51,5948.0,558,0.4629,3,0.015251,0
13930,2021,24,37,7056.0,547,0.0624,1,0.009061,0
13931,2021,24,39,1833.0,591,0.0617,3,0.020376,0
13932,2022,48,22,5210.0,627,0.164,1,0.094546,0
13933,2021,60,30,4469.0,611,0.646,1,0.137475,1
13934,2022,24,35,7918.0,637,0.2106,1,0.087339,0
13935,2022,36,40,5960.0,673,0.1092,2,0.136033,0
13936,2022,48,34,6262.0,586,0.3569,3,0.042855,0
13937,2022,60,27,3862.0,679,0.6552,4,0.315687,0
13938,2022,36,30,4919.0,711,0.215,1,0.229864,0
13939,2023,60,50,7878.0,653,0.2068,1,0.116544,0
13940,2021,36,40,4758.0,576,0.238,1,0.018746,0
13941,2021,12,44,5363.0,695,0.3705,1,0.327095,1
13942,2022,36,29,2280.0,658,0.0647,1,0.096056,0
13943,2021,36,22,4749.0,669,0.2424,2,0.201373,0
13944,2023,36,32,1797.0,742,0.1937,2,0.479636,0
13945,2021,12,29,3797.0,676,0.1883,1,0.257115,0
13946,2023,24,41,5073.0,745,0.2815,2,0.34471,1
13947,2021,24,70,7212.0,608,0.3754,3,0.026876,0
13948,2021,60,44,2982.0,585,0.1074,2,0.028329,0
13949,2021,36,65,5924.0,711,0.3749,2,0.305162,1
13950,2022,12,43,10242.0,541,0.0683,1,0.004895,0
13951,2021,36,31,3568.0,771,0.4692,2,0.723776,0
13952,2022,24,41,2268.0,724,0.3442,1,0.357317,0
13953,2022,48,55,5681.0,627,0.3049,3,0.038309,1
13954,2022,36,56,2708.0,716,0.0746,1,0.25388,0
13955,2021,24,32,3263.0,672,0.5574,2,0.263954,0
13956,2021,36,40,7798.0,516,0.0749,1,0.00216,0
13957,2023,48,23,12562.0,554,0.1459,2,0.007455,0
13958,2021,36,46,2980.0,642,0.4522,1,0.118536,0
13959,2021,24,53,3399.0,632,0.4177,2,0.062842,0
13960,2021,60,38,3944.0,724,0.6204,2,0.621333,1
13961,2023,12,31,3737.0,644,0.4186,1,0.213921,1
13962,2021,12,41,12921.0,518,0.3833,4,0.002293,0
13963,2021,24,42,3770.0,576,0.1955,2,0.018441,0
13964,2023,24,38,4049.0,679,0.2776,1,0.173008,0
13965,2022,36,39,11027.0,474,0.2927,3,0.001659,0
13966,2022,24,36,6557.0,507,0.3562,1,0.009148,0
13967,2021,36,47,8046.0,590,0.2609,3,0.011812,0
13968,2022,24,45,3124.0,694,0.365,3,0.142416,1
13969,2022,12,28,3770.0,602,0.368,1,0.15238,0
13970,2021,36,27,2922.0,656,0.1927,2,0.106645,0
13971,2021,24,35,7337.0,620,0.1064,2,0.040816,0
13972,2023,24,45,9069.0,608,0.2046,2,0.033858,0
13973,2021,12,39,3641.0,567,0.1294,2,0.016921,0
13974,2022,48,31,4096.0,687,0.2416,1,0.232438,0
13975,2022,12,40,4187.0,519,0.2035,3,0.003108,1
13976,2022,48,34,2267.0,601,0.1575,4,0.016694,0
13977,2021,24,46,3509.0,711,0.2422,2,0.271199,0
13978,2023,36,41,7235.0,558,0.1428,1,0.006493,0
13979,2023,36,34,3173.0,495,0.3107,3,0.005525,0
13980,2022,36,40,5149.0,450,0.226,1,0.003284,0
13981,2022,12,51,2555.0,673,0.3642,1,0.265668,1
13982,2021,36,32,4573.0,678,0.3633,2,0.227698,1
13983,2021,12,42,3708.0,592,0.189,2,0.022359,0
13984,2021,60,37,2668.0,518,0.2078,2,0.00911,0
13985,2022,36,42,7297.0,608,0.3837,1,0.040824,0
13986,2021,48,31,7505.0,714,0.7311,2,0.652903,0
13987,2021,24,39,3027.0,518,0.4066,1,0.016911,0
13988,2023,36,49,4411.0,704,0.1433,4,0.088103,1
13989,2023,12,28,5025.0,484,0.0727,2,0.00398,0
13990,2023,24,24,1984.0,529,0.189,1,0.015556,0
13991,2022,12,25,2444.0,628,0.044,3,0.046627,0
13992,2023,24,26,9350.0,695,0.1847,2,0.145437,0
13993,2022,12,43,2885.0,737,0.2419,1,0.423636,1
13994,2022,24,23,9220.0,699,0.1145,1,0.171579,1
13995,2023,36,35,2508.0,744,0.1726,1,0.457817,0
13996,2023,24,44,6832.0,634,0.0786,3,0.016757,0
13997,2021,12,42,4206.0,570,0.572,2,0.03508,0
13998,2021,12,34,4513.0,714,0.3944,1,0.401325,0
13999,2021,24,39,12431.0,729,0.5798,1,0.346993,1
14000,2021,12,39,2625.0,694,0.4672,1,0.40354,0
14001,2022,24,35,6617.0,669,0.1805,1,0.191252,1
14002,2022,24,35,6482.0,731,0.3204,4,0.189374,0
14003,2021,24,60,20000.0,647,0.2712,1,0.034127,0
14004,2023,24,46,2868.0,618,0.5649,3,0.098216,0
14005,2021,12,62,3594.0,678,0.3192,1,0.241997,0
14006,2022,12,33,7391.0,658,0.3619,1,0.1345,0
14007,2023,36,37,4446.0,690,0.3878,1,0.348212,0
14008,2022,24,24,3899.0,609,0.1173,1,0.0544,0
14009,2021,24,29,7933.0,692,0.3062,4,0.138673,0
14010,2021,48,57,4301.0,688,0.3265,1,0.249103,1
14011,2022,24,32,3147.0,637,0.351,2,0.081393,0
14012,2022,36,57,7066.0,559,0.2396,1,0.027394,0
14013,2021,60,25,5929.0,719,0.5352,3,0.48167,1
14014,2023,36,27,4203.0,523,0.2804,3,0.011643,0
14015,2021,24,34,4105.0,543,0.2543,1,0.016196,0
14016,2023,24,37,3111.0,633,0.7519,1,0.250515,1
14017,2023,36,47,7062.0,419,0.1193,1,0.001,0
14018,2021,36,42,4105.0,743,0.3061,2,0.452528,1
14019,2021,36,33,3345.0,621,0.0149,2,0.045736,0
14020,2022,36,36,2584.0,743,0.1578,1,0.480277,0
14021,2022,24,34,5979.0,764,0.4257,1,0.721014,0
14022,2022,60,28,3811.0,607,0.4748,2,0.087655,0
14023,2021,24,29,1797.0,727,0.1979,4,0.257751,0
14024,2021,24,48,2693.0,535,0.0504,4,0.00418,0
14025,2022,12,22,4373.0,654,0.1502,3,0.083665,0
14026,2021,60,54,4435.0,582,0.3397,1,0.03269,0
14027,2021,36,34,4351.0,675,0.2597,1,0.180081,1
14028,2021,24,30,4059.0,690,0.5997,3,0.324676,1
14029,2021,48,45,2350.0,607,0.458,3,0.078956,0
14030,2021,12,52,3174.0,663,0.6885,1,0.313777,0
14031,2022,48,49,8883.0,695,0.1521,2,0.135538,0
14032,2021,24,43,8251.0,635,0.0344,1,0.039951,0
14033,2021,48,48,6562.0,823,0.2515,1,0.778732,1
14034,2022,24,22,6278.0,609,0.4288,2,0.072515,0
14035,2022,48,32,7726.0,752,0.1898,2,0.418398,1
14036,2023,12,28,2806.0,711,0.2891,2,0.335453,1
14037,2023,24,50,4996.0,471,0.2011,3,0.001365,0
14038,2022,36,34,2807.0,739,0.6679,3,0.530363,1
14039,2021,36,46,2831.0,705,0.1543,1,0.219589,0
14040,2021,24,43,5908.0,629,0.1998,2,0.029056,0
14041,2023,24,29,7890.0,649,0.3528,1,0.123974,1
14042,2021,24,32,4461.0,659,0.1746,3,0.071376,1
14043,2022,12,50,11209.0,730,0.3204,2,0.18401,0
14044,2023,36,30,5464.0,586,0.1083,1,0.02359,0
14045,2021,12,39,3333.0,746,0.1666,3,0.241864,1
14046,2021,48,30,2854.0,533,0.3412,3,0.00799,0
14047,2022,36,34,8177.0,479,0.1726,4,0.001174,0
14048,2021,24,37,5241.0,667,0.2033,2,0.1698,0
14049,2022,12,30,6891.0,720,0.1686,2,0.286895,1
14050,2023,36,28,1301.0,605,0.1561,2,0.025496,0
14051,2021,60,40,5554.0,438,0.2192,4,0.001,0
14052,2021,36,29,3805.0,500,0.2533,2,0.006956,0
14053,2021,24,29,2448.0,654,0.1679,3,0.113254,0
14054,2022,24,28,4763.0,619,0.3159,3,0.048506,0
14055,2022,36,37,8484.0,722,0.4374,2,0.315565,1
14056,2022,36,47,15262.0,625,0.1032,3,0.015341,0
14057,2021,24,53,5547.0,560,0.5296,3,0.023367,0
14058,2022,48,30,3448.0,644,0.1746,1,0.117352,0
14059,2022,12,59,3345.0,701,0.1069,2,0.136965,1
14060,2023,36,27,7955.0,728,0.2274,4,0.20485,0
14061,2021,60,48,2986.0,611,0.2166,1,0.055609,0
14062,2023,24,30,6709.0,625,0.1721,2,0.047285,0
14063,2023,24,29,5692.0,682,0.2223,3,0.092581,0
14064,2023,12,30,5386.0,560,0.2482,2,0.027412,0
14065,2021,48,37,2244.0,678,0.5497,3,0.2805,0
14066,2021,24,43,4111.0,601,0.3149,3,0.034127,0
14067,2023,36,44,2371.0,613,0.3334,1,0.070788,0
14068,2022,36,28,3662.0,620,0.0494,1,0.050709,0
14069,2022,24,28,7774.0,630,0.3392,3,0.04481,0
14070,2022,36,28,9095.0,773,0.0271,1,0.307566,0
14071,2022,24,36,5470.0,582,0.3093,1,0.046853,0
14072,2022,24,35,3695.0,586,0.3907,2,0.031274,0
14073,2021,24,28,10873.0,735,0.1004,4,0.157605,0
14074,2021,36,40,3671.0,655,0.1769,1,0.161072,0
14075,2023,12,60,2785.0,681,0.2998,3,0.099719,1
14076,2022,24,32,6962.0,537,0.6144,2,0.019883,0
14077,2021,36,33,6179.0,639,0.1605,3,0.026429,0
14078,2022,24,43,3747.0,684,0.4952,2,0.236779,0
14079,2021,24,32,5167.0,566,0.0716,3,0.005716,0
14080,2022,36,44,6131.0,670,0.2358,1,0.155355,0
14081,2022,36,30,5442.0,603,0.1833,2,0.026482,0
14082,2021,36,56,6182.0,568,0.3093,1,0.02035,0
14083,2023,48,41,3817.0,701,0.1727,2,0.15652,0
14084,2021,60,31,6394.0,711,0.0581,3,0.140922,0
14085,2022,12,32,4958.0,630,0.4172,2,0.1132,1
14086,2022,12,32,3882.0,656,0.3042,2,0.075342,0
14087,2023,12,51,4346.0,725,0.4742,4,0.174226,0
14088,2022,24,25,4680.0,588,0.4974,4,0.025572,0
14089,2023,48,31,2386.0,647,0.1168,1,0.103908,1
14090,2023,60,32,3575.0,589,0.183,1,0.031202,0
14091,2022,12,37,5077.0,538,0.2221,2,0.012653,0
14092,2022,12,35,2501.0,588,0.1246,2,0.039662,0
14093,2022,12,23,3605.0,530,0.6765,1,0.032653,0
14094,2022,36,34,16193.0,654,0.121,1,0.053901,0
14095,2021,24,37,2794.0,558,0.1978,1,0.018666,0
14096,2022,36,31,4057.0,508,0.3598,4,0.003914,0
14097,2021,36,44,3239.0,679,0.1082,1,0.125571,0
14098,2022,24,47,4636.0,674,0.0519,1,0.070946,0
14099,2021,48,37,3270.0,593,0.0578,1,0.041505,1
14100,2023,60,40,4352.0,676,0.4214,1,0.361912,0
14101,2021,36,22,3431.0,555,0.1013,1,0.01044,0
14102,2022,48,33,8330.0,590,0.1694,2,0.016197,0
14103,2022,24,48,5120.0,652,0.0686,4,0.044411,0
14104,2023,24,33,2977.0,702,0.1485,1,0.226126,0
14105,2021,12,30,7483.0,589,0.2097,3,0.014141,0
14106,2021,24,60,3044.0,572,0.2534,1,0.020128,0
14107,2021,24,56,2248.0,698,0.6027,1,0.37659,1
14108,2023,12,42,4907.0,669,0.3108,2,0.140508,0
14109,2023,12,49,12754.0,631,0.1266,3,0.009706,0
14110,2021,48,22,1971.0,714,0.4256,2,0.402839,1
14111,2021,48,30,2526.0,775,0.1707,2,0.556155,1
14112,2021,60,33,7160.0,649,0.1915,1,0.098694,0
14113,2021,24,35,3565.0,572,0.2592,3,0.014298,0
14114,2022,48,33,6674.0,659,0.2902,1,0.101794,0
14115,2022,36,22,3233.0,554,0.4146,1,0.03621,0
14116,2021,48,41,5276.0,719,0.4255,1,0.600878,0
14117,2021,36,43,11757.0,563,0.0529,3,0.004165,0
14118,2022,36,54,2705.0,604,0.5717,2,0.081432,0
14119,2021,24,30,8200.0,552,0.083,3,0.005042,0
14120,2021,12,29,6904.0,634,0.1359,2,0.042452,0
14121,2021,48,22,2334.0,637,0.2999,2,0.064902,0
14122,2021,24,35,6499.0,679,0.497,4,0.120293,0
14123,2023,36,47,5097.0,629,0.1428,2,0.032709,0
14124,2021,60,31,5144.0,623,0.1002,2,0.032983,0
14125,2022,48,59,5815.0,574,0.4401,2,0.02856,0
14126,2021,12,35,4125.0,597,0.1338,2,0.026807,0
14127,2023,60,39,5090.0,508,0.1347,4,0.001869,0
14128,2021,60,24,5545.0,731,0.2518,1,0.500614,0
14129,2021,36,40,7137.0,612,0.1432,1,0.066827,0
14130,2022,48,22,2290.0,751,0.2992,1,0.608836,1
14131,2023,24,44,9372.0,610,0.3481,3,0.054634,0
14132,2021,48,45,2758.0,467,0.1482,4,0.001097,0
14133,2021,24,51,7193.0,583,0.2724,1,0.041043,0
14134,2022,24,27,5114.0,619,0.128,1,0.059442,0
14135,2022,36,39,2590.0,625,0.4228,1,0.178587,0
14136,2022,12,43,6400.0,674,0.1686,1,0.119507,0
14137,2023,12,42,3063.0,633,0.2584,1,0.077798,0
14138,2022,60,29,8387.0,593,0.2333,1,0.038948,0
14139,2022,12,22,3445.0,546,0.1109,2,0.009412,0
14140,2021,36,41,2327.0,587,0.3949,2,0.026453,0
14141,2023,12,36,10582.0,668,0.3848,3,0.053301,0
14142,2022,24,32,5381.0,688,0.2037,2,0.141585,0
14143,2021,36,45,7582.0,566,0.1743,1,0.021642,0
14144,2022,36,37,3211.0,700,0.3584,3,0.280018,0
14145,2021,24,24,1909.0,665,0.1633,3,0.069435,0
14146,2021,24,22,11357.0,549,0.3481,3,0.009273,0
14147,2023,12,26,4899.0,639,0.3901,2,0.104314,0
14148,2021,48,61,6283.0,649,0.2943,2,0.052015,0
14149,2021,36,45,6825.0,534,0.2993,1,0.014544,0
14150,2021,12,39,4156.0,511,0.135,4,0.002541,0
14151,2022,24,36,5503.0,657,0.3728,3,0.09324,0
14152,2021,24,35,10905.0,583,0.2857,1,0.022198,0
14153,2023,12,49,4836.0,740,0.4665,1,0.460867,1
14154,2022,24,33,7872.0,757,0.3962,1,0.435082,0
14155,2023,60,43,1816.0,657,0.1569,3,0.094087,0
14156,2023,24,34,8620.0,696,0.3927,2,0.210103,0
14157,2022,36,57,2296.0,538,0.3643,3,0.01201,0
14158,2022,48,45,8141.0,513,0.2321,1,0.003812,0
14159,2022,24,50,5975.0,608,0.2863,1,0.056037,0
14160,2022,48,32,4685.0,517,0.2704,3,0.006267,0
14161,2021,12,48,4676.0,644,0.3286,2,0.083013,0
14162,2022,24,34,4331.0,557,0.4604,1,0.045277,0
14163,2022,12,39,3261.0,635,0.2765,2,0.054861,0
14164,2022,36,54,4434.0,606,0.3246,2,0.065107,0
14165,2021,12,27,14824.0,670,0.5304,2,0.139906,0
14166,2022,24,40,9425.0,646,0.1841,1,0.067442,0
14167,2021,48,42,3180.0,587,0.1439,4,0.01413,0
14168,2023,36,43,5619.0,510,0.0156,1,0.004538,0
14169,2022,36,33,5156.0,633,0.0897,1,0.071091,0
14170,2023,12,58,4577.0,480,0.0313,3,0.001513,0
14171,2021,24,25,2977.0,719,0.1753,1,0.274918,0
14172,2022,24,52,6142.0,662,0.408,3,0.084735,0
14173,2022,36,50,7503.0,687,0.516,1,0.26244,0
14174,2022,36,57,3239.0,542,0.1388,2,0.006955,0
14175,2022,24,22,13066.0,648,0.2001,1,0.081984,0
14176,2022,48,29,10520.0,566,0.2897,3,0.009898,0
14177,2022,24,52,6465.0,631,0.3411,4,0.029663,0
14178,2023,36,22,2655.0,540,0.1631,1,0.018044,0
14179,2023,12,22,6007.0,613,0.2686,3,0.053537,0
14180,2021,12,33,5659.0,509,0.0977,1,0.008005,0
14181,2022,48,39,6352.0,607,0.3042,2,0.048834,0
14182,2021,24,53,10886.0,488,0.1816,1,0.001743,0
14183,2021,12,36,4501.0,759,0.1945,1,0.439363,1
14184,2022,36,31,13683.0,632,0.1102,1,0.034913,0
14185,2021,24,41,6022.0,620,0.157,2,0.045633,0
14186,2021,36,42,4250.0,674,0.2127,2,0.162738,1
14187,2023,24,42,16313.0,516,0.4882,1,0.006991,0
14188,2021,36,36,7442.0,557,0.0479,3,0.006645,0
14189,2021,36,22,3915.0,662,0.1557,1,0.138424,0
14190,2023,12,28,5126.0,632,0.184,1,0.056166,0
14191,2023,24,52,6752.0,562,0.1266,1,0.013255,0
14192,2022,48,39,4558.0,671,0.3505,3,0.105633,0
14193,2022,36,34,5255.0,644,0.2237,2,0.091427,0
14194,2021,36,49,3266.0,660,0.4379,3,0.077947,0
14195,2022,12,26,2116.0,651,0.3598,2,0.14593,1
14196,2021,36,35,5183.0,565,0.5003,1,0.046084,0
14197,2021,36,39,5271.0,613,0.0605,2,0.040752,0
14198,2022,48,33,6397.0,471,0.1523,2,0.002605,0
14199,2021,24,39,3685.0,579,0.6442,1,0.068883,0
14200,2021,48,36,2514.0,600,0.2667,2,0.049527,0
14201,2021,36,24,3033.0,670,0.4953,2,0.308152,0
14202,2022,36,39,8332.0,660,0.3923,4,0.07973,1
14203,2021,24,24,3522.0,559,0.2286,2,0.0176,0
14204,2022,12,39,3940.0,558,0.5024,3,0.024866,0
14205,2023,24,51,4204.0,724,0.2761,2,0.447941,1
14206,2021,12,35,3606.0,596,0.5204,2,0.087418,0
14207,2022,24,26,3475.0,629,0.149,1,0.068637,0
14208,2022,12,36,3179.0,682,0.1672,1,0.225314,0
14209,2023,36,29,9900.0,613,0.3116,3,0.030411,0
14210,2023,12,43,6905.0,607,0.3056,1,0.056409,0
14211,2022,12,36,9172.0,594,0.4547,3,0.033827,0
14212,2022,36,55,10144.0,579,0.222,1,0.0305,0
14213,2021,36,49,1518.0,631,0.4612,2,0.145065,0
14214,2022,36,36,5836.0,474,0.0365,4,0.001,0
14215,2023,24,45,3666.0,591,0.2117,3,0.01942,0
14216,2021,36,34,8590.0,663,0.2947,2,0.085684,0
14217,2021,36,38,3392.0,653,0.3575,2,0.131577,0
14218,2023,24,34,2901.0,732,0.3575,1,0.671854,0
14219,2021,12,45,2399.0,686,0.5251,2,0.309331,0
14220,2021,48,52,4225.0,652,0.2339,2,0.055904,0
14221,2021,24,45,7766.0,622,0.27,3,0.032133,0
14222,2021,60,47,5586.0,583,0.299,1,0.025402,0
14223,2022,48,47,2694.0,660,0.3931,1,0.16454,1
14224,2022,24,43,14419.0,645,0.2925,3,0.032156,1
14225,2022,24,26,6801.0,590,0.1267,1,0.028201,1
14226,2023,24,55,7250.0,550,0.3906,3,0.005857,0
14227,2023,36,56,9344.0,615,0.4981,1,0.081933,0
14228,2022,24,35,2164.0,712,0.1733,3,0.137806,0
14229,2023,36,34,3116.0,628,0.2155,4,0.026789,0
14230,2023,36,44,7417.0,622,0.2016,3,0.02645,0
14231,2021,36,43,3277.0,653,0.0918,2,0.092639,0
14232,2022,36,35,4283.0,658,0.315,1,0.097433,0
14233,2021,60,25,4727.0,639,0.4124,1,0.152301,0
14234,2021,36,41,2595.0,616,0.0483,2,0.030887,0
14235,2021,24,43,4103.0,579,0.5798,2,0.042477,0
14236,2022,24,45,7764.0,700,0.0275,1,0.113593,0
14237,2022,60,41,7078.0,585,0.1074,2,0.014785,0
14238,2022,48,35,8574.0,745,0.1595,1,0.372673,1
14239,2022,12,47,8143.0,632,0.0053,1,0.062775,0
14240,2022,36,38,6021.0,624,0.1053,2,0.030916,0
14241,2022,24,33,5787.0,680,0.3811,2,0.226132,0
14242,2021,48,36,5578.0,567,0.1554,3,0.009903,0
14243,2023,12,22,3592.0,665,0.4595,2,0.287337,1
14244,2022,48,36,2937.0,629,0.4929,4,0.111419,0
14245,2021,36,44,3481.0,652,0.1165,1,0.084459,0
14246,2022,12,41,4175.0,565,0.4999,1,0.050032,0
14247,2022,12,53,3541.0,564,0.1322,1,0.016101,0
14248,2021,60,35,6045.0,473,0.1477,1,0.001832,0
14249,2022,12,42,5437.0,583,0.453,1,0.072528,0
14250,2023,48,45,5737.0,579,0.1491,2,0.021231,0
14251,2022,36,61,5859.0,566,0.2042,3,0.012645,0
14252,2021,12,39,8936.0,610,0.3263,2,0.028259,0
14253,2021,36,27,4894.0,625,0.2549,2,0.066007,0
14254,2021,12,46,8137.0,659,0.2494,3,0.081413,0
14255,2022,48,56,6363.0,665,0.0524,1,0.083521,0
14256,2022,48,34,8646.0,672,0.2816,2,0.145025,0
14257,2023,12,46,11018.0,675,0.0511,1,0.10922,0
14258,2022,12,50,6557.0,642,0.6298,2,0.09601,1
14259,2022,12,48,5176.0,624,0.3137,1,0.093996,0
14260,2021,24,39,5160.0,694,0.1036,1,0.176071,1
14261,2022,12,31,3885.0,675,0.5566,3,0.134465,0
14262,2021,24,37,3820.0,501,0.2199,2,0.002168,0
14263,2023,24,42,7716.0,606,0.2781,3,0.020452,0
14264,2022,36,47,3036.0,475,0.2525,2,0.003965,0
14265,2022,24,41,11019.0,474,0.161,1,0.00173,0
14266,2022,36,34,4556.0,579,0.205,1,0.031225,0
14267,2022,24,43,20000.0,609,0.2995,3,0.014389,0
14268,2021,24,46,3475.0,586,0.3326,1,0.046414,0
14269,2022,60,41,5570.0,477,0.1571,2,0.001951,0
14270,2021,24,29,4122.0,682,0.2546,3,0.201085,0
14271,2023,48,36,3306.0,563,0.0519,1,0.008015,0
14272,2022,48,47,8366.0,659,0.3702,3,0.109594,0
14273,2023,36,24,2828.0,565,0.2927,1,0.024561,0
14274,2023,36,22,3505.0,580,0.0223,1,0.023211,0
14275,2022,60,53,6589.0,654,0.4416,1,0.107423,0
14276,2021,12,43,7133.0,592,0.0541,3,0.008275,0
14277,2022,36,44,2451.0,633,0.192,3,0.039277,0
14278,2021,36,27,6574.0,642,0.2178,3,0.066151,0
14279,2021,24,45,5242.0,505,0.1844,1,0.005216,0
14280,2023,24,40,3106.0,658,0.4066,4,0.084146,0
14281,2022,48,22,3313.0,544,0.3147,1,0.017757,0
14282,2021,60,52,1778.0,531,0.1677,1,0.008393,0
14283,2022,48,39,11600.0,561,0.0846,1,0.010926,0
14284,2022,12,34,8166.0,685,0.1877,2,0.125684,0
14285,2021,24,34,2580.0,491,0.4195,3,0.004372,0
14286,2021,48,22,7328.0,672,0.4992,2,0.172687,1
14287,2023,36,43,3689.0,647,0.097,3,0.046412,0
14288,2021,48,40,7765.0,625,0.4245,2,0.107431,0
14289,2022,48,36,3835.0,639,0.5909,1,0.243419,1
14290,2021,36,50,4098.0,596,0.0456,2,0.039206,0
14291,2021,24,24,4255.0,674,0.1921,3,0.123439,0
14292,2022,36,32,3538.0,585,0.3147,2,0.027481,0
14293,2022,12,29,9894.0,490,0.2483,1,0.003851,0
14294,2022,48,35,7702.0,613,0.245,2,0.065147,0
14295,2021,36,38,5193.0,684,0.3843,3,0.122183,0
14296,2022,24,42,8203.0,659,0.3282,3,0.045596,0
14297,2022,48,34,2179.0,765,0.1991,1,0.45888,1
14298,2023,36,29,2659.0,599,0.0574,2,0.041559,0
14299,2022,36,54,6231.0,607,0.4211,3,0.03833,0
14300,2022,36,62,7099.0,601,0.358,1,0.048969,0
14301,2023,36,39,5652.0,557,0.213,2,0.010579,0
14302,2023,36,30,1917.0,582,0.3235,2,0.040317,0
14303,2022,12,52,2889.0,536,0.0926,2,0.009008,0
14304,2021,36,23,6053.0,436,0.0396,1,0.001097,0
14305,2022,36,34,16535.0,573,0.3634,1,0.009894,0
14306,2023,12,31,9036.0,621,0.2737,1,0.043185,0
14307,2023,36,26,10815.0,670,0.3135,2,0.139283,1
14308,2023,48,35,5825.0,573,0.3096,3,0.013903,0
14309,2023,36,29,5804.0,574,0.1519,3,0.017096,0
14310,2021,24,38,2931.0,702,0.1024,3,0.169027,0
14311,2021,24,38,7910.0,513,0.4641,2,0.006785,0
14312,2022,24,31,4738.0,606,0.2414,3,0.027852,0
14313,2021,36,34,6949.0,696,0.4523,1,0.389838,0
14314,2021,36,35,4991.0,563,0.2332,2,0.019217,0
14315,2023,36,46,5651.0,497,0.1935,1,0.005417,0
14316,2023,36,36,4704.0,756,0.6152,1,0.683303,1
14317,2023,36,46,5499.0,683,0.0361,2,0.070899,0
14318,2023,24,43,8103.0,686,0.4008,1,0.198299,0
14319,2022,12,43,2609.0,612,0.2582,2,0.076689,0
14320,2021,24,51,2330.0,671,0.2502,1,0.196463,0
14321,2022,12,26,6081.0,420,0.49,1,0.002201,0
14322,2023,48,33,10100.0,585,0.7025,1,0.052376,0
14323,2023,48,55,11457.0,695,0.1387,1,0.0551,0
14324,2023,60,35,2665.0,508,0.1846,1,0.007034,0
14325,2023,12,22,4018.0,593,0.1622,3,0.02144,0
14326,2022,60,35,2346.0,645,0.2166,1,0.088515,0
14327,2022,24,39,3732.0,557,0.1297,2,0.011874,0
14328,2021,36,22,8616.0,620,0.3084,1,0.042109,0
14329,2021,36,51,4883.0,650,0.0619,4,0.027431,0
14330,2022,60,30,4077.0,644,0.3541,2,0.138188,0
14331,2022,12,41,6455.0,587,0.123,2,0.016257,0
14332,2023,36,35,3303.0,553,0.5288,3,0.01785,0
14333,2022,24,25,10900.0,651,0.1502,2,0.053004,0
14334,2022,60,27,4933.0,647,0.2707,1,0.098881,0
14335,2021,36,28,4020.0,643,0.5544,2,0.150027,1
14336,2022,12,48,6591.0,629,0.6075,3,0.086903,0
14337,2023,36,36,7861.0,647,0.0901,4,0.025482,0
14338,2021,36,32,10916.0,690,0.1441,1,0.111317,0
14339,2022,60,28,4425.0,644,0.1184,2,0.050154,0
14340,2022,48,49,8459.0,627,0.1241,4,0.023907,0
14341,2022,36,52,5170.0,577,0.5782,2,0.066774,0
14342,2021,24,49,3620.0,730,0.6477,3,0.456031,1
14343,2022,48,42,3333.0,530,0.3244,2,0.011039,0
14344,2022,60,40,2840.0,603,0.6378,2,0.089254,0
14345,2022,36,25,3392.0,579,0.5037,2,0.040796,0
14346,2022,24,35,8586.0,473,0.0732,3,0.001,0
14347,2021,36,31,6998.0,648,0.4193,3,0.103348,0
14348,2022,36,22,2642.0,603,0.2658,3,0.057405,0
14349,2023,24,48,2052.0,622,0.4794,4,0.098226,0
14350,2023,24,31,2818.0,605,0.6843,3,0.050355,0
14351,2023,36,49,3333.0,680,0.7046,3,0.29231,0
14352,2023,48,46,4223.0,690,0.2336,1,0.196501,1
14353,2022,48,43,8835.0,531,0.1837,1,0.005951,0
14354,2021,36,44,3737.0,761,0.6194,1,0.777939,1
14355,2022,12,31,11387.0,600,0.1968,1,0.051784,0
14356,2021,36,56,2122.0,667,0.5335,2,0.176267,0
14357,2021,24,38,4129.0,634,0.27,1,0.125885,0
14358,2022,48,41,7279.0,628,0.5203,2,0.061484,0
14359,2021,36,31,7507.0,664,0.21,3,0.058306,0
14360,2022,60,28,4155.0,725,0.195,1,0.306331,1
14361,2023,48,42,8110.0,682,0.6256,1,0.42435,1
14362,2021,36,40,7377.0,600,0.5581,1,0.054089,0
14363,2022,36,30,3494.0,613,0.1582,2,0.066915,0
14364,2021,12,23,5753.0,574,0.1144,2,0.011775,0
14365,2022,36,25,6987.0,677,0.4347,1,0.308754,1
14366,2023,12,49,3622.0,667,0.3092,2,0.146307,0
14367,2023,36,31,11466.0,592,0.5003,3,0.036217,0
14368,2022,48,34,3237.0,726,0.2866,1,0.457843,1
14369,2021,24,52,5282.0,705,0.3157,1,0.303927,0
14370,2021,36,26,2631.0,765,0.479,2,0.700153,1
14371,2021,12,30,5175.0,556,0.1151,3,0.011735,0
14372,2021,24,30,2883.0,611,0.3378,3,0.044582,0
14373,2023,48,54,4243.0,604,0.2603,2,0.053249,0
14374,2023,12,57,2223.0,828,0.1557,1,0.772778,1
14375,2023,24,45,7331.0,620,0.4579,1,0.096645,0
14376,2022,24,45,5873.0,721,0.34,3,0.122877,0
14377,2022,60,32,8465.0,702,0.5684,1,0.323433,0
14378,2021,36,57,4130.0,613,0.4038,4,0.029131,1
14379,2022,36,40,8664.0,624,0.4967,1,0.097043,0
14380,2022,48,46,5012.0,661,0.5558,3,0.100559,0
14381,2022,36,36,5201.0,720,0.5128,1,0.538037,0
14382,2021,36,35,14144.0,606,0.4497,4,0.023921,0
14383,2022,36,54,3857.0,579,0.6078,2,0.08267,0
14384,2021,24,43,9079.0,694,0.074,1,0.143331,1
14385,2022,24,52,6247.0,528,0.237,1,0.007499,0
14386,2022,12,40,3692.0,640,0.6271,1,0.328589,0
14387,2021,60,29,2546.0,704,0.4623,4,0.216053,0
14388,2021,24,32,2932.0,654,0.2613,1,0.177674,0
14389,2023,36,39,8650.0,574,0.4164,4,0.011429,0
14390,2022,12,31,11698.0,539,0.2635,3,0.009365,0
14391,2022,36,26,5145.0,714,0.6089,3,0.382111,1
14392,2022,36,50,5281.0,605,0.1835,3,0.020005,0
14393,2021,48,32,7246.0,547,0.1409,3,0.004983,0
14394,2022,48,39,5098.0,711,0.0901,1,0.192064,0
14395,2023,24,40,8517.0,684,0.2832,4,0.070272,0
14396,2021,24,32,5686.0,535,0.2643,2,0.009187,0
14397,2023,36,52,5259.0,821,0.3544,3,0.736657,0
14398,2022,48,26,3465.0,576,0.1052,3,0.009528,0
14399,2021,36,40,3064.0,682,0.0557,3,0.163225,1
14400,2023,60,40,1013.0,778,0.1763,2,0.649693,1
14401,2022,36,37,9109.0,691,0.0225,1,0.116521,0
14402,2023,24,25,4567.0,640,0.0262,3,0.025097,0
14403,2021,60,46,4023.0,505,0.1244,1,0.003589,0
14404,2021,36,45,1852.0,783,0.794,2,0.922438,1
14405,2021,36,31,3569.0,689,0.4151,3,0.236085,1
14406,2023,36,45,3341.0,506,0.1164,3,0.001994,0
14407,2023,24,41,3303.0,743,0.3984,1,0.536477,1
14408,2021,60,25,5805.0,624,0.1718,2,0.038762,0
14409,2023,12,29,5225.0,597,0.165,2,0.036097,0
14410,2021,24,49,2488.0,574,0.5676,4,0.037149,0
14411,2023,36,41,2569.0,633,0.4502,2,0.116212,0
14412,2022,36,32,2566.0,684,0.5241,1,0.375297,0
14413,2023,36,29,12152.0,580,0.2112,1,0.022493,0
14414,2022,48,32,10367.0,630,0.1277,2,0.051028,0
14415,2023,12,33,3209.0,850,0.346,1,0.936365,1
14416,2022,60,29,1829.0,658,0.3394,3,0.171669,0
14417,2023,36,22,5240.0,697,0.3745,2,0.286178,0
14418,2022,12,49,5031.0,543,0.2764,1,0.012362,0
14419,2021,24,47,5759.0,511,0.2702,2,0.004283,0
14420,2022,24,25,7120.0,737,0.1722,1,0.305993,0
14421,2021,24,39,6160.0,714,0.1855,2,0.194656,0
14422,2022,36,28,2812.0,757,0.3026,2,0.557163,1
14423,2022,24,35,5693.0,613,0.1039,1,0.04678,0
14424,2023,24,34,7532.0,720,0.4536,2,0.50542,0
14425,2022,24,33,3422.0,415,0.3344,1,0.001643,0
14426,2023,12,58,5710.0,663,0.0757,1,0.112615,0
14427,2022,60,33,3728.0,702,0.7644,2,0.560686,0
14428,2022,36,29,13334.0,564,0.3207,1,0.017123,0
14429,2022,60,30,2532.0,704,0.2052,3,0.202699,1
14430,2022,36,48,8760.0,605,0.1886,2,0.031964,0
14431,2022,60,22,2132.0,613,0.4234,2,0.102337,1
14432,2021,36,30,12046.0,599,0.3855,2,0.028549,0
14433,2022,60,52,2777.0,746,0.2416,3,0.460146,1
14434,2022,48,40,5404.0,583,0.1026,1,0.013685,0
14435,2023,12,39,2176.0,573,0.2479,1,0.037313,0
14436,2022,24,59,2502.0,551,0.364,2,0.01943,0
14437,2021,36,40,7699.0,590,0.1372,3,0.016233,0
14438,2023,36,30,8218.0,635,0.2219,2,0.060932,0
14439,2022,36,35,5540.0,671,0.3181,1,0.215316,0
14440,2021,12,26,7119.0,559,0.091,4,0.011091,0
14441,2021,24,50,8287.0,649,0.3718,1,0.121326,0
14442,2022,60,43,3491.0,668,0.5243,3,0.146361,0
14443,2022,36,49,2442.0,545,0.0571,4,0.005145,0
14444,2023,36,50,4881.0,625,0.0663,2,0.024341,0
14445,2022,12,33,3683.0,613,0.0952,1,0.043085,0
14446,2022,24,28,5969.0,625,0.2799,2,0.054359,0
14447,2022,36,37,6464.0,577,0.2884,2,0.025858,0
14448,2022,48,29,3495.0,609,0.114,1,0.031208,1
14449,2022,36,39,6989.0,622,0.6001,4,0.035093,0
14450,2022,24,49,6816.0,769,0.2417,4,0.229501,1
14451,2022,36,36,7056.0,623,0.654,2,0.105492,0
14452,2023,24,39,4008.0,727,0.4555,3,0.276665,0
14453,2021,36,37,7259.0,733,0.3733,4,0.218749,0
14454,2023,12,46,6374.0,514,0.1914,2,0.00644,0
14455,2021,12,31,6769.0,596,0.1863,2,0.028275,0
14456,2021,36,22,11372.0,733,0.2257,2,0.187001,0
14457,2021,36,42,5790.0,634,0.5138,2,0.120076,0
14458,2021,12,47,3628.0,610,0.0588,4,0.018913,0
14459,2021,60,42,2821.0,680,0.3232,1,0.233693,1
14460,2023,60,31,8638.0,705,0.1958,2,0.141161,1
14461,2021,36,26,5876.0,617,0.4257,1,0.111388,0
14462,2023,36,42,11328.0,597,0.4587,3,0.015311,0
14463,2022,36,39,1782.0,430,0.2753,1,0.001562,0
14464,2022,24,36,7749.0,623,0.3904,2,0.054976,0
14465,2022,36,56,4313.0,589,0.0643,2,0.011562,0
14466,2021,24,28,4118.0,539,0.527,1,0.030414,0
14467,2022,48,55,3353.0,603,0.4162,3,0.029937,0
14468,2023,12,38,7706.0,586,0.3347,2,0.029935,0
14469,2021,36,22,6679.0,633,0.3669,1,0.125323,0
14470,2021,12,36,2776.0,597,0.2794,1,0.043875,0
14471,2022,12,47,5337.0,655,0.2689,2,0.093761,0
14472,2022,24,34,6996.0,633,0.1903,2,0.051833,0
14473,2021,36,23,5372.0,721,0.1317,4,0.113093,0
14474,2021,36,36,8552.0,577,0.1584,2,0.011366,0
14475,2023,24,29,4251.0,762,0.2312,2,0.373978,0
14476,2023,24,42,1592.0,705,0.5901,3,0.414655,1
14477,2021,48,45,5396.0,738,0.5843,2,0.41403,0
14478,2021,36,27,5379.0,640,0.0517,2,0.034528,0
14479,2023,60,30,5742.0,597,0.3233,4,0.02267,0
14480,2022,48,45,8548.0,576,0.3903,3,0.019388,0
14481,2022,24,29,1852.0,760,0.1924,1,0.685478,1
14482,2023,60,27,4362.0,707,0.1559,1,0.350336,0
14483,2023,48,26,3098.0,539,0.5336,1,0.047954,0
14484,2022,24,41,2686.0,698,0.4642,3,0.270535,1
14485,2023,36,41,4740.0,553,0.1795,4,0.004305,0
14486,2022,24,31,6981.0,645,0.3685,1,0.085493,0
14487,2023,36,38,5713.0,686,0.309,4,0.112849,0
14488,2022,36,53,3485.0,736,0.4491,1,0.501432,0
14489,2021,60,28,4570.0,639,0.4163,1,0.216184,0
14490,2022,48,22,7824.0,609,0.1128,2,0.025712,0
14491,2021,12,42,6916.0,623,0.3059,1,0.061212,0
14492,2023,48,36,3728.0,705,0.2944,4,0.165458,0
14493,2022,24,30,3609.0,683,0.019,1,0.12557,0
14494,2021,36,44,2083.0,618,0.0696,1,0.051931,0
14495,2022,24,46,3965.0,470,0.2556,4,0.001174,0
14496,2021,12,22,2063.0,425,0.1931,2,0.001171,0
14497,2022,24,31,13815.0,638,0.4598,1,0.078646,0
14498,2023,24,61,3205.0,525,0.1903,1,0.007195,0
14499,2022,60,43,8557.0,577,0.071,2,0.01162,0
14500,2021,36,44,12198.0,601,0.1061,3,0.013903,0
14501,2021,60,49,5476.0,786,0.0251,3,0.323531,0
14502,2021,12,38,4675.0,629,0.0695,1,0.045866,0
14503,2021,36,45,2537.0,677,0.1864,1,0.253391,1
14504,2021,36,45,3819.0,660,0.3739,2,0.092869,0
14505,2021,24,43,10960.0,426,0.2641,4,0.001,0
14506,2021,24,34,5858.0,588,0.3974,3,0.018775,0
14507,2021,36,39,4985.0,522,0.1584,2,0.006628,0
14508,2023,48,32,9472.0,758,0.4321,1,0.364846,0
14509,2021,24,38,6961.0,474,0.1581,1,0.002584,0
14510,2022,36,26,4564.0,586,0.3381,1,0.053008,0
14511,2023,60,30,5476.0,599,0.5376,1,0.075652,0
14512,2021,36,35,3347.0,541,0.3932,2,0.021142,0
14513,2021,24,28,3713.0,628,0.5721,1,0.143355,1
14514,2021,24,32,4433.0,616,0.3043,3,0.039574,0
14515,2021,24,36,6495.0,633,0.5603,4,0.097925,1
14516,2021,36,42,2634.0,660,0.6236,2,0.36805,0
14517,2022,60,47,5106.0,638,0.2299,1,0.068521,0
14518,2021,24,33,4044.0,650,0.5165,2,0.147443,0
14519,2022,24,51,3132.0,708,0.3809,2,0.254952,1
14520,2021,60,47,4055.0,488,0.1709,3,0.003222,0
14521,2022,12,43,1540.0,675,0.1249,4,0.056646,0
14522,2022,60,39,3365.0,536,0.217,1,0.012396,0
14523,2021,48,41,2836.0,568,0.3199,1,0.016031,0
14524,2023,24,49,4273.0,629,0.2847,4,0.02915,0
14525,2023,24,50,1572.0,652,0.5364,1,0.387784,0
14526,2021,12,51,5407.0,662,0.2277,1,0.200424,0
14527,2022,36,38,7744.0,544,0.1764,2,0.008492,0
14528,2022,48,43,4635.0,750,0.175,3,0.376066,0
14529,2022,12,51,6307.0,586,0.2045,2,0.016978,0
14530,2022,24,31,3803.0,562,0.4785,2,0.049212,0
14531,2021,36,34,2259.0,518,0.286,3,0.007445,0
14532,2023,36,38,4919.0,510,0.2486,4,0.00354,0
14533,2021,36,46,6906.0,508,0.3254,4,0.002347,0
14534,2022,36,47,2535.0,645,0.1271,1,0.110694,1
14535,2022,24,35,3895.0,668,0.5108,4,0.272911,0
14536,2023,48,22,4344.0,550,0.1165,3,0.010481,0
14537,2023,12,40,20000.0,528,0.2465,2,0.001863,0
14538,2022,60,28,5496.0,603,0.3923,1,0.031725,0
14539,2023,24,23,1895.0,627,0.1725,4,0.028711,0
14540,2022,36,25,1675.0,641,0.1817,1,0.104863,0
14541,2021,48,41,7082.0,542,0.5374,4,0.007891,0
14542,2022,24,51,17026.0,606,0.0282,1,0.010277,0
14543,2022,24,38,4271.0,745,0.5012,1,0.599581,0
14544,2022,36,40,4145.0,524,0.4799,2,0.019379,0
14545,2021,24,49,6096.0,617,0.1146,3,0.012677,0
14546,2023,24,22,3297.0,659,0.3329,4,0.081754,0
14547,2023,24,43,1377.0,542,0.2715,3,0.01383,0
14548,2023,36,37,8255.0,668,0.2627,1,0.068845,0
14549,2022,24,43,3617.0,512,0.4281,3,0.005853,0
14550,2023,24,33,8309.0,670,0.2178,1,0.168527,0
14551,2022,36,29,3359.0,623,0.5527,1,0.176073,0
14552,2023,12,39,5223.0,506,0.73,2,0.023442,0
14553,2022,36,54,7536.0,675,0.4426,1,0.172395,0
14554,2023,36,46,8393.0,548,0.1811,2,0.005491,0
14555,2021,60,32,5522.0,607,0.1829,2,0.026669,0
14556,2023,36,24,5386.0,670,0.392,2,0.273419,0
14557,2021,24,22,6700.0,542,0.2983,3,0.008414,0
14558,2022,48,51,6199.0,577,0.1984,1,0.019051,0
14559,2022,24,28,2577.0,710,0.3007,1,0.394979,0
14560,2022,48,34,2602.0,454,0.6008,1,0.010865,0
14561,2022,36,51,1712.0,733,0.2749,2,0.500724,1
14562,2022,36,22,7210.0,502,0.3211,2,0.007527,0
14563,2023,48,52,4032.0,564,0.1463,1,0.010528,0
14564,2021,12,35,7406.0,642,0.5804,1,0.164583,0
14565,2022,24,26,6014.0,668,0.0539,1,0.086391,1
14566,2022,12,35,2977.0,643,0.1991,1,0.090444,0
14567,2022,36,30,4628.0,623,0.2541,1,0.070711,0
14568,2022,12,42,3915.0,585,0.6064,4,0.052259,0
14569,2022,36,31,3624.0,744,0.1992,2,0.293918,0
14570,2022,60,22,7767.0,681,0.4145,2,0.126565,1
14571,2022,24,35,17247.0,714,0.2756,1,0.130699,0
14572,2023,24,24,8588.0,586,0.8133,3,0.038823,0
14573,2023,48,40,4849.0,433,0.3881,3,0.001349,0
14574,2023,36,26,9226.0,701,0.2407,2,0.168104,0
14575,2021,36,33,11573.0,648,0.411,3,0.085339,0
14576,2021,36,39,2450.0,634,0.6148,1,0.153727,0
14577,2021,24,35,9067.0,574,0.1805,2,0.010174,0
14578,2023,12,40,7222.0,592,0.5036,1,0.083249,1
14579,2021,48,44,8902.0,572,0.2166,2,0.012965,0
14580,2022,48,26,7381.0,623,0.5773,2,0.108541,1
14581,2022,24,37,4386.0,529,0.0541,4,0.002523,0
14582,2021,24,22,13581.0,681,0.2303,1,0.097535,0
14583,2023,24,40,5824.0,782,0.4666,1,0.776902,1
14584,2021,24,34,3955.0,572,0.1485,4,0.01145,0
14585,2022,60,28,6330.0,492,0.3446,4,0.004775,0
14586,2022,60,41,7992.0,611,0.1615,2,0.026946,0
14587,2022,60,49,5153.0,645,0.4241,2,0.06621,0
14588,2022,24,33,5982.0,656,0.3007,2,0.100707,0
14589,2022,48,28,5137.0,748,0.2962,1,0.534884,1
14590,2022,24,39,3533.0,685,0.1702,1,0.256446,0
14591,2021,60,24,3259.0,475,0.3481,1,0.008518,0
14592,2021,48,31,2437.0,521,0.1447,1,0.008676,0
14593,2021,24,50,10499.0,652,0.4267,2,0.069962,0
14594,2022,36,38,4395.0,583,0.2083,1,0.026957,0
14595,2023,24,22,886.0,741,0.2157,2,0.463401,1
14596,2021,36,22,5993.0,545,0.3673,2,0.041038,0
14597,2022,48,39,5931.0,696,0.4077,3,0.234619,0
14598,2021,12,46,1933.0,568,0.2909,1,0.015261,0
14599,2022,24,22,3242.0,640,0.2326,1,0.121017,0
14600,2021,48,42,3171.0,553,0.3761,1,0.045622,0
14601,2022,12,51,3391.0,664,0.342,2,0.13355,0
14602,2021,24,56,9013.0,705,0.0946,1,0.160862,0
14603,2021,60,41,4562.0,640,0.3051,4,0.050714,0
14604,2022,24,43,3969.0,772,0.4359,2,0.555363,0
14605,2022,24,22,8614.0,562,0.5256,3,0.020439,0
14606,2022,48,58,6296.0,627,0.3157,4,0.025544,0
14607,2022,60,32,2058.0,687,0.1904,1,0.234006,1
14608,2021,36,28,3611.0,544,0.2414,2,0.012485,0
14609,2022,12,35,5773.0,624,0.3642,4,0.038319,1
14610,2023,48,53,3081.0,673,0.1578,3,0.130934,0
14611,2021,24,60,13559.0,694,0.0735,1,0.046639,0
14612,2021,60,39,5200.0,711,0.1934,4,0.166109,0
14613,2022,12,47,3372.0,550,0.2499,1,0.022014,0
14614,2023,12,38,2803.0,643,0.0934,1,0.105218,0
14615,2023,60,27,7815.0,514,0.2601,2,0.004512,0
14616,2022,24,52,3555.0,562,0.5548,2,0.034395,0
14617,2021,60,31,5943.0,606,0.4077,3,0.058797,0
14618,2021,36,53,2763.0,711,0.3947,1,0.461757,1
14619,2021,36,50,5090.0,662,0.0995,2,0.070426,0
14620,2021,48,44,3576.0,623,0.1141,3,0.027364,0
14621,2023,36,56,4198.0,655,0.1743,3,0.061602,1
14622,2022,48,60,3301.0,661,0.2542,2,0.0991,1
14623,2022,24,36,8208.0,649,0.1999,3,0.060045,0
14624,2022,60,29,3845.0,573,0.183,2,0.017132,0
14625,2023,12,22,4575.0,543,0.2184,2,0.011639,0
14626,2022,48,60,4686.0,602,0.4095,2,0.066563,0
14627,2022,36,33,11005.0,556,0.3738,1,0.018283,0
14628,2022,24,49,7671.0,669,0.025,1,0.046768,0
14629,2022,36,30,7298.0,742,0.3242,2,0.483635,1
14630,2023,60,53,2233.0,665,0.2749,1,0.193963,0
14631,2023,24,30,3540.0,475,0.2166,2,0.004192,0
14632,2021,36,26,8904.0,569,0.3822,1,0.02152,0
14633,2022,12,35,2737.0,621,0.1397,1,0.044213,0
14634,2021,24,32,5126.0,505,0.393,2,0.007664,0
14635,2022,24,43,2885.0,622,0.2234,1,0.064317,0
14636,2021,36,37,3034.0,657,0.259,2,0.095691,0
14637,2021,24,44,11389.0,732,0.2349,3,0.132689,0
14638,2023,48,35,7042.0,765,0.1318,1,0.363617,1
14639,2022,12,31,8035.0,524,0.1833,3,0.002489,0
14640,2021,12,32,7273.0,610,0.0685,2,0.014975,0
14641,2023,48,58,4584.0,611,0.2876,3,0.029087,0
14642,2022,24,40,3478.0,562,0.2244,2,0.012413,0
14643,2021,60,22,4020.0,627,0.4476,2,0.122181,0
14644,2022,24,32,4465.0,613,0.246,3,0.057012,0
14645,2021,36,38,11946.0,669,0.3185,1,0.099949,0
14646,2023,36,56,2520.0,728,0.2892,1,0.446246,1
14647,2022,36,48,3726.0,630,0.0746,1,0.074942,0
14648,2023,24,28,3114.0,580,0.2105,3,0.020911,0
14649,2021,36,62,8336.0,537,0.1733,1,0.006235,0
14650,2022,24,37,12418.0,783,0.0356,2,0.378243,0
14651,2021,36,50,5735.0,692,0.1195,2,0.096966,1
14652,2022,36,26,5976.0,651,0.226,4,0.041379,0
14653,2021,36,22,5144.0,606,0.1753,4,0.018082,0
14654,2023,36,23,6116.0,748,0.6236,3,0.598278,0
14655,2021,60,22,7234.0,607,0.2677,2,0.020812,0
14656,2022,36,59,6080.0,483,0.1281,1,0.003052,0
14657,2021,36,40,6307.0,641,0.3859,1,0.079296,0
14658,2022,60,28,7242.0,521,0.2409,3,0.003482,0
14659,2022,12,42,2020.0,641,0.2513,4,0.050118,0
14660,2021,24,39,4920.0,727,0.0778,2,0.221979,1
14661,2023,24,44,5725.0,486,0.1437,3,0.002115,0
14662,2021,24,50,6052.0,548,0.4101,3,0.009099,0
14663,2022,36,35,4512.0,689,0.2909,4,0.132416,0
14664,2022,12,29,5326.0,580,0.2011,3,0.008957,0
14665,2021,24,46,3429.0,653,0.2709,1,0.109878,0
14666,2022,24,46,2023.0,653,0.2192,2,0.129016,0
14667,2021,36,39,8035.0,691,0.1014,1,0.156705,0
14668,2022,24,59,2787.0,568,0.0955,1,0.028839,0
14669,2022,36,33,4536.0,415,0.145,1,0.001087,0
14670,2022,12,29,3379.0,651,0.1243,2,0.047867,0
14671,2022,36,42,10867.0,494,0.5012,2,0.005566,0
14672,2021,36,31,4723.0,694,0.3132,3,0.148108,0
14673,2023,48,42,4208.0,616,0.2864,3,0.083827,0
14674,2021,48,29,7143.0,596,0.0634,1,0.039674,0
14675,2021,24,33,14447.0,675,0.1084,1,0.051916,0
14676,2022,12,56,6020.0,480,0.1786,3,0.001649,0
14677,2023,36,33,4070.0,603,0.3202,4,0.022323,0
14678,2021,36,30,6963.0,655,0.229,4,0.03728,1
14679,2022,24,49,2239.0,640,0.0927,1,0.124187,0
14680,2021,36,27,5030.0,580,0.142,1,0.026763,0
14681,2023,24,31,13319.0,581,0.1707,4,0.007676,0
14682,2021,24,43,5318.0,743,0.1409,1,0.382741,0
14683,2021,24,47,5187.0,693,0.2546,2,0.156313,0
14684,2022,24,50,4966.0,566,0.4455,1,0.030034,0
14685,2023,36,30,4033.0,727,0.1656,1,0.238729,1
14686,2023,48,43,5752.0,680,0.486,1,0.23907,0
14687,2022,60,33,7242.0,659,0.2894,1,0.140426,0
14688,2022,24,31,4163.0,662,0.4381,1,0.212616,0
14689,2021,24,50,1415.0,528,0.2912,3,0.008593,0
14690,2021,36,32,6203.0,740,0.019,2,0.201581,0
14691,2022,48,40,14279.0,696,0.3563,4,0.061754,0
14692,2021,48,39,4072.0,639,0.378,2,0.064775,0
14693,2021,24,27,2355.0,639,0.4311,2,0.245139,1
14694,2022,12,47,6896.0,612,0.5886,2,0.055249,0
14695,2021,24,43,11754.0,574,0.287,4,0.00568,0
14696,2021,24,22,6404.0,662,0.2655,3,0.123439,0
14697,2022,24,40,11642.0,556,0.2677,4,0.007476,0
14698,2021,24,30,7309.0,632,0.2855,3,0.077432,0
14699,2021,12,48,6998.0,627,0.3663,2,0.063232,0
14700,2021,36,23,3793.0,650,0.1005,1,0.089709,0
14701,2022,12,34,5669.0,695,0.4797,1,0.439269,0
14702,2021,60,41,4843.0,652,0.5179,1,0.213656,0
14703,2021,48,38,4761.0,675,0.3416,2,0.109216,0
14704,2023,12,45,4329.0,464,0.6235,2,0.006585,0
14705,2023,36,22,5502.0,656,0.3896,3,0.08228,1
14706,2021,36,54,2570.0,626,0.1861,3,0.034516,0
14707,2021,36,43,7375.0,649,0.1562,1,0.064237,0
14708,2021,36,51,3169.0,577,0.2658,1,0.013334,0
14709,2022,24,46,4337.0,712,0.5146,1,0.307708,1
14710,2022,36,37,5798.0,640,0.0537,2,0.044649,0
14711,2022,48,25,3091.0,560,0.3482,1,0.029913,0
14712,2023,24,32,1839.0,574,0.0882,1,0.02533,0
14713,2023,60,53,4058.0,692,0.3236,2,0.26745,0
14714,2021,24,51,2403.0,613,0.4156,2,0.07002,0
14715,2021,60,31,7017.0,619,0.4645,1,0.061114,0
14716,2021,24,22,2761.0,604,0.3159,2,0.073842,0
14717,2021,24,35,10328.0,700,0.3564,1,0.231355,1
14718,2021,60,35,4901.0,658,0.2307,3,0.110155,0
14719,2023,24,35,5062.0,525,0.2821,2,0.009194,0
14720,2023,36,43,1826.0,541,0.1029,2,0.009637,0
14721,2022,12,46,5284.0,620,0.4302,3,0.071475,0
14722,2023,36,47,4722.0,568,0.1742,1,0.018171,0
14723,2023,12,42,2567.0,447,0.1978,1,0.0015,0
14724,2021,36,22,5134.0,560,0.2837,1,0.037646,0
14725,2022,48,34,4028.0,597,0.0738,2,0.026755,0
14726,2021,24,61,4410.0,587,0.2786,3,0.019505,0
14727,2023,24,41,4979.0,677,0.264,4,0.076098,0
14728,2022,36,41,3883.0,441,0.4108,3,0.001116,0
14729,2022,36,41,5559.0,558,0.5773,2,0.02482,0
14730,2023,24,42,4707.0,683,0.1916,2,0.167013,0
14731,2021,12,22,6225.0,566,0.1215,1,0.025301,0
14732,2022,24,35,3773.0,523,0.3649,1,0.009046,0
14733,2022,36,37,2886.0,565,0.257,1,0.037362,0
14734,2022,36,50,3448.0,655,0.3931,2,0.087167,1
14735,2021,24,38,10110.0,599,0.0391,1,0.017327,0
14736,2021,24,22,7927.0,562,0.5336,1,0.040071,0
14737,2022,48,42,9015.0,658,0.5161,1,0.303167,1
14738,2023,12,29,9333.0,649,0.143,1,0.051482,0
14739,2021,48,25,3893.0,518,0.318,1,0.010773,0
14740,2022,24,29,5698.0,627,0.1992,1,0.036142,0
14741,2021,60,43,5105.0,516,0.3366,1,0.01381,0
14742,2022,12,50,6835.0,713,0.4258,3,0.319739,0
14743,2022,24,42,4253.0,718,0.3004,1,0.389934,0
14744,2022,24,44,5149.0,596,0.3909,1,0.03295,0
14745,2021,48,42,5096.0,705,0.2915,1,0.28557,0
14746,2022,36,39,6413.0,559,0.1528,1,0.019467,0
14747,2023,24,44,6822.0,608,0.2689,1,0.046059,0
14748,2022,60,22,5150.0,573,0.4351,2,0.025313,0
14749,2022,24,39,5229.0,618,0.4308,1,0.113104,0
14750,2022,24,27,5502.0,625,0.5284,1,0.156237,0
14751,2021,24,49,11196.0,619,0.3366,1,0.072638,0
14752,2021,48,36,2069.0,612,0.1327,3,0.035113,0
14753,2023,36,38,3026.0,630,0.1566,3,0.087688,0
14754,2023,48,22,6883.0,720,0.1577,2,0.275167,0
14755,2023,24,48,5625.0,459,0.2157,1,0.001954,0
14756,2021,36,44,5605.0,773,0.264,2,0.398039,0
14757,2022,24,43,6862.0,591,0.2,2,0.01617,0
14758,2021,24,29,5470.0,613,0.1283,3,0.023634,0
14759,2021,48,30,3716.0,726,0.0685,1,0.301746,1
14760,2022,12,40,6730.0,668,0.2843,4,0.080036,0
14761,2021,36,31,4966.0,662,0.4564,1,0.16774,0
14762,2021,36,42,3929.0,719,0.223,3,0.287321,0
14763,2021,36,22,6941.0,606,0.4032,3,0.030034,0
14764,2022,24,33,6806.0,693,0.4953,3,0.164963,0
14765,2022,36,55,5472.0,519,0.1596,1,0.011522,0
14766,2022,24,42,11598.0,653,0.2926,1,0.050222,0
14767,2021,36,39,9542.0,664,0.3001,2,0.062675,1
14768,2021,36,57,8111.0,711,0.2524,3,0.108503,0
14769,2022,24,22,17733.0,676,0.4425,2,0.090844,0
14770,2021,24,29,4568.0,636,0.0914,3,0.05173,0
14771,2021,36,33,3896.0,594,0.206,1,0.055588,0
14772,2023,36,46,7557.0,593,0.0991,2,0.021236,0
14773,2022,12,46,4332.0,594,0.2442,2,0.02836,0
14774,2021,36,29,4944.0,516,0.2237,1,0.010788,0
14775,2023,36,47,3002.0,759,0.2233,2,0.446212,0
14776,2022,24,33,6656.0,699,0.4007,1,0.404098,0
14777,2022,24,50,2355.0,640,0.2627,3,0.057753,0
14778,2023,36,27,4683.0,685,0.2975,1,0.277155,0
14779,2022,24,36,4877.0,680,0.2792,3,0.127325,0
14780,2021,60,33,3952.0,540,0.3331,1,0.019092,0
14781,2023,24,48,2041.0,670,0.0472,2,0.086146,0
14782,2023,36,32,2034.0,721,0.0873,1,0.386616,0
14783,2023,24,37,3384.0,565,0.112,1,0.013447,0
14784,2021,24,43,6435.0,497,0.2485,3,0.002643,0
14785,2023,36,43,5679.0,527,0.3149,2,0.005174,0
14786,2021,12,46,4875.0,612,0.2508,1,0.041409,0
14787,2021,36,40,3158.0,522,0.3805,1,0.009304,0
14788,2023,48,33,5829.0,606,0.1211,2,0.021194,0
14789,2022,48,34,1999.0,567,0.1869,3,0.016023,0
14790,2023,36,38,1483.0,619,0.1256,1,0.051273,0
14791,2022,48,40,4352.0,579,0.803,2,0.115919,0
14792,2022,24,36,3740.0,617,0.2379,2,0.040506,0
14793,2021,48,38,8157.0,668,0.2932,1,0.163533,0
14794,2022,36,22,5319.0,543,0.4832,2,0.020295,0
14795,2022,24,44,11219.0,642,0.1573,3,0.023405,0
14796,2023,24,39,3736.0,551,0.4129,4,0.013153,0
14797,2023,60,48,6269.0,619,0.3715,4,0.031608,0
14798,2023,60,38,4332.0,613,0.4538,3,0.035098,0
14799,2022,60,22,9807.0,648,0.3189,1,0.133847,1
14800,2021,36,34,4438.0,634,0.4332,1,0.135582,0
14801,2021,24,36,7534.0,719,0.2115,3,0.202408,0
14802,2021,36,45,2867.0,617,0.4067,2,0.075619,0
14803,2022,24,22,3993.0,569,0.6537,1,0.106913,0
14804,2022,48,38,4713.0,694,0.3077,2,0.238821,0
14805,2021,60,43,9244.0,646,0.191,3,0.055165,0
14806,2021,36,31,1638.0,690,0.1644,1,0.238157,1
14807,2022,24,38,4162.0,610,0.1655,2,0.034526,0
14808,2021,36,31,4092.0,515,0.4336,1,0.011135,0
14809,2022,48,30,1740.0,799,0.045,1,0.623521,0
14810,2021,24,33,3897.0,571,0.155,3,0.015242,0
14811,2023,12,30,2275.0,527,0.2674,3,0.005894,0
14812,2021,36,44,1533.0,677,0.3883,3,0.143005,0
14813,2021,36,30,4311.0,544,0.3341,2,0.023513,0
14814,2021,36,28,4238.0,588,0.114,1,0.031567,0
14815,2022,12,55,4348.0,629,0.2218,1,0.075193,0
14816,2023,24,47,5577.0,608,0.2153,2,0.042343,0
14817,2022,12,22,3166.0,590,0.6257,1,0.108771,0
14818,2023,60,30,12033.0,747,0.2211,1,0.331005,0
14819,2022,48,40,4834.0,611,0.4865,2,0.057019,0
14820,2022,36,41,9351.0,548,0.3565,1,0.022674,0
14821,2023,24,23,2122.0,698,0.1573,4,0.097012,0
14822,2021,24,49,3238.0,562,0.1312,4,0.008132,0
14823,2022,36,46,6927.0,611,0.3195,1,0.048802,0
14824,2022,24,42,4388.0,547,0.0227,1,0.008834,0
14825,2021,36,51,2874.0,636,0.3127,2,0.104967,1
14826,2023,12,42,1960.0,623,0.5295,1,0.193074,0
14827,2021,60,42,7091.0,617,0.3056,2,0.045878,0
14828,2021,24,53,6808.0,632,0.6121,2,0.141791,0
14829,2021,36,49,5551.0,685,0.2436,2,0.104322,0
14830,2022,48,29,3835.0,676,0.1736,2,0.111161,0
14831,2023,36,44,2817.0,536,0.243,1,0.021638,0
14832,2021,60,31,4786.0,566,0.4943,1,0.042307,0
14833,2022,24,43,2546.0,693,0.0526,1,0.334489,1
14834,2023,36,42,3375.0,557,0.1093,1,0.010536,0
14835,2022,24,24,9234.0,659,0.2743,3,0.079102,0
14836,2023,12,36,1948.0,687,0.256,4,0.142676,0
14837,2021,36,40,6896.0,488,0.3509,3,0.002275,0
14838,2022,36,33,10374.0,587,0.0857,1,0.019016,0
14839,2022,36,41,7392.0,685,0.6147,2,0.37666,1
14840,2023,48,46,5998.0,608,0.1824,2,0.020675,0
14841,2021,48,37,3898.0,587,0.062,4,0.007862,0
14842,2021,24,40,3558.0,686,0.1906,2,0.218916,0
14843,2023,60,51,1597.0,708,0.358,3,0.217902,1
14844,2023,60,42,5007.0,565,0.283,1,0.023807,0
14845,2021,36,40,4019.0,761,0.4506,1,0.753514,1
14846,2022,48,28,3467.0,477,0.2631,1,0.006436,0
14847,2021,36,44,4866.0,499,0.1964,1,0.00647,0
14848,2022,48,41,5070.0,583,0.2207,2,0.015081,0
14849,2022,36,50,3577.0,593,0.0962,2,0.013812,0
14850,2021,36,38,11010.0,596,0.3368,1,0.036189,0
14851,2022,36,22,7082.0,577,0.4274,2,0.035642,0
14852,2022,24,22,7694.0,561,0.3885,2,0.020383,0
14853,2021,24,45,4667.0,602,0.0561,1,0.037478,0
14854,2022,36,32,6346.0,572,0.5478,2,0.036698,0
14855,2021,24,42,3141.0,674,0.2506,1,0.147842,0
14856,2023,36,39,6858.0,622,0.3197,2,0.07152,0
14857,2023,24,36,4437.0,602,0.0721,2,0.018548,0
14858,2023,36,37,2948.0,614,0.5807,2,0.114613,0
14859,2023,24,29,4859.0,709,0.1808,2,0.226191,0
14860,2021,24,37,4247.0,581,0.2579,3,0.018857,0
14861,2021,24,32,15702.0,518,0.2858,4,0.001709,0
14862,2023,12,34,6110.0,541,0.1419,2,0.007368,0
14863,2022,36,34,10828.0,601,0.4152,1,0.043006,0
14864,2023,24,35,8653.0,658,0.2293,4,0.027628,0
14865,2021,24,47,5008.0,690,0.2698,1,0.17007,0
14866,2023,24,36,3937.0,751,0.5567,1,0.537983,1
14867,2022,48,48,2059.0,679,0.1992,3,0.093253,0
14868,2022,36,53,3180.0,549,0.3866,3,0.008919,0
14869,2021,36,46,6846.0,603,0.4633,1,0.118596,0
14870,2023,48,43,4226.0,446,0.1178,2,0.001112,0
14871,2023,24,41,5931.0,595,0.2404,2,0.024324,0
14872,2022,24,46,1781.0,571,0.1311,2,0.011011,0
14873,2021,12,38,6166.0,434,0.4132,2,0.0023,0
14874,2022,48,47,8504.0,788,0.2797,1,0.698126,1
14875,2021,36,44,2023.0,589,0.244,3,0.027972,0
14876,2021,24,34,5918.0,451,0.2049,3,0.001183,0
14877,2023,24,46,9622.0,598,0.0825,3,0.010625,0
14878,2023,60,38,11385.0,752,0.3275,3,0.279779,0
14879,2021,24,36,3821.0,772,0.0945,1,0.532135,0
14880,2022,36,33,7259.0,624,0.2864,3,0.040978,0
14881,2022,60,39,10046.0,627,0.1891,1,0.053462,0
14882,2022,24,47,6007.0,718,0.2108,3,0.176079,1
14883,2022,24,46,9344.0,607,0.4322,1,0.114568,1
14884,2022,48,41,4827.0,656,0.0849,1,0.147131,0
14885,2022,24,43,5986.0,687,0.0355,3,0.037794,0
14886,2023,24,50,3602.0,533,0.6688,2,0.033035,0
14887,2022,24,36,4526.0,742,0.1611,2,0.567411,1
14888,2022,60,26,6105.0,549,0.1097,3,0.009626,0
14889,2021,24,51,3469.0,569,0.261,1,0.021692,0
14890,2022,36,32,4395.0,627,0.0678,1,0.063582,0
14891,2023,12,31,7190.0,695,0.129,1,0.176582,0
14892,2023,36,22,13715.0,674,0.1094,2,0.049766,0
14893,2021,48,43,1764.0,616,0.0346,1,0.043242,0
14894,2022,24,22,13204.0,642,0.2335,3,0.045486,0
14895,2023,48,30,4316.0,705,0.07,3,0.179961,1
14896,2023,48,43,7962.0,620,0.2977,4,0.022861,0
14897,2021,24,45,8783.0,555,0.1915,2,0.007158,0
14898,2021,36,31,10746.0,571,0.4176,4,0.01724,0
14899,2022,24,36,3415.0,692,0.1055,1,0.251516,0
14900,2021,60,29,4391.0,555,0.2495,2,0.014948,0
14901,2022,12,32,4785.0,494,0.0412,2,0.001822,0
14902,2023,36,40,4110.0,595,0.4024,4,0.024724,0
14903,2023,36,32,9503.0,613,0.1111,1,0.024451,0
14904,2021,24,35,4730.0,688,0.276,2,0.280405,0
14905,2023,24,23,2188.0,503,0.2272,1,0.009592,0
14906,2021,36,49,3581.0,647,0.1571,1,0.159485,0
14907,2022,60,43,2232.0,712,0.2929,3,0.17419,1
14908,2021,36,45,4384.0,554,0.1223,1,0.008281,0
14909,2022,24,50,6879.0,626,0.1521,2,0.030242,0
14910,2021,24,29,3543.0,447,0.1886,1,0.002159,0
14911,2023,24,34,4018.0,689,0.2753,4,0.103621,0
14912,2022,36,22,4284.0,683,0.25,1,0.17704,0
14913,2023,24,69,5273.0,618,0.5987,3,0.054563,0
14914,2021,60,36,6362.0,513,0.3329,4,0.003899,0
14915,2022,24,48,7359.0,673,0.2812,3,0.044619,0
14916,2022,12,25,15180.0,600,0.1515,1,0.015662,0
14917,2021,24,47,5228.0,397,0.2827,1,0.001,0
14918,2023,36,56,7100.0,682,0.1846,1,0.074885,0
14919,2023,36,37,2222.0,713,0.3734,1,0.592888,0
14920,2023,36,27,4066.0,727,0.1538,4,0.261501,0
14921,2023,48,36,4293.0,517,0.2559,3,0.005347,0
14922,2022,60,22,2955.0,466,0.3205,2,0.002833,0
14923,2021,12,37,3759.0,587,0.6713,4,0.040463,0
14924,2023,36,46,4658.0,661,0.0146,3,0.03626,0
14925,2021,36,37,3819.0,544,0.4478,2,0.024732,0
14926,2021,48,35,18050.0,492,0.1068,2,0.001626,0
14927,2023,36,43,6350.0,677,0.2846,2,0.103202,0
14928,2021,24,44,13367.0,592,0.6217,3,0.027575,0
14929,2023,24,22,10366.0,669,0.1548,2,0.095721,0
14930,2021,24,38,3570.0,621,0.2104,2,0.065861,0
14931,2021,36,62,5008.0,606,0.3561,1,0.073639,0
14932,2022,24,24,3954.0,614,0.3529,2,0.071742,0
14933,2021,24,37,4533.0,591,0.3499,1,0.04723,0
14934,2022,24,57,3016.0,583,0.0863,1,0.019783,0
14935,2021,36,49,3941.0,531,0.2093,2,0.006665,0
14936,2021,36,32,5883.0,658,0.2437,1,0.10523,1
14937,2023,48,40,5806.0,719,0.2914,2,0.295543,0
14938,2022,36,37,5579.0,579,0.3693,1,0.043366,0
14939,2022,36,30,4770.0,769,0.5202,3,0.577106,1
14940,2023,36,37,7558.0,650,0.274,1,0.10973,0
14941,2023,36,35,4322.0,640,0.443,1,0.154818,0
14942,2022,48,39,9855.0,672,0.2695,2,0.076991,0
14943,2023,36,30,1951.0,698,0.6575,2,0.420665,0
14944,2021,12,25,6825.0,583,0.3025,2,0.037651,0
14945,2021,12,37,6274.0,664,0.0138,3,0.048259,0
14946,2022,24,55,3508.0,703,0.2167,2,0.214684,0
14947,2021,60,38,4115.0,589,0.1115,2,0.020477,0
14948,2022,36,34,6201.0,620,0.3594,2,0.069073,0
14949,2023,24,45,7770.0,558,0.0437,2,0.006002,0
14950,2021,24,36,2049.0,580,0.4073,1,0.049491,0
14951,2022,48,56,6729.0,592,0.5352,1,0.07624,0
14952,2023,48,37,3910.0,547,0.4652,3,0.010873,0
14953,2022,60,45,8627.0,614,0.0661,1,0.031545,0
14954,2023,24,30,1959.0,646,0.275,4,0.071637,0
14955,2021,60,43,16691.0,654,0.2742,1,0.064114,0
14956,2021,24,40,3156.0,555,0.1395,2,0.013536,0
14957,2021,24,37,10047.0,571,0.2586,4,0.008373,0
14958,2021,48,32,4748.0,688,0.2995,1,0.17821,1
14959,2021,48,31,3264.0,571,0.345,3,0.01883,0
14960,2022,36,40,5611.0,685,0.0726,2,0.140405,0
14961,2022,48,44,8222.0,561,0.2707,2,0.02073,0
14962,2023,36,36,2261.0,650,0.3849,1,0.209122,1
14963,2021,36,40,6980.0,680,0.5603,1,0.299806,0
14964,2022,12,37,4885.0,408,0.4678,1,0.002415,0
14965,2021,12,38,6559.0,689,0.4695,3,0.242321,0
14966,2022,36,35,4942.0,724,0.3267,1,0.334058,1
14967,2022,48,38,3693.0,595,0.2922,3,0.027561,1
14968,2022,36,64,2817.0,647,0.1459,1,0.175801,0
14969,2021,12,41,6880.0,552,0.1951,3,0.008314,0
14970,2022,36,44,6861.0,649,0.4208,1,0.140644,0
14971,2022,36,42,6844.0,816,0.166,1,0.657608,1
14972,2023,48,35,6086.0,444,0.3552,1,0.002323,0
14973,2023,24,50,7882.0,579,0.4939,3,0.022118,0
14974,2022,24,35,9927.0,683,0.0826,2,0.179592,0
14975,2021,60,48,1923.0,720,0.175,2,0.277775,0
14976,2023,48,34,1524.0,509,0.2567,3,0.006152,0
14977,2021,12,28,11602.0,568,0.4397,3,0.022387,0
14978,2021,60,41,2514.0,573,0.3079,1,0.020534,0
14979,2022,36,26,2855.0,567,0.3309,1,0.024958,0
14980,2022,12,43,4256.0,610,0.1297,1,0.04041,0
14981,2023,24,26,2150.0,505,0.3027,3,0.006643,0
14982,2022,12,34,4061.0,599,0.6068,1,0.054334,0
14983,2022,36,23,3059.0,545,0.3668,1,0.048494,0
14984,2021,24,66,4374.0,614,0.1561,1,0.033513,0
14985,2023,12,22,5653.0,563,0.2347,1,0.016371,0
14986,2022,48,38,4139.0,606,0.353,1,0.074001,0
14987,2022,12,49,4036.0,537,0.1988,1,0.026477,0
14988,2021,36,48,5591.0,696,0.2227,2,0.109561,0
14989,2022,48,46,8285.0,593,0.2323,1,0.034989,0
14990,2021,48,34,10954.0,621,0.238,2,0.017517,0
14991,2021,48,51,4406.0,608,0.2487,2,0.037006,0
14992,2021,24,47,12240.0,620,0.1035,3,0.007337,0
14993,2021,12,40,7619.0,620,0.4829,1,0.08922,0
14994,2022,24,40,2654.0,684,0.4864,4,0.238143,0
14995,2021,12,34,2616.0,597,0.2107,2,0.044587,0
14996,2023,48,28,3683.0,562,0.2382,4,0.01556,0
14997,2021,36,50,10120.0,623,0.1977,2,0.033017,0
14998,2021,48,51,3825.0,570,0.4665,1,0.044174,0
14999,2023,36,29,1908.0,614,0.3893,1,0.097563,0
15000,2021,48,36,4383.0,535,0.1414,1,0.012303,0
